#
# There is insufficient memory for the Java Runtime Environment to continue.
# Native memory allocation (malloc) failed to allocate 1713936 bytes. Error detail: Chunk::new
# Possible reasons:
#   The system is out of physical RAM or swap space
#   This process is running with CompressedOops enabled, and the Java Heap may be blocking the growth of the native heap
# Possible solutions:
#   Reduce memory load on the system
#   Increase physical memory or swap space
#   Check if swap backing store is full
#   Decrease Java heap size (-Xmx/-Xms)
#   Decrease number of Java threads
#   Decrease Java thread stack sizes (-Xss)
#   Set larger code cache with -XX:ReservedCodeCacheSize=
#   JVM is running with Zero Based Compressed Oops mode in which the Java heap is
#     placed in the first 32GB address space. The Java Heap base address is the
#     maximum limit for the native heap growth. Please use -XX:HeapBaseMinAddress
#     to set the Java Heap base and to place the Java Heap above 32GB virtual address.
# This output file may be truncated or incomplete.
#
#  Out of Memory Error (arena.cpp:150), pid=17704, tid=9880
#
# JRE version: Java(TM) SE Runtime Environment (22.0.1+8) (build 22.0.1+8-16)
# Java VM: Java HotSpot(TM) 64-Bit Server VM (22.0.1+8-16, mixed mode, sharing, tiered, compressed oops, compressed class ptrs, g1 gc, windows-amd64)
# No core dump will be written. Minidumps are not enabled by default on client versions of Windows
#

---------------  S U M M A R Y ------------

Command Line: -Xmx4G --module-path=libraries/cpw/mods/bootstraplauncher/1.1.2/bootstraplauncher-1.1.2.jar;libraries/cpw/mods/securejarhandler/2.1.10/securejarhandler-2.1.10.jar;libraries/org/ow2/asm/asm-commons/9.7.1/asm-commons-9.7.1.jar;libraries/org/ow2/asm/asm-util/9.7.1/asm-util-9.7.1.jar;libraries/org/ow2/asm/asm-analysis/9.7.1/asm-analysis-9.7.1.jar;libraries/org/ow2/asm/asm-tree/9.7.1/asm-tree-9.7.1.jar;libraries/org/ow2/asm/asm/9.7.1/asm-9.7.1.jar;libraries/net/minecraftforge/JarJarFileSystems/0.3.19/JarJarFileSystems-0.3.19.jar --add-modules=ALL-MODULE-PATH --add-opens=java.base/java.util.jar=cpw.mods.securejarhandler --add-opens=java.base/java.lang.invoke=cpw.mods.securejarhandler --add-exports=java.base/sun.security.util=cpw.mods.securejarhandler --add-exports=jdk.naming.dns/com.sun.jndi.dns=java.naming -Djava.net.preferIPv6Addresses=system -DignoreList=bootstraplauncher-1.1.2.jar,securejarhandler-2.1.10.jar,asm-commons-9.7.1.jar,asm-util-9.7.1.jar,asm-analysis-9.7.1.jar,asm-tree-9.7.1.jar,asm-9.7.1.jar,JarJarFileSystems-0.3.19.jar -DlibraryDirectory=libraries -DlegacyClassPath=libraries/cpw/mods/securejarhandler/2.1.10/securejarhandler-2.1.10.jar;libraries/org/ow2/asm/asm/9.7.1/asm-9.7.1.jar;libraries/org/ow2/asm/asm-commons/9.7.1/asm-commons-9.7.1.jar;libraries/org/ow2/asm/asm-tree/9.7.1/asm-tree-9.7.1.jar;libraries/org/ow2/asm/asm-util/9.7.1/asm-util-9.7.1.jar;libraries/org/ow2/asm/asm-analysis/9.7.1/asm-analysis-9.7.1.jar;libraries/net/minecraftforge/accesstransformers/8.0.4/accesstransformers-8.0.4.jar;libraries/org/antlr/antlr4-runtime/4.9.1/antlr4-runtime-4.9.1.jar;libraries/net/minecraftforge/eventbus/6.0.5/eventbus-6.0.5.jar;libraries/net/minecraftforge/forgespi/7.0.1/forgespi-7.0.1.jar;libraries/net/minecraftforge/coremods/5.2.4/coremods-5.2.4.jar;libraries/cpw/mods/modlauncher/10.0.9/modlauncher-10.0.9.jar;libraries/net/minecraftforge/unsafe/0.2.0/unsafe-0.2.0.jar;libraries/net/minecraftforge/mergetool/1.1.5/mergetool-1.1.5-api.jar;libraries/com/electronwill/night-config/core/3.6.4/core-3.6.4.jar;libraries/com/electronwill/night-config/toml/3.6.4/toml-3.6.4.jar;libraries/org/apache/maven/maven-artifact/3.8.5/maven-artifact-3.8.5.jar;libraries/net/jodah/typetools/0.6.3/typetools-0.6.3.jar;libraries/net/minecrell/terminalconsoleappender/1.2.0/terminalconsoleappender-1.2.0.jar;libraries/org/jline/jline-reader/3.12.1/jline-reader-3.12.1.jar;libraries/org/jline/jline-terminal/3.12.1/jline-terminal-3.12.1.jar;libraries/org/spongepowered/mixin/0.8.5/mixin-0.8.5.jar;libraries/org/openjdk/nashorn/nashorn-core/15.4/nashorn-core-15.4.jar;libraries/net/minecraftforge/JarJarSelector/0.3.19/JarJarSelector-0.3.19.jar;libraries/net/minecraftforge/JarJarMetadata/0.3.19/JarJarMetadata-0.3.19.jar;libraries/net/minecraftforge/fmlloader/1.20.1-47.3.33/fmlloader-1.20.1-47.3.33.jar;libraries/net/minecraft/server/1.20.1-20230612.114412/server-1.20.1-20230612.114412-extra.jar;libraries/com/github/oshi/oshi-core/6.2.2/oshi-core-6.2.2.jar;libraries/com/google/code/gson/gson/2.10/gson-2.10.jar;libraries/com/google/guava/failureaccess/1.0cpw.mods.bootstraplauncher.BootstrapLauncher --launchTarget forgeserver --fml.forgeVersion 47.3.33 --fml.mcVersion 1.20.1 --fml.forgeGroup net.minecraftforge --fml.mcpVersion 20230612.114412

Host: AMD Ryzen 9 5900HX with Radeon Graphics        , 16 cores, 15G,  Windows 11 , 64 bit Build 22621 (10.0.22621.4830)
Time: Mon Feb 24 00:13:18 2025  Windows 11 , 64 bit Build 22621 (10.0.22621.4830) elapsed time: 275.620451 seconds (0d 0h 4m 35s)

---------------  T H R E A D  ---------------

Current thread (0x0000020ba45b6e20):  JavaThread "C2 CompilerThread1" daemon [_thread_in_native, id=9880, stack(0x00000093be100000,0x00000093be200000) (1024K)]


Current CompileTask:
C2:275620 34630   !   4       javax.swing.text.PlainDocument::insertUpdate (410 bytes)

Stack: [0x00000093be100000,0x00000093be200000]
Native frames: (J=compiled Java code, j=interpreted, Vv=VM code, C=native code)
V  [jvm.dll+0x6e2279]  (no source info available)
V  [jvm.dll+0x874e33]  (no source info available)
V  [jvm.dll+0x87725e]  (no source info available)
V  [jvm.dll+0x877933]  (no source info available)
V  [jvm.dll+0x27fd76]  (no source info available)
V  [jvm.dll+0xc3d0f]  (no source info available)
V  [jvm.dll+0xc3f6b]  (no source info available)
V  [jvm.dll+0x3bb0d2]  (no source info available)
V  [jvm.dll+0x387b6b]  (no source info available)
V  [jvm.dll+0x386fda]  (no source info available)
V  [jvm.dll+0x247918]  (no source info available)
V  [jvm.dll+0x246fbf]  (no source info available)
V  [jvm.dll+0x1c4e90]  (no source info available)
V  [jvm.dll+0x2569fe]  (no source info available)
V  [jvm.dll+0x254cba]  (no source info available)
V  [jvm.dll+0x3f5336]  (no source info available)
V  [jvm.dll+0x81d44b]  (no source info available)
V  [jvm.dll+0x6e0915]  (no source info available)
C  [ucrtbase.dll+0x29333]  (no source info available)
C  [KERNEL32.DLL+0x1259d]  (no source info available)
C  [ntdll.dll+0x5af38]  (no source info available)


---------------  P R O C E S S  ---------------

Threads class SMR info:
_java_thread_list=0x0000020b86a646c0, length=69, elements={
0x0000020b409a6870, 0x0000020b409aa950, 0x0000020b409ad190, 0x0000020b409adbf0,
0x0000020b409aedf0, 0x0000020b409c1830, 0x0000020b409cfea0, 0x0000020b409affd0,
0x0000020b40b67540, 0x0000020b40d12500, 0x0000020b8790de40, 0x0000020b8b1f2030,
0x0000020b91778230, 0x0000020b8b2a2120, 0x0000020b8b50f640, 0x0000020b8b511080,
0x0000020b910e6440, 0x0000020b910e77f0, 0x0000020b91775ad0, 0x0000020b8fb00da0,
0x0000020b8fafb1c0, 0x0000020b877690d0, 0x0000020b87762140, 0x0000020b877683b0,
0x0000020b87763b80, 0x0000020b877648a0, 0x0000020b87766970, 0x0000020b87767000,
0x0000020b9153aff0, 0x0000020b9153a2d0, 0x0000020b91538f20, 0x0000020b9153a960,
0x0000020b91538200, 0x0000020b915367c0, 0x0000020b915346f0, 0x0000020b915374e0,
0x0000020b91537b70, 0x0000020b91535aa0, 0x0000020b9153b680, 0x0000020b91536e50,
0x0000020b915395b0, 0x0000020b8eb87070, 0x0000020b8eb84910, 0x0000020b8eb821b0,
0x0000020b8eb89e60, 0x0000020b8d9eb060, 0x0000020b8d9ede50, 0x0000020b8d9f2680,
0x0000020b8d9f12d0, 0x0000020b8d9eb6f0, 0x0000020b8d9f2d10, 0x0000020b8d9f33a0,
0x0000020b8d9ed7c0, 0x0000020b8d9ec410, 0x0000020b8d9f3a30, 0x0000020b8d9f40c0,
0x0000020b8d9eeb70, 0x0000020b8d9ed130, 0x0000020b8d9f4750, 0x0000020b8d9f4de0,
0x0000020b8d9eff20, 0x0000020b8d9ef200, 0x0000020b8d9f5470, 0x0000020ba45b6e20,
0x0000020ba45bb910, 0x0000020ba45bb240, 0x0000020ba45b8960, 0x0000020ba45b8290,
0x0000020ba45b74f0
}

Java Threads: ( => current thread )
  0x0000020b409a6870 JavaThread "Reference Handler"          daemon [_thread_blocked, id=17872, stack(0x00000093bc000000,0x00000093bc100000) (1024K)]
  0x0000020b409aa950 JavaThread "Finalizer"                  daemon [_thread_blocked, id=10232, stack(0x00000093bc100000,0x00000093bc200000) (1024K)]
  0x0000020b409ad190 JavaThread "Signal Dispatcher"          daemon [_thread_blocked, id=18264, stack(0x00000093bc200000,0x00000093bc300000) (1024K)]
  0x0000020b409adbf0 JavaThread "Attach Listener"            daemon [_thread_blocked, id=17388, stack(0x00000093bc300000,0x00000093bc400000) (1024K)]
  0x0000020b409aedf0 JavaThread "Service Thread"             daemon [_thread_blocked, id=19068, stack(0x00000093bc400000,0x00000093bc500000) (1024K)]
  0x0000020b409c1830 JavaThread "Monitor Deflation Thread"   daemon [_thread_blocked, id=3416, stack(0x00000093bc500000,0x00000093bc600000) (1024K)]
  0x0000020b409cfea0 JavaThread "C2 CompilerThread0"         daemon [_thread_in_native, id=2412, stack(0x00000093bc600000,0x00000093bc700000) (1024K)]
  0x0000020b409affd0 JavaThread "C1 CompilerThread0"         daemon [_thread_blocked, id=17200, stack(0x00000093bc700000,0x00000093bc800000) (1024K)]
  0x0000020b40b67540 JavaThread "Common-Cleaner"             daemon [_thread_blocked, id=6544, stack(0x00000093bca00000,0x00000093bcb00000) (1024K)]
  0x0000020b40d12500 JavaThread "Notification Thread"        daemon [_thread_blocked, id=3304, stack(0x00000093bcc00000,0x00000093bcd00000) (1024K)]
  0x0000020b8790de40 JavaThread "JNA Cleaner"                daemon [_thread_blocked, id=9504, stack(0x00000093be000000,0x00000093be100000) (1024K)]
  0x0000020b8b1f2030 JavaThread "Timer hack thread"          daemon [_thread_blocked, id=2208, stack(0x00000093be500000,0x00000093be600000) (1024K)]
  0x0000020b91778230 JavaThread "Thread-2"                   daemon [_thread_in_native, id=176, stack(0x00000093bf700000,0x00000093bf800000) (1024K)]
  0x0000020b8b2a2120 JavaThread "Thread-3"                   daemon [_thread_blocked, id=16844, stack(0x00000093bcf00000,0x00000093bd000000) (1024K)]
  0x0000020b8b50f640 JavaThread "FileSystemWatchService"     daemon [_thread_in_native, id=228, stack(0x00000093bd000000,0x00000093bd100000) (1024K)]
  0x0000020b8b511080 JavaThread "FileSystemWatchService"     daemon [_thread_in_native, id=19132, stack(0x00000093bdf00000,0x00000093be000000) (1024K)]
  0x0000020b910e6440 JavaThread "Thread-6"                   daemon [_thread_in_native, id=17016, stack(0x00000093c0a00000,0x00000093c0b00000) (1024K)]
  0x0000020b910e77f0 JavaThread "Yggdrasil Key Fetcher"      daemon [_thread_blocked, id=19548, stack(0x00000093bcb00000,0x00000093bcc00000) (1024K)]
  0x0000020b91775ad0 JavaThread "FileSystemWatchService"     daemon [_thread_in_native, id=2144, stack(0x00000093c0700000,0x00000093c0800000) (1024K)]
  0x0000020b8fb00da0 JavaThread "Worker-Main-11"             daemon [_thread_blocked, id=8708, stack(0x00000093c1100000,0x00000093c1200000) (1024K)]
  0x0000020b8fafb1c0 JavaThread "Worker-Main-13"             daemon [_thread_blocked, id=21136, stack(0x00000093c1300000,0x00000093c1400000) (1024K)]
  0x0000020b877690d0 JavaThread "Java2D Disposer"            daemon [_thread_blocked, id=22192, stack(0x00000093c0300000,0x00000093c0400000) (1024K)]
  0x0000020b87762140 JavaThread "AWT-Shutdown"                      [_thread_blocked, id=22308, stack(0x00000093c0800000,0x00000093c0900000) (1024K)]
  0x0000020b877683b0 JavaThread "AWT-Windows"                daemon [_thread_in_native, id=20844, stack(0x00000093c0900000,0x00000093c0a00000) (1024K)]
  0x0000020b87763b80 JavaThread "AWT-EventQueue-0"                  [_thread_blocked, id=6108, stack(0x00000093c0000000,0x00000093c0100000) (1024K)]
  0x0000020b877648a0 JavaThread "TimerQueue"                 daemon [_thread_blocked, id=8040, stack(0x00000093c1600000,0x00000093c1700000) (1024K)]
  0x0000020b87766970 JavaThread "Thread-8"                   daemon [_thread_blocked, id=18656, stack(0x00000093c1700000,0x00000093c1800000) (1024K)]
  0x0000020b87767000 JavaThread "Server thread"                     [_thread_in_Java, id=20100, stack(0x00000093c1800000,0x00000093c1900000) (1024K)]
  0x0000020b9153aff0 JavaThread "DestroyJavaVM"                     [_thread_blocked, id=6092, stack(0x00000093bb800000,0x00000093bb900000) (1024K)]
  0x0000020b9153a2d0 JavaThread "Server console handler"     daemon [_thread_in_native, id=11192, stack(0x00000093c1900000,0x00000093c1a00000) (1024K)]
  0x0000020b91538f20 JavaThread "D3D Screen Updater"         daemon [_thread_blocked, id=20192, stack(0x00000093c1a00000,0x00000093c1b00000) (1024K)]
  0x0000020b9153a960 JavaThread "Netty Server IO #0"         daemon [_thread_in_native, id=8068, stack(0x00000093c1f10000,0x00000093c2010000) (1024K)]
  0x0000020b91538200 JavaThread "FileSystemWatchService"     daemon [_thread_in_native, id=18796, stack(0x00000093c2020000,0x00000093c2120000) (1024K)]
  0x0000020b915367c0 JavaThread "Thread-14"                  daemon [_thread_in_native, id=10544, stack(0x00000093bf900000,0x00000093bfa00000) (1024K)]
  0x0000020b915346f0 JavaThread "Thread-12"                  daemon [_thread_in_native, id=19996, stack(0x00000093bce00000,0x00000093bcf00000) (1024K)]
  0x0000020b915374e0 JavaThread "Thread-11"                  daemon [_thread_in_native, id=18428, stack(0x00000093bfc00000,0x00000093bfd00000) (1024K)]
  0x0000020b91537b70 JavaThread "Thread-13"                  daemon [_thread_in_native, id=3404, stack(0x00000093bfb00000,0x00000093bfc00000) (1024K)]
  0x0000020b91535aa0 JavaThread "Thread-15"                  daemon [_thread_in_native, id=7560, stack(0x00000093bfa00000,0x00000093bfb00000) (1024K)]
  0x0000020b9153b680 JavaThread "Thread-17"                  daemon [_thread_in_native, id=4292, stack(0x00000093bf800000,0x00000093bf900000) (1024K)]
  0x0000020b91536e50 JavaThread "Thread-16"                  daemon [_thread_in_native, id=20872, stack(0x00000093bc900000,0x00000093bca00000) (1024K)]
  0x0000020b915395b0 JavaThread "YSM Worker"                 daemon [_thread_blocked, id=20228, stack(0x00000093c1c00000,0x00000093c1d00000) (1024K)]
  0x0000020b8eb87070 JavaThread "Server Watchdog"            daemon [_thread_blocked, id=5860, stack(0x00000093c2420000,0x00000093c2520000) (1024K)]
  0x0000020b8eb84910 JavaThread "Netty Server IO #1"         daemon [_thread_in_native, id=20020, stack(0x00000093bb500000,0x00000093bb600000) (1024K)]
  0x0000020b8eb821b0 JavaThread "Netty Server IO #2"         daemon [_thread_in_native, id=2488, stack(0x00000093bb600000,0x00000093bb700000) (1024K)]
  0x0000020b8eb89e60 JavaThread "Thread-30"                  daemon [_thread_in_native, id=21856, stack(0x00000093bfd00000,0x00000093bfe00000) (1024K)]
  0x0000020b8d9eb060 JavaThread "Netty Server IO #3"         daemon [_thread_in_native, id=22444, stack(0x00000093bb700000,0x00000093bb800000) (1024K)]
  0x0000020b8d9ede50 JavaThread "Netty Server IO #4"         daemon [_thread_in_native, id=11744, stack(0x00000093bc800000,0x00000093bc900000) (1024K)]
  0x0000020b8d9f2680 JavaThread "Worker-Main-31"             daemon [_thread_blocked, id=21988, stack(0x00000093bea00000,0x00000093beb00000) (1024K)]
  0x0000020b8d9f12d0 JavaThread "Worker-Main-33"             daemon [_thread_in_Java, id=700, stack(0x00000093beb00000,0x00000093bec00000) (1024K)]
  0x0000020b8d9eb6f0 JavaThread "Worker-Main-32"             daemon [_thread_blocked, id=19360, stack(0x00000093bec00000,0x00000093bed00000) (1024K)]
  0x0000020b8d9f2d10 JavaThread "Worker-Main-34"             daemon [_thread_blocked, id=18524, stack(0x00000093bed00000,0x00000093bee00000) (1024K)]
  0x0000020b8d9f33a0 JavaThread "Worker-Main-35"             daemon [_thread_blocked, id=9408, stack(0x00000093bee00000,0x00000093bef00000) (1024K)]
  0x0000020b8d9ed7c0 JavaThread "Worker-Main-37"             daemon [_thread_blocked, id=14220, stack(0x00000093bef00000,0x00000093bf000000) (1024K)]
  0x0000020b8d9ec410 JavaThread "Worker-Main-38"             daemon [_thread_blocked, id=21704, stack(0x00000093bf000000,0x00000093bf100000) (1024K)]
  0x0000020b8d9f3a30 JavaThread "Worker-Main-36"             daemon [_thread_blocked, id=12828, stack(0x00000093bf100000,0x00000093bf200000) (1024K)]
  0x0000020b8d9f40c0 JavaThread "Worker-Main-40"             daemon [_thread_blocked, id=22300, stack(0x00000093bf200000,0x00000093bf300000) (1024K)]
  0x0000020b8d9eeb70 JavaThread "Worker-Main-41"             daemon [_thread_blocked, id=11692, stack(0x00000093bf300000,0x00000093bf400000) (1024K)]
  0x0000020b8d9ed130 JavaThread "Worker-Main-39"             daemon [_thread_blocked, id=9808, stack(0x00000093bf400000,0x00000093bf500000) (1024K)]
  0x0000020b8d9f4750 JavaThread "Worker-Main-42"             daemon [_thread_blocked, id=19800, stack(0x00000093bf600000,0x00000093bf700000) (1024K)]
  0x0000020b8d9f4de0 JavaThread "Worker-Main-43"             daemon [_thread_blocked, id=5980, stack(0x00000093bff00000,0x00000093c0000000) (1024K)]
  0x0000020b8d9eff20 JavaThread "IO-Worker-44"                      [_thread_blocked, id=16000, stack(0x00000093be700000,0x00000093be800000) (1024K)]
  0x0000020b8d9ef200 JavaThread "IO-Worker-45"                      [_thread_in_native, id=6024, stack(0x00000093be900000,0x00000093bea00000) (1024K)]
  0x0000020b8d9f5470 JavaThread "IO-Worker-46"                      [_thread_blocked, id=3268, stack(0x00000093c0100000,0x00000093c0200000) (1024K)]
=>0x0000020ba45b6e20 JavaThread "C2 CompilerThread1"         daemon [_thread_in_native, id=9880, stack(0x00000093be100000,0x00000093be200000) (1024K)]
  0x0000020ba45bb910 JavaThread "C1 CompilerThread1"         daemon [_thread_in_vm, id=17520, stack(0x00000093be200000,0x00000093be300000) (1024K)]
  0x0000020ba45bb240 JavaThread "C1 CompilerThread2"         daemon [_thread_blocked, id=18932, stack(0x00000093be300000,0x00000093be400000) (1024K)]
  0x0000020ba45b8960 JavaThread "C1 CompilerThread3"         daemon [_thread_in_vm, id=14376, stack(0x00000093be600000,0x00000093be700000) (1024K)]
  0x0000020ba45b8290 JavaThread "C2 CompilerThread2"         daemon [_thread_in_native, id=16080, stack(0x00000093c0b00000,0x00000093c0c00000) (1024K)]
  0x0000020ba45b74f0 JavaThread "C2 CompilerThread3"         daemon [_thread_in_native, id=20092, stack(0x00000093c0c00000,0x00000093c0d00000) (1024K)]
Total: 69

Other Threads:
  0x0000020b409857d0 VMThread "VM Thread"                           [id=19612, stack(0x00000093bbf00000,0x00000093bc000000) (1024K)]
  0x0000020b20d39950 WatcherThread "VM Periodic Task Thread"        [id=4428, stack(0x00000093bbe00000,0x00000093bbf00000) (1024K)]
  0x0000020b20dad6c0 WorkerThread "GC Thread#0"                     [id=14304, stack(0x00000093bb900000,0x00000093bba00000) (1024K)]
  0x0000020b8674c570 WorkerThread "GC Thread#1"                     [id=12816, stack(0x00000093bd400000,0x00000093bd500000) (1024K)]
  0x0000020b86729b20 WorkerThread "GC Thread#2"                     [id=8584, stack(0x00000093bd500000,0x00000093bd600000) (1024K)]
  0x0000020b86729ed0 WorkerThread "GC Thread#3"                     [id=11320, stack(0x00000093bd600000,0x00000093bd700000) (1024K)]
  0x0000020b86499fe0 WorkerThread "GC Thread#4"                     [id=17372, stack(0x00000093bd700000,0x00000093bd800000) (1024K)]
  0x0000020b8649a390 WorkerThread "GC Thread#5"                     [id=21116, stack(0x00000093bd800000,0x00000093bd900000) (1024K)]
  0x0000020b86da34b0 WorkerThread "GC Thread#6"                     [id=21312, stack(0x00000093bd900000,0x00000093bda00000) (1024K)]
  0x0000020b8925ee40 WorkerThread "GC Thread#7"                     [id=8920, stack(0x00000093bd100000,0x00000093bd200000) (1024K)]
  0x0000020b8925f1f0 WorkerThread "GC Thread#8"                     [id=18740, stack(0x00000093bd200000,0x00000093bd300000) (1024K)]
  0x0000020b892600b0 WorkerThread "GC Thread#9"                     [id=9756, stack(0x00000093bd300000,0x00000093bd400000) (1024K)]
  0x0000020b8925ea90 WorkerThread "GC Thread#10"                    [id=11056, stack(0x00000093bda00000,0x00000093bdb00000) (1024K)]
  0x0000020b8925f5a0 WorkerThread "GC Thread#11"                    [id=2924, stack(0x00000093bdb00000,0x00000093bdc00000) (1024K)]
  0x0000020b8925fd00 WorkerThread "GC Thread#12"                    [id=19700, stack(0x00000093bdc00000,0x00000093bdd00000) (1024K)]
  0x0000020b20dbe770 ConcurrentGCThread "G1 Main Marker"            [id=13012, stack(0x00000093bba00000,0x00000093bbb00000) (1024K)]
  0x0000020b20dbf930 WorkerThread "G1 Conc#0"                       [id=19984, stack(0x00000093bbb00000,0x00000093bbc00000) (1024K)]
  0x0000020b8a51daa0 WorkerThread "G1 Conc#1"                       [id=7364, stack(0x00000093bdd00000,0x00000093bde00000) (1024K)]
  0x0000020b8a51b5c0 WorkerThread "G1 Conc#2"                       [id=5900, stack(0x00000093bde00000,0x00000093bdf00000) (1024K)]
  0x0000020b4082f6f0 ConcurrentGCThread "G1 Refine#0"               [id=18652, stack(0x00000093bbc00000,0x00000093bbd00000) (1024K)]
  0x0000020b40830180 ConcurrentGCThread "G1 Service"                [id=8996, stack(0x00000093bbd00000,0x00000093bbe00000) (1024K)]
Total: 21

Threads with active compile tasks:
C2 CompilerThread0  275768 34755       4       net.minecraft.world.level.lighting.LevelLightEngine::m_284126_ (49 bytes)
C2 CompilerThread1  275768 34630   !   4       javax.swing.text.PlainDocument::insertUpdate (410 bytes)
C1 CompilerThread1  275768 34781       3       net.minecraft.server.level.DistanceManager::m_201910_ (180 bytes)
C2 CompilerThread2  275768 34727 %     4       net.minecraft.server.level.ChunkMap::m_140353_ @ 12 (245 bytes)
C2 CompilerThread3  275768 34754       4       net.minecraft.world.level.lighting.LayerLightSectionStorage::m_284542_ (36 bytes)
Total: 5

VM state: not at safepoint (normal execution)

VM Mutex/Monitor currently owned by a thread: None

Heap address: 0x0000000700000000, size: 4096 MB, Compressed Oops mode: Zero based, Oop shift amount: 3

CDS archive(s) mapped at: [0x0000020b41000000-0x0000020b41c60000-0x0000020b41c60000), size 12976128, SharedBaseAddress: 0x0000020b41000000, ArchiveRelocationMode: 1.
Compressed class space mapped at: 0x0000020b42000000-0x0000020b82000000, reserved size: 1073741824
Narrow klass base: 0x0000020b41000000, Narrow klass shift: 0, Narrow klass range: 0x41000000

GC Precious Log:
 CardTable entry size: 512
 Card Set container configuration: InlinePtr #cards 4 size 8 Array Of Cards #cards 16 size 48 Howl #buckets 8 coarsen threshold 3686 Howl Bitmap #cards 512 size 80 coarsen threshold 460 Card regions per heap region 1 cards per card region 4096
 CPUs: 16 total, 16 available
 Memory: 16286M
 Large Page Support: Disabled
 NUMA Support: Disabled
 Compressed Oops: Enabled (Zero based)
 Heap Region Size: 2M
 Heap Min Capacity: 8M
 Heap Initial Capacity: 256M
 Heap Max Capacity: 4G
 Pre-touch: Disabled
 Parallel Workers: 13
 Concurrent Workers: 3
 Concurrent Refinement Workers: 13
 Periodic GC: Disabled

Heap:
 garbage-first heap   total reserved 4194304K, committed 2865152K, used 2423446K [0x0000000700000000, 0x0000000800000000)
  region size 2048K, 442 young (905216K), 25 survivors (51200K)
 Metaspace       used 169990K, committed 172352K, reserved 1245184K
  class space    used 26823K, committed 27840K, reserved 1048576K

Heap Regions: E=young(eden), S=young(survivor), O=old, HS=humongous(starts), HC=humongous(continues), CS=collection set, F=free, TAMS=top-at-mark-start, PB=parsable bottom
|   0|0x0000000700000000, 0x0000000700200000, 0x0000000700200000|100%|HS|  |TAMS 0x0000000700000000| PB 0x0000000700000000| Complete |  0
|   1|0x0000000700200000, 0x0000000700400000, 0x0000000700400000|100%|HS|  |TAMS 0x0000000700200000| PB 0x0000000700200000| Complete |  0
|   2|0x0000000700400000, 0x0000000700600000, 0x0000000700600000|100%| O|  |TAMS 0x0000000700400000| PB 0x0000000700400000| Untracked |  0
|   3|0x0000000700600000, 0x0000000700800000, 0x0000000700800000|100%| O|  |TAMS 0x0000000700600000| PB 0x0000000700600000| Untracked |  0
|   4|0x0000000700800000, 0x0000000700a00000, 0x0000000700a00000|100%| O|  |TAMS 0x0000000700800000| PB 0x0000000700800000| Untracked |  0
|   5|0x0000000700a00000, 0x0000000700c00000, 0x0000000700c00000|100%| O|  |TAMS 0x0000000700a00000| PB 0x0000000700a00000| Untracked |  0
|   6|0x0000000700c00000, 0x0000000700e00000, 0x0000000700e00000|100%| O|  |TAMS 0x0000000700c00000| PB 0x0000000700c00000| Untracked |  0
|   7|0x0000000700e00000, 0x0000000701000000, 0x0000000701000000|100%| O|  |TAMS 0x0000000700e00000| PB 0x0000000700e00000| Untracked |  0
|   8|0x0000000701000000, 0x0000000701200000, 0x0000000701200000|100%| O|  |TAMS 0x0000000701000000| PB 0x0000000701000000| Untracked |  0
|   9|0x0000000701200000, 0x0000000701400000, 0x0000000701400000|100%| O|  |TAMS 0x0000000701200000| PB 0x0000000701200000| Untracked |  0
|  10|0x0000000701400000, 0x0000000701600000, 0x0000000701600000|100%| O|  |TAMS 0x0000000701400000| PB 0x0000000701400000| Untracked |  0
|  11|0x0000000701600000, 0x0000000701800000, 0x0000000701800000|100%| O|  |TAMS 0x0000000701600000| PB 0x0000000701600000| Untracked |  0
|  12|0x0000000701800000, 0x0000000701a00000, 0x0000000701a00000|100%|HS|  |TAMS 0x0000000701800000| PB 0x0000000701800000| Complete |  0
|  13|0x0000000701a00000, 0x0000000701c00000, 0x0000000701c00000|100%|HS|  |TAMS 0x0000000701a00000| PB 0x0000000701a00000| Complete |  0
|  14|0x0000000701c00000, 0x0000000701e00000, 0x0000000701e00000|100%| O|  |TAMS 0x0000000701c00000| PB 0x0000000701c00000| Untracked |  0
|  15|0x0000000701e00000, 0x0000000702000000, 0x0000000702000000|100%| O|  |TAMS 0x0000000701e00000| PB 0x0000000701e00000| Untracked |  0
|  16|0x0000000702000000, 0x0000000702200000, 0x0000000702200000|100%| O|  |TAMS 0x0000000702000000| PB 0x0000000702000000| Untracked |  0
|  17|0x0000000702200000, 0x0000000702400000, 0x0000000702400000|100%| O|  |TAMS 0x0000000702200000| PB 0x0000000702200000| Untracked |  0
|  18|0x0000000702400000, 0x0000000702600000, 0x0000000702600000|100%| O|  |TAMS 0x0000000702400000| PB 0x0000000702400000| Untracked |  0
|  19|0x0000000702600000, 0x0000000702800000, 0x0000000702800000|100%| O|  |TAMS 0x0000000702600000| PB 0x0000000702600000| Untracked |  0
|  20|0x0000000702800000, 0x0000000702a00000, 0x0000000702a00000|100%| O|  |TAMS 0x0000000702800000| PB 0x0000000702800000| Untracked |  0
|  21|0x0000000702a00000, 0x0000000702c00000, 0x0000000702c00000|100%| O|  |TAMS 0x0000000702a00000| PB 0x0000000702a00000| Untracked |  0
|  22|0x0000000702c00000, 0x0000000702e00000, 0x0000000702e00000|100%| O|  |TAMS 0x0000000702c00000| PB 0x0000000702c00000| Untracked |  0
|  23|0x0000000702e00000, 0x0000000703000000, 0x0000000703000000|100%| O|  |TAMS 0x0000000702e00000| PB 0x0000000702e00000| Untracked |  0
|  24|0x0000000703000000, 0x0000000703200000, 0x0000000703200000|100%| O|  |TAMS 0x0000000703000000| PB 0x0000000703000000| Untracked |  0
|  25|0x0000000703200000, 0x0000000703400000, 0x0000000703400000|100%| O|  |TAMS 0x0000000703200000| PB 0x0000000703200000| Untracked |  0
|  26|0x0000000703400000, 0x0000000703600000, 0x0000000703600000|100%| O|  |TAMS 0x0000000703400000| PB 0x0000000703400000| Untracked |  0
|  27|0x0000000703600000, 0x0000000703800000, 0x0000000703800000|100%|HS|  |TAMS 0x0000000703600000| PB 0x0000000703600000| Complete |  0
|  28|0x0000000703800000, 0x0000000703a00000, 0x0000000703a00000|100%|HC|  |TAMS 0x0000000703800000| PB 0x0000000703800000| Complete |  0
|  29|0x0000000703a00000, 0x0000000703c00000, 0x0000000703c00000|100%|HS|  |TAMS 0x0000000703a00000| PB 0x0000000703a00000| Complete |  0
|  30|0x0000000703c00000, 0x0000000703e00000, 0x0000000703e00000|100%|HC|  |TAMS 0x0000000703c00000| PB 0x0000000703c00000| Complete |  0
|  31|0x0000000703e00000, 0x0000000704000000, 0x0000000704000000|100%| O|  |TAMS 0x0000000703e00000| PB 0x0000000703e00000| Untracked |  0
|  32|0x0000000704000000, 0x0000000704200000, 0x0000000704200000|100%| O|  |TAMS 0x0000000704000000| PB 0x0000000704000000| Untracked |  0
|  33|0x0000000704200000, 0x0000000704400000, 0x0000000704400000|100%|HS|  |TAMS 0x0000000704200000| PB 0x0000000704200000| Complete |  0
|  34|0x0000000704400000, 0x0000000704600000, 0x0000000704600000|100%|HC|  |TAMS 0x0000000704400000| PB 0x0000000704400000| Complete |  0
|  35|0x0000000704600000, 0x0000000704800000, 0x0000000704800000|100%| O|  |TAMS 0x0000000704600000| PB 0x0000000704600000| Untracked |  0
|  36|0x0000000704800000, 0x0000000704a00000, 0x0000000704a00000|100%| O|  |TAMS 0x0000000704800000| PB 0x0000000704800000| Untracked |  0
|  37|0x0000000704a00000, 0x0000000704c00000, 0x0000000704c00000|100%| O|  |TAMS 0x0000000704a00000| PB 0x0000000704a00000| Untracked |  0
|  38|0x0000000704c00000, 0x0000000704e00000, 0x0000000704e00000|100%| O|  |TAMS 0x0000000704c00000| PB 0x0000000704c00000| Untracked |  0
|  39|0x0000000704e00000, 0x0000000705000000, 0x0000000705000000|100%| O|  |TAMS 0x0000000704e00000| PB 0x0000000704e00000| Untracked |  0
|  40|0x0000000705000000, 0x0000000705200000, 0x0000000705200000|100%| O|  |TAMS 0x0000000705000000| PB 0x0000000705000000| Untracked |  0
|  41|0x0000000705200000, 0x0000000705400000, 0x0000000705400000|100%| O|  |TAMS 0x0000000705200000| PB 0x0000000705200000| Untracked |  0
|  42|0x0000000705400000, 0x0000000705600000, 0x0000000705600000|100%| O|  |TAMS 0x0000000705400000| PB 0x0000000705400000| Untracked |  0
|  43|0x0000000705600000, 0x0000000705800000, 0x0000000705800000|100%| O|  |TAMS 0x0000000705600000| PB 0x0000000705600000| Untracked |  0
|  44|0x0000000705800000, 0x0000000705a00000, 0x0000000705a00000|100%| O|  |TAMS 0x0000000705800000| PB 0x0000000705800000| Untracked |  0
|  45|0x0000000705a00000, 0x0000000705c00000, 0x0000000705c00000|100%| O|  |TAMS 0x0000000705a00000| PB 0x0000000705a00000| Untracked |  0
|  46|0x0000000705c00000, 0x0000000705e00000, 0x0000000705e00000|100%| O|  |TAMS 0x0000000705c00000| PB 0x0000000705c00000| Untracked |  0
|  47|0x0000000705e00000, 0x0000000706000000, 0x0000000706000000|100%| O|  |TAMS 0x0000000705e00000| PB 0x0000000705e00000| Untracked |  0
|  48|0x0000000706000000, 0x0000000706200000, 0x0000000706200000|100%| O|  |TAMS 0x0000000706000000| PB 0x0000000706000000| Untracked |  0
|  49|0x0000000706200000, 0x0000000706400000, 0x0000000706400000|100%| O|  |TAMS 0x0000000706200000| PB 0x0000000706200000| Untracked |  0
|  50|0x0000000706400000, 0x0000000706600000, 0x0000000706600000|100%| O|  |TAMS 0x0000000706400000| PB 0x0000000706400000| Untracked |  0
|  51|0x0000000706600000, 0x0000000706800000, 0x0000000706800000|100%| O|  |TAMS 0x0000000706600000| PB 0x0000000706600000| Untracked |  0
|  52|0x0000000706800000, 0x0000000706a00000, 0x0000000706a00000|100%| O|  |TAMS 0x0000000706800000| PB 0x0000000706800000| Untracked |  0
|  53|0x0000000706a00000, 0x0000000706c00000, 0x0000000706c00000|100%| O|  |TAMS 0x0000000706a00000| PB 0x0000000706a00000| Untracked |  0
|  54|0x0000000706c00000, 0x0000000706e00000, 0x0000000706e00000|100%| O|  |TAMS 0x0000000706c00000| PB 0x0000000706c00000| Untracked |  0
|  55|0x0000000706e00000, 0x0000000707000000, 0x0000000707000000|100%| O|  |TAMS 0x0000000706e00000| PB 0x0000000706e00000| Untracked |  0
|  56|0x0000000707000000, 0x0000000707200000, 0x0000000707200000|100%| O|  |TAMS 0x0000000707000000| PB 0x0000000707000000| Untracked |  0
|  57|0x0000000707200000, 0x0000000707400000, 0x0000000707400000|100%| O|  |TAMS 0x0000000707200000| PB 0x0000000707200000| Untracked |  0
|  58|0x0000000707400000, 0x0000000707600000, 0x0000000707600000|100%| O|  |TAMS 0x0000000707400000| PB 0x0000000707400000| Untracked |  0
|  59|0x0000000707600000, 0x0000000707800000, 0x0000000707800000|100%|HS|  |TAMS 0x0000000707600000| PB 0x0000000707600000| Complete |  0
|  60|0x0000000707800000, 0x0000000707a00000, 0x0000000707a00000|100%|HC|  |TAMS 0x0000000707800000| PB 0x0000000707800000| Complete |  0
|  61|0x0000000707a00000, 0x0000000707c00000, 0x0000000707c00000|100%|HC|  |TAMS 0x0000000707a00000| PB 0x0000000707a00000| Complete |  0
|  62|0x0000000707c00000, 0x0000000707e00000, 0x0000000707e00000|100%|HC|  |TAMS 0x0000000707c00000| PB 0x0000000707c00000| Complete |  0
|  63|0x0000000707e00000, 0x0000000708000000, 0x0000000708000000|100%|HC|  |TAMS 0x0000000707e00000| PB 0x0000000707e00000| Complete |  0
|  64|0x0000000708000000, 0x0000000708200000, 0x0000000708200000|100%|HC|  |TAMS 0x0000000708000000| PB 0x0000000708000000| Complete |  0
|  65|0x0000000708200000, 0x0000000708400000, 0x0000000708400000|100%| O|  |TAMS 0x0000000708200000| PB 0x0000000708200000| Untracked |  0
|  66|0x0000000708400000, 0x0000000708600000, 0x0000000708600000|100%| O|  |TAMS 0x0000000708400000| PB 0x0000000708400000| Untracked |  0
|  67|0x0000000708600000, 0x0000000708800000, 0x0000000708800000|100%| O|  |TAMS 0x0000000708600000| PB 0x0000000708600000| Untracked |  0
|  68|0x0000000708800000, 0x0000000708a00000, 0x0000000708a00000|100%| O|  |TAMS 0x0000000708800000| PB 0x0000000708800000| Untracked |  0
|  69|0x0000000708a00000, 0x0000000708c00000, 0x0000000708c00000|100%| O|  |TAMS 0x0000000708a00000| PB 0x0000000708a00000| Untracked |  0
|  70|0x0000000708c00000, 0x0000000708e00000, 0x0000000708e00000|100%| O|  |TAMS 0x0000000708c00000| PB 0x0000000708c00000| Untracked |  0
|  71|0x0000000708e00000, 0x0000000709000000, 0x0000000709000000|100%| O|  |TAMS 0x0000000708e00000| PB 0x0000000708e00000| Untracked |  0
|  72|0x0000000709000000, 0x0000000709200000, 0x0000000709200000|100%| O|  |TAMS 0x0000000709000000| PB 0x0000000709000000| Untracked |  0
|  73|0x0000000709200000, 0x0000000709400000, 0x0000000709400000|100%| O|  |TAMS 0x0000000709200000| PB 0x0000000709200000| Untracked |  0
|  74|0x0000000709400000, 0x0000000709600000, 0x0000000709600000|100%| O|  |TAMS 0x0000000709400000| PB 0x0000000709400000| Untracked |  0
|  75|0x0000000709600000, 0x0000000709800000, 0x0000000709800000|100%| O|  |TAMS 0x0000000709600000| PB 0x0000000709600000| Untracked |  0
|  76|0x0000000709800000, 0x0000000709a00000, 0x0000000709a00000|100%| O|  |TAMS 0x0000000709800000| PB 0x0000000709800000| Untracked |  0
|  77|0x0000000709a00000, 0x0000000709c00000, 0x0000000709c00000|100%| O|  |TAMS 0x0000000709a00000| PB 0x0000000709a00000| Untracked |  0
|  78|0x0000000709c00000, 0x0000000709e00000, 0x0000000709e00000|100%| O|  |TAMS 0x0000000709c00000| PB 0x0000000709c00000| Untracked |  0
|  79|0x0000000709e00000, 0x000000070a000000, 0x000000070a000000|100%| O|  |TAMS 0x0000000709e00000| PB 0x0000000709e00000| Untracked |  0
|  80|0x000000070a000000, 0x000000070a200000, 0x000000070a200000|100%| O|  |TAMS 0x000000070a000000| PB 0x000000070a000000| Untracked |  0
|  81|0x000000070a200000, 0x000000070a400000, 0x000000070a400000|100%| O|  |TAMS 0x000000070a200000| PB 0x000000070a200000| Untracked |  0
|  82|0x000000070a400000, 0x000000070a600000, 0x000000070a600000|100%| O|  |TAMS 0x000000070a400000| PB 0x000000070a400000| Untracked |  0
|  83|0x000000070a600000, 0x000000070a800000, 0x000000070a800000|100%| O|  |TAMS 0x000000070a600000| PB 0x000000070a600000| Untracked |  0
|  84|0x000000070a800000, 0x000000070aa00000, 0x000000070aa00000|100%| O|  |TAMS 0x000000070a800000| PB 0x000000070a800000| Untracked |  0
|  85|0x000000070aa00000, 0x000000070ac00000, 0x000000070ac00000|100%| O|  |TAMS 0x000000070aa00000| PB 0x000000070aa00000| Untracked |  0
|  86|0x000000070ac00000, 0x000000070ae00000, 0x000000070ae00000|100%| O|  |TAMS 0x000000070ac00000| PB 0x000000070ac00000| Untracked |  0
|  87|0x000000070ae00000, 0x000000070b000000, 0x000000070b000000|100%| O|  |TAMS 0x000000070ae00000| PB 0x000000070ae00000| Untracked |  0
|  88|0x000000070b000000, 0x000000070b200000, 0x000000070b200000|100%| O|  |TAMS 0x000000070b000000| PB 0x000000070b000000| Untracked |  0
|  89|0x000000070b200000, 0x000000070b400000, 0x000000070b400000|100%| O|  |TAMS 0x000000070b200000| PB 0x000000070b200000| Untracked |  0
|  90|0x000000070b400000, 0x000000070b600000, 0x000000070b600000|100%| O|  |TAMS 0x000000070b400000| PB 0x000000070b400000| Untracked |  0
|  91|0x000000070b600000, 0x000000070b800000, 0x000000070b800000|100%| O|  |TAMS 0x000000070b600000| PB 0x000000070b600000| Untracked |  0
|  92|0x000000070b800000, 0x000000070ba00000, 0x000000070ba00000|100%| O|  |TAMS 0x000000070b800000| PB 0x000000070b800000| Untracked |  0
|  93|0x000000070ba00000, 0x000000070bc00000, 0x000000070bc00000|100%| O|  |TAMS 0x000000070ba00000| PB 0x000000070ba00000| Untracked |  0
|  94|0x000000070bc00000, 0x000000070be00000, 0x000000070be00000|100%| O|  |TAMS 0x000000070bc00000| PB 0x000000070bc00000| Untracked |  0
|  95|0x000000070be00000, 0x000000070c000000, 0x000000070c000000|100%| O|  |TAMS 0x000000070be00000| PB 0x000000070be00000| Untracked |  0
|  96|0x000000070c000000, 0x000000070c200000, 0x000000070c200000|100%| O|  |TAMS 0x000000070c000000| PB 0x000000070c000000| Untracked |  0
|  97|0x000000070c200000, 0x000000070c400000, 0x000000070c400000|100%| O|  |TAMS 0x000000070c200000| PB 0x000000070c200000| Untracked |  0
|  98|0x000000070c400000, 0x000000070c600000, 0x000000070c600000|100%| O|  |TAMS 0x000000070c400000| PB 0x000000070c400000| Untracked |  0
|  99|0x000000070c600000, 0x000000070c800000, 0x000000070c800000|100%| O|  |TAMS 0x000000070c600000| PB 0x000000070c600000| Untracked |  0
| 100|0x000000070c800000, 0x000000070ca00000, 0x000000070ca00000|100%| O|  |TAMS 0x000000070c800000| PB 0x000000070c800000| Untracked |  0
| 101|0x000000070ca00000, 0x000000070cc00000, 0x000000070cc00000|100%| O|  |TAMS 0x000000070ca00000| PB 0x000000070ca00000| Untracked |  0
| 102|0x000000070cc00000, 0x000000070ce00000, 0x000000070ce00000|100%| O|  |TAMS 0x000000070cc00000| PB 0x000000070cc00000| Untracked |  0
| 103|0x000000070ce00000, 0x000000070d000000, 0x000000070d000000|100%| O|  |TAMS 0x000000070ce00000| PB 0x000000070ce00000| Untracked |  0
| 104|0x000000070d000000, 0x000000070d200000, 0x000000070d200000|100%| O|  |TAMS 0x000000070d000000| PB 0x000000070d000000| Untracked |  0
| 105|0x000000070d200000, 0x000000070d400000, 0x000000070d400000|100%| O|  |TAMS 0x000000070d200000| PB 0x000000070d200000| Untracked |  0
| 106|0x000000070d400000, 0x000000070d600000, 0x000000070d600000|100%| O|  |TAMS 0x000000070d400000| PB 0x000000070d400000| Untracked |  0
| 107|0x000000070d600000, 0x000000070d800000, 0x000000070d800000|100%| O|  |TAMS 0x000000070d600000| PB 0x000000070d600000| Untracked |  0
| 108|0x000000070d800000, 0x000000070da00000, 0x000000070da00000|100%| O|  |TAMS 0x000000070d800000| PB 0x000000070d800000| Untracked |  0
| 109|0x000000070da00000, 0x000000070dc00000, 0x000000070dc00000|100%| O|  |TAMS 0x000000070da00000| PB 0x000000070da00000| Untracked |  0
| 110|0x000000070dc00000, 0x000000070de00000, 0x000000070de00000|100%| O|  |TAMS 0x000000070dc00000| PB 0x000000070dc00000| Untracked |  0
| 111|0x000000070de00000, 0x000000070e000000, 0x000000070e000000|100%| O|  |TAMS 0x000000070de00000| PB 0x000000070de00000| Untracked |  0
| 112|0x000000070e000000, 0x000000070e200000, 0x000000070e200000|100%| O|  |TAMS 0x000000070e000000| PB 0x000000070e000000| Untracked |  0
| 113|0x000000070e200000, 0x000000070e400000, 0x000000070e400000|100%| O|  |TAMS 0x000000070e200000| PB 0x000000070e200000| Untracked |  0
| 114|0x000000070e400000, 0x000000070e600000, 0x000000070e600000|100%| O|  |TAMS 0x000000070e400000| PB 0x000000070e400000| Untracked |  0
| 115|0x000000070e600000, 0x000000070e800000, 0x000000070e800000|100%| O|  |TAMS 0x000000070e600000| PB 0x000000070e600000| Untracked |  0
| 116|0x000000070e800000, 0x000000070ea00000, 0x000000070ea00000|100%| O|  |TAMS 0x000000070e800000| PB 0x000000070e800000| Untracked |  0
| 117|0x000000070ea00000, 0x000000070ec00000, 0x000000070ec00000|100%| O|  |TAMS 0x000000070ea00000| PB 0x000000070ea00000| Untracked |  0
| 118|0x000000070ec00000, 0x000000070ee00000, 0x000000070ee00000|100%| O|  |TAMS 0x000000070ec00000| PB 0x000000070ec00000| Untracked |  0
| 119|0x000000070ee00000, 0x000000070f000000, 0x000000070f000000|100%| O|  |TAMS 0x000000070ee00000| PB 0x000000070ee00000| Untracked |  0
| 120|0x000000070f000000, 0x000000070f200000, 0x000000070f200000|100%| O|  |TAMS 0x000000070f000000| PB 0x000000070f000000| Untracked |  0
| 121|0x000000070f200000, 0x000000070f400000, 0x000000070f400000|100%| O|  |TAMS 0x000000070f200000| PB 0x000000070f200000| Untracked |  0
| 122|0x000000070f400000, 0x000000070f600000, 0x000000070f600000|100%| O|  |TAMS 0x000000070f400000| PB 0x000000070f400000| Untracked |  0
| 123|0x000000070f600000, 0x000000070f800000, 0x000000070f800000|100%| O|  |TAMS 0x000000070f600000| PB 0x000000070f600000| Untracked |  0
| 124|0x000000070f800000, 0x000000070fa00000, 0x000000070fa00000|100%| O|  |TAMS 0x000000070f800000| PB 0x000000070f800000| Untracked |  0
| 125|0x000000070fa00000, 0x000000070fc00000, 0x000000070fc00000|100%| O|  |TAMS 0x000000070fa00000| PB 0x000000070fa00000| Untracked |  0
| 126|0x000000070fc00000, 0x000000070fe00000, 0x000000070fe00000|100%| O|  |TAMS 0x000000070fc00000| PB 0x000000070fc00000| Untracked |  0
| 127|0x000000070fe00000, 0x0000000710000000, 0x0000000710000000|100%| O|  |TAMS 0x000000070fe00000| PB 0x000000070fe00000| Untracked |  0
| 128|0x0000000710000000, 0x0000000710200000, 0x0000000710200000|100%| O|  |TAMS 0x0000000710000000| PB 0x0000000710000000| Untracked |  0
| 129|0x0000000710200000, 0x0000000710400000, 0x0000000710400000|100%| O|  |TAMS 0x0000000710200000| PB 0x0000000710200000| Untracked |  0
| 130|0x0000000710400000, 0x0000000710600000, 0x0000000710600000|100%| O|  |TAMS 0x0000000710400000| PB 0x0000000710400000| Untracked |  0
| 131|0x0000000710600000, 0x0000000710800000, 0x0000000710800000|100%| O|  |TAMS 0x0000000710600000| PB 0x0000000710600000| Untracked |  0
| 132|0x0000000710800000, 0x0000000710a00000, 0x0000000710a00000|100%| O|  |TAMS 0x0000000710800000| PB 0x0000000710800000| Untracked |  0
| 133|0x0000000710a00000, 0x0000000710c00000, 0x0000000710c00000|100%| O|  |TAMS 0x0000000710a00000| PB 0x0000000710a00000| Untracked |  0
| 134|0x0000000710c00000, 0x0000000710e00000, 0x0000000710e00000|100%| O|  |TAMS 0x0000000710c00000| PB 0x0000000710c00000| Untracked |  0
| 135|0x0000000710e00000, 0x0000000711000000, 0x0000000711000000|100%| O|  |TAMS 0x0000000710e00000| PB 0x0000000710e00000| Untracked |  0
| 136|0x0000000711000000, 0x0000000711200000, 0x0000000711200000|100%| O|  |TAMS 0x0000000711000000| PB 0x0000000711000000| Untracked |  0
| 137|0x0000000711200000, 0x0000000711400000, 0x0000000711400000|100%| O|  |TAMS 0x0000000711200000| PB 0x0000000711200000| Untracked |  0
| 138|0x0000000711400000, 0x0000000711600000, 0x0000000711600000|100%| O|  |TAMS 0x0000000711400000| PB 0x0000000711400000| Untracked |  0
| 139|0x0000000711600000, 0x0000000711800000, 0x0000000711800000|100%| O|  |TAMS 0x0000000711600000| PB 0x0000000711600000| Untracked |  0
| 140|0x0000000711800000, 0x0000000711a00000, 0x0000000711a00000|100%| O|  |TAMS 0x0000000711800000| PB 0x0000000711800000| Untracked |  0
| 141|0x0000000711a00000, 0x0000000711c00000, 0x0000000711c00000|100%| O|  |TAMS 0x0000000711a00000| PB 0x0000000711a00000| Untracked |  0
| 142|0x0000000711c00000, 0x0000000711e00000, 0x0000000711e00000|100%| O|  |TAMS 0x0000000711c00000| PB 0x0000000711c00000| Untracked |  0
| 143|0x0000000711e00000, 0x0000000712000000, 0x0000000712000000|100%| O|  |TAMS 0x0000000711e00000| PB 0x0000000711e00000| Untracked |  0
| 144|0x0000000712000000, 0x0000000712200000, 0x0000000712200000|100%| O|  |TAMS 0x0000000712000000| PB 0x0000000712000000| Untracked |  0
| 145|0x0000000712200000, 0x0000000712400000, 0x0000000712400000|100%| O|  |TAMS 0x0000000712200000| PB 0x0000000712200000| Untracked |  0
| 146|0x0000000712400000, 0x0000000712600000, 0x0000000712600000|100%| O|  |TAMS 0x0000000712400000| PB 0x0000000712400000| Untracked |  0
| 147|0x0000000712600000, 0x0000000712800000, 0x0000000712800000|100%| O|  |TAMS 0x0000000712600000| PB 0x0000000712600000| Untracked |  0
| 148|0x0000000712800000, 0x0000000712a00000, 0x0000000712a00000|100%| O|  |TAMS 0x0000000712800000| PB 0x0000000712800000| Untracked |  0
| 149|0x0000000712a00000, 0x0000000712c00000, 0x0000000712c00000|100%| O|  |TAMS 0x0000000712a00000| PB 0x0000000712a00000| Untracked |  0
| 150|0x0000000712c00000, 0x0000000712e00000, 0x0000000712e00000|100%| O|  |TAMS 0x0000000712c00000| PB 0x0000000712c00000| Untracked |  0
| 151|0x0000000712e00000, 0x0000000713000000, 0x0000000713000000|100%| O|  |TAMS 0x0000000712e00000| PB 0x0000000712e00000| Untracked |  0
| 152|0x0000000713000000, 0x0000000713200000, 0x0000000713200000|100%| O|  |TAMS 0x0000000713000000| PB 0x0000000713000000| Untracked |  0
| 153|0x0000000713200000, 0x0000000713400000, 0x0000000713400000|100%| O|  |TAMS 0x0000000713200000| PB 0x0000000713200000| Untracked |  0
| 154|0x0000000713400000, 0x0000000713600000, 0x0000000713600000|100%| O|  |TAMS 0x0000000713400000| PB 0x0000000713400000| Untracked |  0
| 155|0x0000000713600000, 0x0000000713800000, 0x0000000713800000|100%| O|  |TAMS 0x0000000713600000| PB 0x0000000713600000| Untracked |  0
| 156|0x0000000713800000, 0x0000000713a00000, 0x0000000713a00000|100%| O|  |TAMS 0x0000000713800000| PB 0x0000000713800000| Untracked |  0
| 157|0x0000000713a00000, 0x0000000713c00000, 0x0000000713c00000|100%| O|  |TAMS 0x0000000713a00000| PB 0x0000000713a00000| Untracked |  0
| 158|0x0000000713c00000, 0x0000000713e00000, 0x0000000713e00000|100%| O|  |TAMS 0x0000000713c00000| PB 0x0000000713c00000| Untracked |  0
| 159|0x0000000713e00000, 0x0000000714000000, 0x0000000714000000|100%| O|  |TAMS 0x0000000713e00000| PB 0x0000000713e00000| Untracked |  0
| 160|0x0000000714000000, 0x0000000714200000, 0x0000000714200000|100%| O|  |TAMS 0x0000000714000000| PB 0x0000000714000000| Untracked |  0
| 161|0x0000000714200000, 0x0000000714400000, 0x0000000714400000|100%| O|  |TAMS 0x0000000714200000| PB 0x0000000714200000| Untracked |  0
| 162|0x0000000714400000, 0x0000000714600000, 0x0000000714600000|100%| O|  |TAMS 0x0000000714400000| PB 0x0000000714400000| Untracked |  0
| 163|0x0000000714600000, 0x0000000714800000, 0x0000000714800000|100%| O|  |TAMS 0x0000000714600000| PB 0x0000000714600000| Untracked |  0
| 164|0x0000000714800000, 0x0000000714a00000, 0x0000000714a00000|100%| O|  |TAMS 0x0000000714800000| PB 0x0000000714800000| Untracked |  0
| 165|0x0000000714a00000, 0x0000000714c00000, 0x0000000714c00000|100%| O|  |TAMS 0x0000000714a00000| PB 0x0000000714a00000| Untracked |  0
| 166|0x0000000714c00000, 0x0000000714e00000, 0x0000000714e00000|100%| O|  |TAMS 0x0000000714c00000| PB 0x0000000714c00000| Untracked |  0
| 167|0x0000000714e00000, 0x0000000715000000, 0x0000000715000000|100%| O|  |TAMS 0x0000000714e00000| PB 0x0000000714e00000| Untracked |  0
| 168|0x0000000715000000, 0x0000000715200000, 0x0000000715200000|100%| O|  |TAMS 0x0000000715000000| PB 0x0000000715000000| Untracked |  0
| 169|0x0000000715200000, 0x0000000715400000, 0x0000000715400000|100%| O|  |TAMS 0x0000000715200000| PB 0x0000000715200000| Untracked |  0
| 170|0x0000000715400000, 0x0000000715600000, 0x0000000715600000|100%| O|  |TAMS 0x0000000715400000| PB 0x0000000715400000| Untracked |  0
| 171|0x0000000715600000, 0x0000000715800000, 0x0000000715800000|100%| O|  |TAMS 0x0000000715600000| PB 0x0000000715600000| Untracked |  0
| 172|0x0000000715800000, 0x0000000715a00000, 0x0000000715a00000|100%| O|  |TAMS 0x0000000715800000| PB 0x0000000715800000| Untracked |  0
| 173|0x0000000715a00000, 0x0000000715c00000, 0x0000000715c00000|100%| O|  |TAMS 0x0000000715a00000| PB 0x0000000715a00000| Untracked |  0
| 174|0x0000000715c00000, 0x0000000715e00000, 0x0000000715e00000|100%| O|  |TAMS 0x0000000715c00000| PB 0x0000000715c00000| Untracked |  0
| 175|0x0000000715e00000, 0x0000000716000000, 0x0000000716000000|100%| O|  |TAMS 0x0000000715e00000| PB 0x0000000715e00000| Untracked |  0
| 176|0x0000000716000000, 0x0000000716200000, 0x0000000716200000|100%| O|  |TAMS 0x0000000716000000| PB 0x0000000716000000| Untracked |  0
| 177|0x0000000716200000, 0x0000000716400000, 0x0000000716400000|100%| O|  |TAMS 0x0000000716200000| PB 0x0000000716200000| Untracked |  0
| 178|0x0000000716400000, 0x0000000716600000, 0x0000000716600000|100%| O|  |TAMS 0x0000000716400000| PB 0x0000000716400000| Untracked |  0
| 179|0x0000000716600000, 0x0000000716800000, 0x0000000716800000|100%| O|  |TAMS 0x0000000716600000| PB 0x0000000716600000| Untracked |  0
| 180|0x0000000716800000, 0x0000000716a00000, 0x0000000716a00000|100%| O|  |TAMS 0x0000000716800000| PB 0x0000000716800000| Untracked |  0
| 181|0x0000000716a00000, 0x0000000716c00000, 0x0000000716c00000|100%| O|  |TAMS 0x0000000716a00000| PB 0x0000000716a00000| Untracked |  0
| 182|0x0000000716c00000, 0x0000000716e00000, 0x0000000716e00000|100%| O|  |TAMS 0x0000000716c00000| PB 0x0000000716c00000| Untracked |  0
| 183|0x0000000716e00000, 0x0000000717000000, 0x0000000717000000|100%| O|  |TAMS 0x0000000716e00000| PB 0x0000000716e00000| Untracked |  0
| 184|0x0000000717000000, 0x0000000717200000, 0x0000000717200000|100%| O|  |TAMS 0x0000000717000000| PB 0x0000000717000000| Untracked |  0
| 185|0x0000000717200000, 0x0000000717400000, 0x0000000717400000|100%| O|  |TAMS 0x0000000717200000| PB 0x0000000717200000| Untracked |  0
| 186|0x0000000717400000, 0x0000000717600000, 0x0000000717600000|100%| O|  |TAMS 0x0000000717400000| PB 0x0000000717400000| Untracked |  0
| 187|0x0000000717600000, 0x0000000717800000, 0x0000000717800000|100%| O|  |TAMS 0x0000000717600000| PB 0x0000000717600000| Untracked |  0
| 188|0x0000000717800000, 0x0000000717a00000, 0x0000000717a00000|100%| O|  |TAMS 0x0000000717800000| PB 0x0000000717800000| Untracked |  0
| 189|0x0000000717a00000, 0x0000000717c00000, 0x0000000717c00000|100%| O|  |TAMS 0x0000000717a00000| PB 0x0000000717a00000| Untracked |  0
| 190|0x0000000717c00000, 0x0000000717e00000, 0x0000000717e00000|100%| O|  |TAMS 0x0000000717c00000| PB 0x0000000717c00000| Untracked |  0
| 191|0x0000000717e00000, 0x0000000718000000, 0x0000000718000000|100%| O|  |TAMS 0x0000000717e00000| PB 0x0000000717e00000| Untracked |  0
| 192|0x0000000718000000, 0x0000000718200000, 0x0000000718200000|100%| O|  |TAMS 0x0000000718000000| PB 0x0000000718000000| Untracked |  0
| 193|0x0000000718200000, 0x0000000718400000, 0x0000000718400000|100%| O|  |TAMS 0x0000000718200000| PB 0x0000000718200000| Untracked |  0
| 194|0x0000000718400000, 0x0000000718600000, 0x0000000718600000|100%| O|  |TAMS 0x0000000718400000| PB 0x0000000718400000| Untracked |  0
| 195|0x0000000718600000, 0x0000000718800000, 0x0000000718800000|100%| O|  |TAMS 0x0000000718600000| PB 0x0000000718600000| Untracked |  0
| 196|0x0000000718800000, 0x0000000718a00000, 0x0000000718a00000|100%| O|  |TAMS 0x0000000718800000| PB 0x0000000718800000| Untracked |  0
| 197|0x0000000718a00000, 0x0000000718c00000, 0x0000000718c00000|100%| O|  |TAMS 0x0000000718a00000| PB 0x0000000718a00000| Untracked |  0
| 198|0x0000000718c00000, 0x0000000718e00000, 0x0000000718e00000|100%| O|  |TAMS 0x0000000718c00000| PB 0x0000000718c00000| Untracked |  0
| 199|0x0000000718e00000, 0x0000000719000000, 0x0000000719000000|100%| O|  |TAMS 0x0000000718e00000| PB 0x0000000718e00000| Untracked |  0
| 200|0x0000000719000000, 0x0000000719200000, 0x0000000719200000|100%| O|  |TAMS 0x0000000719000000| PB 0x0000000719000000| Untracked |  0
| 201|0x0000000719200000, 0x0000000719400000, 0x0000000719400000|100%| O|  |TAMS 0x0000000719200000| PB 0x0000000719200000| Untracked |  0
| 202|0x0000000719400000, 0x0000000719600000, 0x0000000719600000|100%| O|  |TAMS 0x0000000719400000| PB 0x0000000719400000| Untracked |  0
| 203|0x0000000719600000, 0x0000000719800000, 0x0000000719800000|100%| O|  |TAMS 0x0000000719600000| PB 0x0000000719600000| Untracked |  0
| 204|0x0000000719800000, 0x0000000719a00000, 0x0000000719a00000|100%| O|  |TAMS 0x0000000719800000| PB 0x0000000719800000| Untracked |  0
| 205|0x0000000719a00000, 0x0000000719c00000, 0x0000000719c00000|100%| O|  |TAMS 0x0000000719a00000| PB 0x0000000719a00000| Untracked |  0
| 206|0x0000000719c00000, 0x0000000719e00000, 0x0000000719e00000|100%| O|  |TAMS 0x0000000719c00000| PB 0x0000000719c00000| Untracked |  0
| 207|0x0000000719e00000, 0x000000071a000000, 0x000000071a000000|100%| O|  |TAMS 0x0000000719e00000| PB 0x0000000719e00000| Untracked |  0
| 208|0x000000071a000000, 0x000000071a200000, 0x000000071a200000|100%| O|  |TAMS 0x000000071a000000| PB 0x000000071a000000| Untracked |  0
| 209|0x000000071a200000, 0x000000071a400000, 0x000000071a400000|100%| O|  |TAMS 0x000000071a200000| PB 0x000000071a200000| Untracked |  0
| 210|0x000000071a400000, 0x000000071a600000, 0x000000071a600000|100%| O|  |TAMS 0x000000071a400000| PB 0x000000071a400000| Untracked |  0
| 211|0x000000071a600000, 0x000000071a800000, 0x000000071a800000|100%| O|  |TAMS 0x000000071a600000| PB 0x000000071a600000| Untracked |  0
| 212|0x000000071a800000, 0x000000071aa00000, 0x000000071aa00000|100%| O|  |TAMS 0x000000071a800000| PB 0x000000071a800000| Untracked |  0
| 213|0x000000071aa00000, 0x000000071ac00000, 0x000000071ac00000|100%| O|  |TAMS 0x000000071aa00000| PB 0x000000071aa00000| Untracked |  0
| 214|0x000000071ac00000, 0x000000071ae00000, 0x000000071ae00000|100%| O|  |TAMS 0x000000071ac00000| PB 0x000000071ac00000| Untracked |  0
| 215|0x000000071ae00000, 0x000000071b000000, 0x000000071b000000|100%| O|  |TAMS 0x000000071ae00000| PB 0x000000071ae00000| Untracked |  0
| 216|0x000000071b000000, 0x000000071b200000, 0x000000071b200000|100%| O|  |TAMS 0x000000071b000000| PB 0x000000071b000000| Untracked |  0
| 217|0x000000071b200000, 0x000000071b400000, 0x000000071b400000|100%| O|  |TAMS 0x000000071b200000| PB 0x000000071b200000| Untracked |  0
| 218|0x000000071b400000, 0x000000071b600000, 0x000000071b600000|100%| O|  |TAMS 0x000000071b400000| PB 0x000000071b400000| Untracked |  0
| 219|0x000000071b600000, 0x000000071b800000, 0x000000071b800000|100%| O|  |TAMS 0x000000071b600000| PB 0x000000071b600000| Untracked |  0
| 220|0x000000071b800000, 0x000000071ba00000, 0x000000071ba00000|100%| O|  |TAMS 0x000000071b800000| PB 0x000000071b800000| Untracked |  0
| 221|0x000000071ba00000, 0x000000071bc00000, 0x000000071bc00000|100%| O|  |TAMS 0x000000071ba00000| PB 0x000000071ba00000| Untracked |  0
| 222|0x000000071bc00000, 0x000000071be00000, 0x000000071be00000|100%| O|  |TAMS 0x000000071bc00000| PB 0x000000071bc00000| Untracked |  0
| 223|0x000000071be00000, 0x000000071c000000, 0x000000071c000000|100%| O|  |TAMS 0x000000071be00000| PB 0x000000071be00000| Untracked |  0
| 224|0x000000071c000000, 0x000000071c200000, 0x000000071c200000|100%| O|  |TAMS 0x000000071c000000| PB 0x000000071c000000| Untracked |  0
| 225|0x000000071c200000, 0x000000071c400000, 0x000000071c400000|100%| O|  |TAMS 0x000000071c200000| PB 0x000000071c200000| Untracked |  0
| 226|0x000000071c400000, 0x000000071c600000, 0x000000071c600000|100%| O|  |TAMS 0x000000071c400000| PB 0x000000071c400000| Untracked |  0
| 227|0x000000071c600000, 0x000000071c800000, 0x000000071c800000|100%| O|  |TAMS 0x000000071c600000| PB 0x000000071c600000| Untracked |  0
| 228|0x000000071c800000, 0x000000071ca00000, 0x000000071ca00000|100%| O|  |TAMS 0x000000071c800000| PB 0x000000071c800000| Untracked |  0
| 229|0x000000071ca00000, 0x000000071cc00000, 0x000000071cc00000|100%| O|  |TAMS 0x000000071ca00000| PB 0x000000071ca00000| Untracked |  0
| 230|0x000000071cc00000, 0x000000071ce00000, 0x000000071ce00000|100%| O|  |TAMS 0x000000071cc00000| PB 0x000000071cc00000| Untracked |  0
| 231|0x000000071ce00000, 0x000000071d000000, 0x000000071d000000|100%| O|  |TAMS 0x000000071ce00000| PB 0x000000071ce00000| Untracked |  0
| 232|0x000000071d000000, 0x000000071d000000, 0x000000071d200000|  0%| F|  |TAMS 0x000000071d000000| PB 0x000000071d000000| Untracked |  0
| 233|0x000000071d200000, 0x000000071d400000, 0x000000071d400000|100%| O|  |TAMS 0x000000071d200000| PB 0x000000071d200000| Untracked |  0
| 234|0x000000071d400000, 0x000000071d600000, 0x000000071d600000|100%| O|  |TAMS 0x000000071d400000| PB 0x000000071d400000| Untracked |  0
| 235|0x000000071d600000, 0x000000071d800000, 0x000000071d800000|100%| O|  |TAMS 0x000000071d600000| PB 0x000000071d600000| Untracked |  0
| 236|0x000000071d800000, 0x000000071da00000, 0x000000071da00000|100%| O|  |TAMS 0x000000071d800000| PB 0x000000071d800000| Untracked |  0
| 237|0x000000071da00000, 0x000000071dc00000, 0x000000071dc00000|100%| O|  |TAMS 0x000000071da00000| PB 0x000000071da00000| Untracked |  0
| 238|0x000000071dc00000, 0x000000071de00000, 0x000000071de00000|100%| O|  |TAMS 0x000000071dc00000| PB 0x000000071dc00000| Untracked |  0
| 239|0x000000071de00000, 0x000000071e000000, 0x000000071e000000|100%|HS|  |TAMS 0x000000071de00000| PB 0x000000071de00000| Complete |  0
| 240|0x000000071e000000, 0x000000071e200000, 0x000000071e200000|100%|HS|  |TAMS 0x000000071e000000| PB 0x000000071e000000| Complete |  0
| 241|0x000000071e200000, 0x000000071e400000, 0x000000071e400000|100%| O|  |TAMS 0x000000071e200000| PB 0x000000071e200000| Untracked |  0
| 242|0x000000071e400000, 0x000000071e600000, 0x000000071e600000|100%| O|  |TAMS 0x000000071e400000| PB 0x000000071e400000| Untracked |  0
| 243|0x000000071e600000, 0x000000071e800000, 0x000000071e800000|100%| O|  |TAMS 0x000000071e600000| PB 0x000000071e600000| Untracked |  0
| 244|0x000000071e800000, 0x000000071ea00000, 0x000000071ea00000|100%| O|  |TAMS 0x000000071e800000| PB 0x000000071e800000| Untracked |  0
| 245|0x000000071ea00000, 0x000000071ec00000, 0x000000071ec00000|100%| O|  |TAMS 0x000000071ea00000| PB 0x000000071ea00000| Untracked |  0
| 246|0x000000071ec00000, 0x000000071ee00000, 0x000000071ee00000|100%| O|  |TAMS 0x000000071ec00000| PB 0x000000071ec00000| Untracked |  0
| 247|0x000000071ee00000, 0x000000071f000000, 0x000000071f000000|100%| O|  |TAMS 0x000000071ee00000| PB 0x000000071ee00000| Untracked |  0
| 248|0x000000071f000000, 0x000000071f200000, 0x000000071f200000|100%| O|Cm|TAMS 0x000000071f000000| PB 0x000000071f000000| Complete |  0
| 249|0x000000071f200000, 0x000000071f400000, 0x000000071f400000|100%| O|  |TAMS 0x000000071f200000| PB 0x000000071f200000| Untracked |  0
| 250|0x000000071f400000, 0x000000071f600000, 0x000000071f600000|100%| O|  |TAMS 0x000000071f400000| PB 0x000000071f400000| Untracked |  0
| 251|0x000000071f600000, 0x000000071f800000, 0x000000071f800000|100%| O|  |TAMS 0x000000071f600000| PB 0x000000071f600000| Untracked |  0
| 252|0x000000071f800000, 0x000000071fa00000, 0x000000071fa00000|100%| O|  |TAMS 0x000000071f800000| PB 0x000000071f800000| Untracked |  0
| 253|0x000000071fa00000, 0x000000071fc00000, 0x000000071fc00000|100%| O|  |TAMS 0x000000071fa00000| PB 0x000000071fa00000| Untracked |  0
| 254|0x000000071fc00000, 0x000000071fe00000, 0x000000071fe00000|100%| O|  |TAMS 0x000000071fc00000| PB 0x000000071fc00000| Untracked |  0
| 255|0x000000071fe00000, 0x0000000720000000, 0x0000000720000000|100%| O|  |TAMS 0x000000071fe00000| PB 0x000000071fe00000| Untracked |  0
| 256|0x0000000720000000, 0x0000000720200000, 0x0000000720200000|100%| O|  |TAMS 0x0000000720000000| PB 0x0000000720000000| Untracked |  0
| 257|0x0000000720200000, 0x0000000720400000, 0x0000000720400000|100%| O|  |TAMS 0x0000000720200000| PB 0x0000000720200000| Untracked |  0
| 258|0x0000000720400000, 0x0000000720600000, 0x0000000720600000|100%| O|  |TAMS 0x0000000720400000| PB 0x0000000720400000| Untracked |  0
| 259|0x0000000720600000, 0x0000000720800000, 0x0000000720800000|100%| O|  |TAMS 0x0000000720600000| PB 0x0000000720600000| Untracked |  0
| 260|0x0000000720800000, 0x0000000720a00000, 0x0000000720a00000|100%| O|  |TAMS 0x0000000720800000| PB 0x0000000720800000| Untracked |  0
| 261|0x0000000720a00000, 0x0000000720c00000, 0x0000000720c00000|100%| O|  |TAMS 0x0000000720a00000| PB 0x0000000720a00000| Untracked |  0
| 262|0x0000000720c00000, 0x0000000720e00000, 0x0000000720e00000|100%| O|  |TAMS 0x0000000720c00000| PB 0x0000000720c00000| Untracked |  0
| 263|0x0000000720e00000, 0x0000000721000000, 0x0000000721000000|100%| O|  |TAMS 0x0000000720e00000| PB 0x0000000720e00000| Untracked |  0
| 264|0x0000000721000000, 0x0000000721200000, 0x0000000721200000|100%| O|  |TAMS 0x0000000721000000| PB 0x0000000721000000| Untracked |  0
| 265|0x0000000721200000, 0x0000000721400000, 0x0000000721400000|100%| O|  |TAMS 0x0000000721200000| PB 0x0000000721200000| Untracked |  0
| 266|0x0000000721400000, 0x0000000721600000, 0x0000000721600000|100%| O|  |TAMS 0x0000000721400000| PB 0x0000000721400000| Untracked |  0
| 267|0x0000000721600000, 0x0000000721800000, 0x0000000721800000|100%| O|  |TAMS 0x0000000721600000| PB 0x0000000721600000| Untracked |  0
| 268|0x0000000721800000, 0x0000000721a00000, 0x0000000721a00000|100%| O|  |TAMS 0x0000000721800000| PB 0x0000000721800000| Untracked |  0
| 269|0x0000000721a00000, 0x0000000721c00000, 0x0000000721c00000|100%| O|  |TAMS 0x0000000721a00000| PB 0x0000000721a00000| Untracked |  0
| 270|0x0000000721c00000, 0x0000000721e00000, 0x0000000721e00000|100%| O|  |TAMS 0x0000000721c00000| PB 0x0000000721c00000| Untracked |  0
| 271|0x0000000721e00000, 0x0000000722000000, 0x0000000722000000|100%| O|  |TAMS 0x0000000721e00000| PB 0x0000000721e00000| Untracked |  0
| 272|0x0000000722000000, 0x0000000722200000, 0x0000000722200000|100%| O|  |TAMS 0x0000000722000000| PB 0x0000000722000000| Untracked |  0
| 273|0x0000000722200000, 0x0000000722400000, 0x0000000722400000|100%| O|  |TAMS 0x0000000722200000| PB 0x0000000722200000| Untracked |  0
| 274|0x0000000722400000, 0x0000000722600000, 0x0000000722600000|100%| O|  |TAMS 0x0000000722400000| PB 0x0000000722400000| Untracked |  0
| 275|0x0000000722600000, 0x0000000722800000, 0x0000000722800000|100%| O|  |TAMS 0x0000000722600000| PB 0x0000000722600000| Untracked |  0
| 276|0x0000000722800000, 0x0000000722a00000, 0x0000000722a00000|100%| O|  |TAMS 0x0000000722800000| PB 0x0000000722800000| Untracked |  0
| 277|0x0000000722a00000, 0x0000000722c00000, 0x0000000722c00000|100%| O|  |TAMS 0x0000000722a00000| PB 0x0000000722a00000| Untracked |  0
| 278|0x0000000722c00000, 0x0000000722e00000, 0x0000000722e00000|100%| O|  |TAMS 0x0000000722c00000| PB 0x0000000722c00000| Untracked |  0
| 279|0x0000000722e00000, 0x0000000723000000, 0x0000000723000000|100%| O|  |TAMS 0x0000000722e00000| PB 0x0000000722e00000| Untracked |  0
| 280|0x0000000723000000, 0x0000000723200000, 0x0000000723200000|100%| O|  |TAMS 0x0000000723000000| PB 0x0000000723000000| Untracked |  0
| 281|0x0000000723200000, 0x0000000723400000, 0x0000000723400000|100%| O|  |TAMS 0x0000000723200000| PB 0x0000000723200000| Untracked |  0
| 282|0x0000000723400000, 0x0000000723600000, 0x0000000723600000|100%| O|  |TAMS 0x0000000723400000| PB 0x0000000723400000| Untracked |  0
| 283|0x0000000723600000, 0x0000000723800000, 0x0000000723800000|100%| O|  |TAMS 0x0000000723600000| PB 0x0000000723600000| Untracked |  0
| 284|0x0000000723800000, 0x0000000723a00000, 0x0000000723a00000|100%| O|Cm|TAMS 0x0000000723800000| PB 0x0000000723800000| Complete |  0
| 285|0x0000000723a00000, 0x0000000723c00000, 0x0000000723c00000|100%| O|Cm|TAMS 0x0000000723a00000| PB 0x0000000723a00000| Complete |  0
| 286|0x0000000723c00000, 0x0000000723e00000, 0x0000000723e00000|100%| O|  |TAMS 0x0000000723c00000| PB 0x0000000723c00000| Untracked |  0
| 287|0x0000000723e00000, 0x0000000723ffc1d0, 0x0000000724000000| 99%| O|  |TAMS 0x0000000723e00000| PB 0x0000000723e00000| Untracked |  0
| 288|0x0000000724000000, 0x0000000724200000, 0x0000000724200000|100%| O|Cm|TAMS 0x0000000724000000| PB 0x0000000724000000| Complete |  0
| 289|0x0000000724200000, 0x0000000724400000, 0x0000000724400000|100%| O|  |TAMS 0x0000000724200000| PB 0x0000000724200000| Untracked |  0
| 290|0x0000000724400000, 0x0000000724400000, 0x0000000724600000|  0%| F|  |TAMS 0x0000000724400000| PB 0x0000000724400000| Untracked |  0
| 291|0x0000000724600000, 0x0000000724800000, 0x0000000724800000|100%| O|  |TAMS 0x0000000724600000| PB 0x0000000724600000| Untracked |  0
| 292|0x0000000724800000, 0x0000000724800000, 0x0000000724a00000|  0%| F|  |TAMS 0x0000000724800000| PB 0x0000000724800000| Untracked |  0
| 293|0x0000000724a00000, 0x0000000724a00000, 0x0000000724c00000|  0%| F|  |TAMS 0x0000000724a00000| PB 0x0000000724a00000| Untracked |  0
| 294|0x0000000724c00000, 0x0000000724c00000, 0x0000000724e00000|  0%| F|  |TAMS 0x0000000724c00000| PB 0x0000000724c00000| Untracked |  0
| 295|0x0000000724e00000, 0x0000000724e00000, 0x0000000725000000|  0%| F|  |TAMS 0x0000000724e00000| PB 0x0000000724e00000| Untracked |  0
| 296|0x0000000725000000, 0x0000000725000000, 0x0000000725200000|  0%| F|  |TAMS 0x0000000725000000| PB 0x0000000725000000| Untracked |  0
| 297|0x0000000725200000, 0x0000000725400000, 0x0000000725400000|100%| O|Cm|TAMS 0x0000000725200000| PB 0x0000000725200000| Complete |  0
| 298|0x0000000725400000, 0x0000000725600000, 0x0000000725600000|100%| O|  |TAMS 0x0000000725400000| PB 0x0000000725400000| Untracked |  0
| 299|0x0000000725600000, 0x0000000725800000, 0x0000000725800000|100%| O|Cm|TAMS 0x0000000725600000| PB 0x0000000725600000| Complete |  0
| 300|0x0000000725800000, 0x0000000725800000, 0x0000000725a00000|  0%| F|  |TAMS 0x0000000725800000| PB 0x0000000725800000| Untracked |  0
| 301|0x0000000725a00000, 0x0000000725a00000, 0x0000000725c00000|  0%| F|  |TAMS 0x0000000725a00000| PB 0x0000000725a00000| Untracked |  0
| 302|0x0000000725c00000, 0x0000000725e00000, 0x0000000725e00000|100%| O|Cm|TAMS 0x0000000725c00000| PB 0x0000000725c00000| Complete |  0
| 303|0x0000000725e00000, 0x0000000725e00000, 0x0000000726000000|  0%| F|  |TAMS 0x0000000725e00000| PB 0x0000000725e00000| Untracked |  0
| 304|0x0000000726000000, 0x0000000726200000, 0x0000000726200000|100%| O|  |TAMS 0x0000000726000000| PB 0x0000000726000000| Untracked |  0
| 305|0x0000000726200000, 0x0000000726400000, 0x0000000726400000|100%| O|  |TAMS 0x0000000726200000| PB 0x0000000726200000| Untracked |  0
| 306|0x0000000726400000, 0x0000000726600000, 0x0000000726600000|100%| O|  |TAMS 0x0000000726400000| PB 0x0000000726400000| Untracked |  0
| 307|0x0000000726600000, 0x0000000726800000, 0x0000000726800000|100%| O|  |TAMS 0x0000000726600000| PB 0x0000000726600000| Untracked |  0
| 308|0x0000000726800000, 0x0000000726800000, 0x0000000726a00000|  0%| F|  |TAMS 0x0000000726800000| PB 0x0000000726800000| Untracked |  0
| 309|0x0000000726a00000, 0x0000000726c00000, 0x0000000726c00000|100%| O|  |TAMS 0x0000000726a00000| PB 0x0000000726a00000| Untracked |  0
| 310|0x0000000726c00000, 0x0000000726e00000, 0x0000000726e00000|100%| O|  |TAMS 0x0000000726c00000| PB 0x0000000726c00000| Untracked |  0
| 311|0x0000000726e00000, 0x0000000726e00000, 0x0000000727000000|  0%| F|  |TAMS 0x0000000726e00000| PB 0x0000000726e00000| Untracked |  0
| 312|0x0000000727000000, 0x0000000727200000, 0x0000000727200000|100%| O|Cm|TAMS 0x0000000727000000| PB 0x0000000727000000| Complete |  0
| 313|0x0000000727200000, 0x0000000727400000, 0x0000000727400000|100%| O|  |TAMS 0x0000000727200000| PB 0x0000000727200000| Untracked |  0
| 314|0x0000000727400000, 0x0000000727600000, 0x0000000727600000|100%| O|  |TAMS 0x0000000727400000| PB 0x0000000727400000| Untracked |  0
| 315|0x0000000727600000, 0x0000000727800000, 0x0000000727800000|100%| O|  |TAMS 0x0000000727600000| PB 0x0000000727600000| Untracked |  0
| 316|0x0000000727800000, 0x0000000727a00000, 0x0000000727a00000|100%| O|  |TAMS 0x0000000727800000| PB 0x0000000727800000| Untracked |  0
| 317|0x0000000727a00000, 0x0000000727c00000, 0x0000000727c00000|100%| O|  |TAMS 0x0000000727a00000| PB 0x0000000727a00000| Untracked |  0
| 318|0x0000000727c00000, 0x0000000727e00000, 0x0000000727e00000|100%| O|  |TAMS 0x0000000727c00000| PB 0x0000000727c00000| Untracked |  0
| 319|0x0000000727e00000, 0x0000000727e00000, 0x0000000728000000|  0%| F|  |TAMS 0x0000000727e00000| PB 0x0000000727e00000| Untracked |  0
| 320|0x0000000728000000, 0x0000000728200000, 0x0000000728200000|100%| O|Cm|TAMS 0x0000000728000000| PB 0x0000000728000000| Complete |  0
| 321|0x0000000728200000, 0x0000000728400000, 0x0000000728400000|100%| O|Cm|TAMS 0x0000000728200000| PB 0x0000000728200000| Complete |  0
| 322|0x0000000728400000, 0x0000000728600000, 0x0000000728600000|100%| O|Cm|TAMS 0x0000000728400000| PB 0x0000000728400000| Complete |  0
| 323|0x0000000728600000, 0x0000000728800000, 0x0000000728800000|100%| O|Cm|TAMS 0x0000000728600000| PB 0x0000000728600000| Complete |  0
| 324|0x0000000728800000, 0x0000000728a00000, 0x0000000728a00000|100%| O|  |TAMS 0x0000000728800000| PB 0x0000000728800000| Untracked |  0
| 325|0x0000000728a00000, 0x0000000728c00000, 0x0000000728c00000|100%| O|  |TAMS 0x0000000728a00000| PB 0x0000000728a00000| Untracked |  0
| 326|0x0000000728c00000, 0x0000000728e00000, 0x0000000728e00000|100%| O|Cm|TAMS 0x0000000728c00000| PB 0x0000000728c00000| Complete |  0
| 327|0x0000000728e00000, 0x0000000729000000, 0x0000000729000000|100%| O|  |TAMS 0x0000000728e00000| PB 0x0000000728e00000| Untracked |  0
| 328|0x0000000729000000, 0x0000000729200000, 0x0000000729200000|100%| O|  |TAMS 0x0000000729000000| PB 0x0000000729000000| Untracked |  0
| 329|0x0000000729200000, 0x0000000729400000, 0x0000000729400000|100%| O|  |TAMS 0x0000000729200000| PB 0x0000000729200000| Untracked |  0
| 330|0x0000000729400000, 0x0000000729600000, 0x0000000729600000|100%| O|  |TAMS 0x0000000729400000| PB 0x0000000729400000| Untracked |  0
| 331|0x0000000729600000, 0x0000000729800000, 0x0000000729800000|100%| O|  |TAMS 0x0000000729600000| PB 0x0000000729600000| Untracked |  0
| 332|0x0000000729800000, 0x0000000729a00000, 0x0000000729a00000|100%| O|Cm|TAMS 0x0000000729800000| PB 0x0000000729800000| Complete |  0
| 333|0x0000000729a00000, 0x0000000729c00000, 0x0000000729c00000|100%| O|Cm|TAMS 0x0000000729a00000| PB 0x0000000729a00000| Complete |  0
| 334|0x0000000729c00000, 0x0000000729e00000, 0x0000000729e00000|100%| O|  |TAMS 0x0000000729c00000| PB 0x0000000729c00000| Untracked |  0
| 335|0x0000000729e00000, 0x000000072a000000, 0x000000072a000000|100%| O|  |TAMS 0x0000000729e00000| PB 0x0000000729e00000| Untracked |  0
| 336|0x000000072a000000, 0x000000072a200000, 0x000000072a200000|100%| O|  |TAMS 0x000000072a000000| PB 0x000000072a000000| Untracked |  0
| 337|0x000000072a200000, 0x000000072a400000, 0x000000072a400000|100%| O|  |TAMS 0x000000072a200000| PB 0x000000072a200000| Untracked |  0
| 338|0x000000072a400000, 0x000000072a600000, 0x000000072a600000|100%| O|  |TAMS 0x000000072a400000| PB 0x000000072a400000| Untracked |  0
| 339|0x000000072a600000, 0x000000072a800000, 0x000000072a800000|100%| O|  |TAMS 0x000000072a600000| PB 0x000000072a600000| Untracked |  0
| 340|0x000000072a800000, 0x000000072aa00000, 0x000000072aa00000|100%| O|  |TAMS 0x000000072a800000| PB 0x000000072a800000| Untracked |  0
| 341|0x000000072aa00000, 0x000000072ac00000, 0x000000072ac00000|100%| O|  |TAMS 0x000000072aa00000| PB 0x000000072aa00000| Untracked |  0
| 342|0x000000072ac00000, 0x000000072ae00000, 0x000000072ae00000|100%| O|  |TAMS 0x000000072ac00000| PB 0x000000072ac00000| Untracked |  0
| 343|0x000000072ae00000, 0x000000072b000000, 0x000000072b000000|100%| O|  |TAMS 0x000000072ae00000| PB 0x000000072ae00000| Untracked |  0
| 344|0x000000072b000000, 0x000000072b200000, 0x000000072b200000|100%| O|  |TAMS 0x000000072b000000| PB 0x000000072b000000| Untracked |  0
| 345|0x000000072b200000, 0x000000072b200000, 0x000000072b400000|  0%| F|  |TAMS 0x000000072b200000| PB 0x000000072b200000| Untracked |  0
| 346|0x000000072b400000, 0x000000072b600000, 0x000000072b600000|100%| O|  |TAMS 0x000000072b400000| PB 0x000000072b400000| Untracked |  0
| 347|0x000000072b600000, 0x000000072b800000, 0x000000072b800000|100%| O|  |TAMS 0x000000072b600000| PB 0x000000072b600000| Untracked |  0
| 348|0x000000072b800000, 0x000000072ba00000, 0x000000072ba00000|100%| O|  |TAMS 0x000000072b800000| PB 0x000000072b800000| Untracked |  0
| 349|0x000000072ba00000, 0x000000072bc00000, 0x000000072bc00000|100%| O|  |TAMS 0x000000072ba00000| PB 0x000000072ba00000| Untracked |  0
| 350|0x000000072bc00000, 0x000000072be00000, 0x000000072be00000|100%| O|Cm|TAMS 0x000000072bc00000| PB 0x000000072bc00000| Complete |  0
| 351|0x000000072be00000, 0x000000072c000000, 0x000000072c000000|100%| O|Cm|TAMS 0x000000072be00000| PB 0x000000072be00000| Complete |  0
| 352|0x000000072c000000, 0x000000072c200000, 0x000000072c200000|100%| O|Cm|TAMS 0x000000072c000000| PB 0x000000072c000000| Complete |  0
| 353|0x000000072c200000, 0x000000072c400000, 0x000000072c400000|100%| O|Cm|TAMS 0x000000072c200000| PB 0x000000072c200000| Complete |  0
| 354|0x000000072c400000, 0x000000072c600000, 0x000000072c600000|100%| O|Cm|TAMS 0x000000072c400000| PB 0x000000072c400000| Complete |  0
| 355|0x000000072c600000, 0x000000072c600000, 0x000000072c800000|  0%| F|  |TAMS 0x000000072c600000| PB 0x000000072c600000| Untracked |  0
| 356|0x000000072c800000, 0x000000072c800000, 0x000000072ca00000|  0%| F|  |TAMS 0x000000072c800000| PB 0x000000072c800000| Untracked |  0
| 357|0x000000072ca00000, 0x000000072cc00000, 0x000000072cc00000|100%| O|  |TAMS 0x000000072ca00000| PB 0x000000072ca00000| Untracked |  0
| 358|0x000000072cc00000, 0x000000072ce00000, 0x000000072ce00000|100%| O|  |TAMS 0x000000072cc00000| PB 0x000000072cc00000| Untracked |  0
| 359|0x000000072ce00000, 0x000000072d000000, 0x000000072d000000|100%| O|  |TAMS 0x000000072ce00000| PB 0x000000072ce00000| Untracked |  0
| 360|0x000000072d000000, 0x000000072d200000, 0x000000072d200000|100%| O|  |TAMS 0x000000072d000000| PB 0x000000072d000000| Untracked |  0
| 361|0x000000072d200000, 0x000000072d400000, 0x000000072d400000|100%| O|Cm|TAMS 0x000000072d200000| PB 0x000000072d200000| Complete |  0
| 362|0x000000072d400000, 0x000000072d600000, 0x000000072d600000|100%| O|Cm|TAMS 0x000000072d400000| PB 0x000000072d400000| Complete |  0
| 363|0x000000072d600000, 0x000000072d800000, 0x000000072d800000|100%| O|Cm|TAMS 0x000000072d600000| PB 0x000000072d600000| Complete |  0
| 364|0x000000072d800000, 0x000000072da00000, 0x000000072da00000|100%| O|Cm|TAMS 0x000000072d800000| PB 0x000000072d800000| Complete |  0
| 365|0x000000072da00000, 0x000000072dc00000, 0x000000072dc00000|100%| O|Cm|TAMS 0x000000072da00000| PB 0x000000072da00000| Complete |  0
| 366|0x000000072dc00000, 0x000000072de00000, 0x000000072de00000|100%| O|  |TAMS 0x000000072dc00000| PB 0x000000072dc00000| Untracked |  0
| 367|0x000000072de00000, 0x000000072e000000, 0x000000072e000000|100%| O|  |TAMS 0x000000072de00000| PB 0x000000072de00000| Untracked |  0
| 368|0x000000072e000000, 0x000000072e200000, 0x000000072e200000|100%| O|  |TAMS 0x000000072e000000| PB 0x000000072e000000| Untracked |  0
| 369|0x000000072e200000, 0x000000072e400000, 0x000000072e400000|100%| O|  |TAMS 0x000000072e200000| PB 0x000000072e200000| Untracked |  0
| 370|0x000000072e400000, 0x000000072e600000, 0x000000072e600000|100%| O|  |TAMS 0x000000072e400000| PB 0x000000072e400000| Untracked |  0
| 371|0x000000072e600000, 0x000000072e800000, 0x000000072e800000|100%| O|  |TAMS 0x000000072e600000| PB 0x000000072e600000| Untracked |  0
| 372|0x000000072e800000, 0x000000072ea00000, 0x000000072ea00000|100%| O|  |TAMS 0x000000072e800000| PB 0x000000072e800000| Untracked |  0
| 373|0x000000072ea00000, 0x000000072ec00000, 0x000000072ec00000|100%| O|  |TAMS 0x000000072ea00000| PB 0x000000072ea00000| Untracked |  0
| 374|0x000000072ec00000, 0x000000072ee00000, 0x000000072ee00000|100%| O|  |TAMS 0x000000072ec00000| PB 0x000000072ec00000| Untracked |  0
| 375|0x000000072ee00000, 0x000000072f000000, 0x000000072f000000|100%| O|  |TAMS 0x000000072ee00000| PB 0x000000072ee00000| Untracked |  0
| 376|0x000000072f000000, 0x000000072f200000, 0x000000072f200000|100%| O|  |TAMS 0x000000072f000000| PB 0x000000072f000000| Untracked |  0
| 377|0x000000072f200000, 0x000000072f400000, 0x000000072f400000|100%| O|  |TAMS 0x000000072f200000| PB 0x000000072f200000| Untracked |  0
| 378|0x000000072f400000, 0x000000072f600000, 0x000000072f600000|100%| O|  |TAMS 0x000000072f400000| PB 0x000000072f400000| Untracked |  0
| 379|0x000000072f600000, 0x000000072f800000, 0x000000072f800000|100%| O|  |TAMS 0x000000072f600000| PB 0x000000072f600000| Untracked |  0
| 380|0x000000072f800000, 0x000000072fa00000, 0x000000072fa00000|100%| O|  |TAMS 0x000000072f800000| PB 0x000000072f800000| Untracked |  0
| 381|0x000000072fa00000, 0x000000072fc00000, 0x000000072fc00000|100%| O|  |TAMS 0x000000072fa00000| PB 0x000000072fa00000| Untracked |  0
| 382|0x000000072fc00000, 0x000000072fe00000, 0x000000072fe00000|100%| O|  |TAMS 0x000000072fc00000| PB 0x000000072fc00000| Untracked |  0
| 383|0x000000072fe00000, 0x0000000730000000, 0x0000000730000000|100%| O|  |TAMS 0x000000072fe00000| PB 0x000000072fe00000| Untracked |  0
| 384|0x0000000730000000, 0x0000000730200000, 0x0000000730200000|100%| O|  |TAMS 0x0000000730000000| PB 0x0000000730000000| Untracked |  0
| 385|0x0000000730200000, 0x0000000730400000, 0x0000000730400000|100%| O|  |TAMS 0x0000000730200000| PB 0x0000000730200000| Untracked |  0
| 386|0x0000000730400000, 0x0000000730600000, 0x0000000730600000|100%| O|  |TAMS 0x0000000730400000| PB 0x0000000730400000| Untracked |  0
| 387|0x0000000730600000, 0x0000000730800000, 0x0000000730800000|100%| O|  |TAMS 0x0000000730600000| PB 0x0000000730600000| Untracked |  0
| 388|0x0000000730800000, 0x0000000730a00000, 0x0000000730a00000|100%| O|  |TAMS 0x0000000730800000| PB 0x0000000730800000| Untracked |  0
| 389|0x0000000730a00000, 0x0000000730c00000, 0x0000000730c00000|100%| O|  |TAMS 0x0000000730a00000| PB 0x0000000730a00000| Untracked |  0
| 390|0x0000000730c00000, 0x0000000730e00000, 0x0000000730e00000|100%| O|  |TAMS 0x0000000730c00000| PB 0x0000000730c00000| Untracked |  0
| 391|0x0000000730e00000, 0x0000000731000000, 0x0000000731000000|100%| O|  |TAMS 0x0000000730e00000| PB 0x0000000730e00000| Untracked |  0
| 392|0x0000000731000000, 0x0000000731200000, 0x0000000731200000|100%| O|  |TAMS 0x0000000731000000| PB 0x0000000731000000| Untracked |  0
| 393|0x0000000731200000, 0x0000000731400000, 0x0000000731400000|100%| O|  |TAMS 0x0000000731200000| PB 0x0000000731200000| Untracked |  0
| 394|0x0000000731400000, 0x0000000731600000, 0x0000000731600000|100%| O|Cm|TAMS 0x0000000731400000| PB 0x0000000731400000| Complete |  0
| 395|0x0000000731600000, 0x0000000731800000, 0x0000000731800000|100%| O|Cm|TAMS 0x0000000731600000| PB 0x0000000731600000| Complete |  0
| 396|0x0000000731800000, 0x0000000731a00000, 0x0000000731a00000|100%| O|Cm|TAMS 0x0000000731800000| PB 0x0000000731800000| Complete |  0
| 397|0x0000000731a00000, 0x0000000731c00000, 0x0000000731c00000|100%| O|Cm|TAMS 0x0000000731a00000| PB 0x0000000731a00000| Complete |  0
| 398|0x0000000731c00000, 0x0000000731e00000, 0x0000000731e00000|100%| O|Cm|TAMS 0x0000000731c00000| PB 0x0000000731c00000| Complete |  0
| 399|0x0000000731e00000, 0x0000000732000000, 0x0000000732000000|100%| O|Cm|TAMS 0x0000000731e00000| PB 0x0000000731e00000| Complete |  0
| 400|0x0000000732000000, 0x0000000732200000, 0x0000000732200000|100%| O|Cm|TAMS 0x0000000732000000| PB 0x0000000732000000| Complete |  0
| 401|0x0000000732200000, 0x0000000732400000, 0x0000000732400000|100%| O|Cm|TAMS 0x0000000732200000| PB 0x0000000732200000| Complete |  0
| 402|0x0000000732400000, 0x0000000732600000, 0x0000000732600000|100%| O|Cm|TAMS 0x0000000732400000| PB 0x0000000732400000| Complete |  0
| 403|0x0000000732600000, 0x0000000732800000, 0x0000000732800000|100%| O|Cm|TAMS 0x0000000732600000| PB 0x0000000732600000| Complete |  0
| 404|0x0000000732800000, 0x0000000732a00000, 0x0000000732a00000|100%| O|Cm|TAMS 0x0000000732800000| PB 0x0000000732800000| Complete |  0
| 405|0x0000000732a00000, 0x0000000732c00000, 0x0000000732c00000|100%| O|Cm|TAMS 0x0000000732a00000| PB 0x0000000732a00000| Complete |  0
| 406|0x0000000732c00000, 0x0000000732e00000, 0x0000000732e00000|100%| O|Cm|TAMS 0x0000000732c00000| PB 0x0000000732c00000| Complete |  0
| 407|0x0000000732e00000, 0x0000000733000000, 0x0000000733000000|100%| O|Cm|TAMS 0x0000000732e00000| PB 0x0000000732e00000| Complete |  0
| 408|0x0000000733000000, 0x0000000733200000, 0x0000000733200000|100%| O|Cm|TAMS 0x0000000733000000| PB 0x0000000733000000| Complete |  0
| 409|0x0000000733200000, 0x0000000733400000, 0x0000000733400000|100%| O|Cm|TAMS 0x0000000733200000| PB 0x0000000733200000| Complete |  0
| 410|0x0000000733400000, 0x0000000733600000, 0x0000000733600000|100%| O|Cm|TAMS 0x0000000733400000| PB 0x0000000733400000| Complete |  0
| 411|0x0000000733600000, 0x0000000733800000, 0x0000000733800000|100%| O|Cm|TAMS 0x0000000733600000| PB 0x0000000733600000| Complete |  0
| 412|0x0000000733800000, 0x0000000733a00000, 0x0000000733a00000|100%| O|Cm|TAMS 0x0000000733800000| PB 0x0000000733800000| Complete |  0
| 413|0x0000000733a00000, 0x0000000733c00000, 0x0000000733c00000|100%| O|Cm|TAMS 0x0000000733a00000| PB 0x0000000733a00000| Complete |  0
| 414|0x0000000733c00000, 0x0000000733e00000, 0x0000000733e00000|100%| O|Cm|TAMS 0x0000000733c00000| PB 0x0000000733c00000| Complete |  0
| 415|0x0000000733e00000, 0x0000000734000000, 0x0000000734000000|100%| O|Cm|TAMS 0x0000000733e00000| PB 0x0000000733e00000| Complete |  0
| 416|0x0000000734000000, 0x0000000734200000, 0x0000000734200000|100%| O|Cm|TAMS 0x0000000734000000| PB 0x0000000734000000| Complete |  0
| 417|0x0000000734200000, 0x0000000734400000, 0x0000000734400000|100%| O|Cm|TAMS 0x0000000734200000| PB 0x0000000734200000| Complete |  0
| 418|0x0000000734400000, 0x0000000734600000, 0x0000000734600000|100%| O|Cm|TAMS 0x0000000734400000| PB 0x0000000734400000| Complete |  0
| 419|0x0000000734600000, 0x0000000734800000, 0x0000000734800000|100%| O|Cm|TAMS 0x0000000734600000| PB 0x0000000734600000| Complete |  0
| 420|0x0000000734800000, 0x0000000734a00000, 0x0000000734a00000|100%| O|Cm|TAMS 0x0000000734800000| PB 0x0000000734800000| Complete |  0
| 421|0x0000000734a00000, 0x0000000734c00000, 0x0000000734c00000|100%| O|Cm|TAMS 0x0000000734a00000| PB 0x0000000734a00000| Complete |  0
| 422|0x0000000734c00000, 0x0000000734e00000, 0x0000000734e00000|100%| O|Cm|TAMS 0x0000000734c00000| PB 0x0000000734c00000| Complete |  0
| 423|0x0000000734e00000, 0x0000000735000000, 0x0000000735000000|100%| O|Cm|TAMS 0x0000000734e00000| PB 0x0000000734e00000| Complete |  0
| 424|0x0000000735000000, 0x0000000735200000, 0x0000000735200000|100%| O|Cm|TAMS 0x0000000735000000| PB 0x0000000735000000| Complete |  0
| 425|0x0000000735200000, 0x0000000735400000, 0x0000000735400000|100%| O|  |TAMS 0x0000000735200000| PB 0x0000000735200000| Untracked |  0
| 426|0x0000000735400000, 0x0000000735600000, 0x0000000735600000|100%| O|  |TAMS 0x0000000735400000| PB 0x0000000735400000| Untracked |  0
| 427|0x0000000735600000, 0x0000000735800000, 0x0000000735800000|100%| O|Cm|TAMS 0x0000000735600000| PB 0x0000000735600000| Complete |  0
| 428|0x0000000735800000, 0x0000000735800000, 0x0000000735a00000|  0%| F|  |TAMS 0x0000000735800000| PB 0x0000000735800000| Untracked |  0
| 429|0x0000000735a00000, 0x0000000735a00000, 0x0000000735c00000|  0%| F|  |TAMS 0x0000000735a00000| PB 0x0000000735a00000| Untracked |  0
| 430|0x0000000735c00000, 0x0000000735c00000, 0x0000000735e00000|  0%| F|  |TAMS 0x0000000735c00000| PB 0x0000000735c00000| Untracked |  0
| 431|0x0000000735e00000, 0x0000000735e00000, 0x0000000736000000|  0%| F|  |TAMS 0x0000000735e00000| PB 0x0000000735e00000| Untracked |  0
| 432|0x0000000736000000, 0x0000000736200000, 0x0000000736200000|100%| O|Cm|TAMS 0x0000000736000000| PB 0x0000000736000000| Complete |  0
| 433|0x0000000736200000, 0x0000000736200000, 0x0000000736400000|  0%| F|  |TAMS 0x0000000736200000| PB 0x0000000736200000| Untracked |  0
| 434|0x0000000736400000, 0x0000000736400000, 0x0000000736600000|  0%| F|  |TAMS 0x0000000736400000| PB 0x0000000736400000| Untracked |  0
| 435|0x0000000736600000, 0x0000000736800000, 0x0000000736800000|100%| O|Cm|TAMS 0x0000000736600000| PB 0x0000000736600000| Complete |  0
| 436|0x0000000736800000, 0x0000000736a00000, 0x0000000736a00000|100%| O|Cm|TAMS 0x0000000736800000| PB 0x0000000736800000| Complete |  0
| 437|0x0000000736a00000, 0x0000000736c00000, 0x0000000736c00000|100%| O|Cm|TAMS 0x0000000736a00000| PB 0x0000000736a00000| Complete |  0
| 438|0x0000000736c00000, 0x0000000736e00000, 0x0000000736e00000|100%| O|Cm|TAMS 0x0000000736c00000| PB 0x0000000736c00000| Complete |  0
| 439|0x0000000736e00000, 0x0000000737000000, 0x0000000737000000|100%| O|Cm|TAMS 0x0000000736e00000| PB 0x0000000736e00000| Complete |  0
| 440|0x0000000737000000, 0x0000000737200000, 0x0000000737200000|100%| O|Cm|TAMS 0x0000000737000000| PB 0x0000000737000000| Complete |  0
| 441|0x0000000737200000, 0x0000000737400000, 0x0000000737400000|100%| O|Cm|TAMS 0x0000000737200000| PB 0x0000000737200000| Complete |  0
| 442|0x0000000737400000, 0x0000000737600000, 0x0000000737600000|100%| O|Cm|TAMS 0x0000000737400000| PB 0x0000000737400000| Complete |  0
| 443|0x0000000737600000, 0x0000000737800000, 0x0000000737800000|100%| O|Cm|TAMS 0x0000000737600000| PB 0x0000000737600000| Complete |  0
| 444|0x0000000737800000, 0x0000000737a00000, 0x0000000737a00000|100%| O|Cm|TAMS 0x0000000737800000| PB 0x0000000737800000| Complete |  0
| 445|0x0000000737a00000, 0x0000000737c00000, 0x0000000737c00000|100%| O|Cm|TAMS 0x0000000737a00000| PB 0x0000000737a00000| Complete |  0
| 446|0x0000000737c00000, 0x0000000737e00000, 0x0000000737e00000|100%| O|Cm|TAMS 0x0000000737c00000| PB 0x0000000737c00000| Complete |  0
| 447|0x0000000737e00000, 0x0000000738000000, 0x0000000738000000|100%| O|Cm|TAMS 0x0000000737e00000| PB 0x0000000737e00000| Complete |  0
| 448|0x0000000738000000, 0x0000000738200000, 0x0000000738200000|100%| O|Cm|TAMS 0x0000000738000000| PB 0x0000000738000000| Complete |  0
| 449|0x0000000738200000, 0x0000000738400000, 0x0000000738400000|100%| O|Cm|TAMS 0x0000000738200000| PB 0x0000000738200000| Complete |  0
| 450|0x0000000738400000, 0x0000000738600000, 0x0000000738600000|100%| O|Cm|TAMS 0x0000000738400000| PB 0x0000000738400000| Complete |  0
| 451|0x0000000738600000, 0x0000000738800000, 0x0000000738800000|100%| O|Cm|TAMS 0x0000000738600000| PB 0x0000000738600000| Complete |  0
| 452|0x0000000738800000, 0x0000000738a00000, 0x0000000738a00000|100%| O|Cm|TAMS 0x0000000738800000| PB 0x0000000738800000| Complete |  0
| 453|0x0000000738a00000, 0x0000000738c00000, 0x0000000738c00000|100%| O|Cm|TAMS 0x0000000738a00000| PB 0x0000000738a00000| Complete |  0
| 454|0x0000000738c00000, 0x0000000738e00000, 0x0000000738e00000|100%| O|Cm|TAMS 0x0000000738c00000| PB 0x0000000738c00000| Complete |  0
| 455|0x0000000738e00000, 0x0000000739000000, 0x0000000739000000|100%| O|Cm|TAMS 0x0000000738e00000| PB 0x0000000738e00000| Complete |  0
| 456|0x0000000739000000, 0x0000000739200000, 0x0000000739200000|100%| O|  |TAMS 0x0000000739000000| PB 0x0000000739000000| Untracked |  0
| 457|0x0000000739200000, 0x0000000739400000, 0x0000000739400000|100%| O|Cm|TAMS 0x0000000739200000| PB 0x0000000739200000| Complete |  0
| 458|0x0000000739400000, 0x0000000739600000, 0x0000000739600000|100%| O|Cm|TAMS 0x0000000739400000| PB 0x0000000739400000| Complete |  0
| 459|0x0000000739600000, 0x0000000739800000, 0x0000000739800000|100%| O|Cm|TAMS 0x0000000739600000| PB 0x0000000739600000| Complete |  0
| 460|0x0000000739800000, 0x0000000739a00000, 0x0000000739a00000|100%| O|  |TAMS 0x0000000739800000| PB 0x0000000739800000| Untracked |  0
| 461|0x0000000739a00000, 0x0000000739a00000, 0x0000000739c00000|  0%| F|  |TAMS 0x0000000739a00000| PB 0x0000000739a00000| Untracked |  0
| 462|0x0000000739c00000, 0x0000000739c00000, 0x0000000739e00000|  0%| F|  |TAMS 0x0000000739c00000| PB 0x0000000739c00000| Untracked |  0
| 463|0x0000000739e00000, 0x000000073a000000, 0x000000073a000000|100%| O|  |TAMS 0x0000000739e00000| PB 0x0000000739e00000| Untracked |  0
| 464|0x000000073a000000, 0x000000073a200000, 0x000000073a200000|100%| O|  |TAMS 0x000000073a000000| PB 0x000000073a000000| Untracked |  0
| 465|0x000000073a200000, 0x000000073a200000, 0x000000073a400000|  0%| F|  |TAMS 0x000000073a200000| PB 0x000000073a200000| Untracked |  0
| 466|0x000000073a400000, 0x000000073a600000, 0x000000073a600000|100%| O|  |TAMS 0x000000073a400000| PB 0x000000073a400000| Untracked |  0
| 467|0x000000073a600000, 0x000000073a800000, 0x000000073a800000|100%| O|  |TAMS 0x000000073a600000| PB 0x000000073a600000| Untracked |  0
| 468|0x000000073a800000, 0x000000073a800000, 0x000000073aa00000|  0%| F|  |TAMS 0x000000073a800000| PB 0x000000073a800000| Untracked |  0
| 469|0x000000073aa00000, 0x000000073ac00000, 0x000000073ac00000|100%| O|  |TAMS 0x000000073aa00000| PB 0x000000073aa00000| Untracked |  0
| 470|0x000000073ac00000, 0x000000073ac00000, 0x000000073ae00000|  0%| F|  |TAMS 0x000000073ac00000| PB 0x000000073ac00000| Untracked |  0
| 471|0x000000073ae00000, 0x000000073ae00000, 0x000000073b000000|  0%| F|  |TAMS 0x000000073ae00000| PB 0x000000073ae00000| Untracked |  0
| 472|0x000000073b000000, 0x000000073b200000, 0x000000073b200000|100%| O|  |TAMS 0x000000073b000000| PB 0x000000073b000000| Untracked |  0
| 473|0x000000073b200000, 0x000000073b200000, 0x000000073b400000|  0%| F|  |TAMS 0x000000073b200000| PB 0x000000073b200000| Untracked |  0
| 474|0x000000073b400000, 0x000000073b400000, 0x000000073b600000|  0%| F|  |TAMS 0x000000073b400000| PB 0x000000073b400000| Untracked |  0
| 475|0x000000073b600000, 0x000000073b800000, 0x000000073b800000|100%| O|  |TAMS 0x000000073b600000| PB 0x000000073b600000| Untracked |  0
| 476|0x000000073b800000, 0x000000073ba00000, 0x000000073ba00000|100%| O|Cm|TAMS 0x000000073b800000| PB 0x000000073b800000| Complete |  0
| 477|0x000000073ba00000, 0x000000073ba00000, 0x000000073bc00000|  0%| F|  |TAMS 0x000000073ba00000| PB 0x000000073ba00000| Untracked |  0
| 478|0x000000073bc00000, 0x000000073be00000, 0x000000073be00000|100%| O|  |TAMS 0x000000073bc00000| PB 0x000000073bc00000| Untracked |  0
| 479|0x000000073be00000, 0x000000073c000000, 0x000000073c000000|100%| O|Cm|TAMS 0x000000073be00000| PB 0x000000073be00000| Complete |  0
| 480|0x000000073c000000, 0x000000073c200000, 0x000000073c200000|100%| O|Cm|TAMS 0x000000073c000000| PB 0x000000073c000000| Complete |  0
| 481|0x000000073c200000, 0x000000073c400000, 0x000000073c400000|100%| O|Cm|TAMS 0x000000073c200000| PB 0x000000073c200000| Complete |  0
| 482|0x000000073c400000, 0x000000073c400000, 0x000000073c600000|  0%| F|  |TAMS 0x000000073c400000| PB 0x000000073c400000| Untracked |  0
| 483|0x000000073c600000, 0x000000073c800000, 0x000000073c800000|100%| O|  |TAMS 0x000000073c600000| PB 0x000000073c600000| Untracked |  0
| 484|0x000000073c800000, 0x000000073ca00000, 0x000000073ca00000|100%| O|  |TAMS 0x000000073c800000| PB 0x000000073c800000| Untracked |  0
| 485|0x000000073ca00000, 0x000000073cc00000, 0x000000073cc00000|100%| O|  |TAMS 0x000000073ca00000| PB 0x000000073ca00000| Untracked |  0
| 486|0x000000073cc00000, 0x000000073cc00000, 0x000000073ce00000|  0%| F|  |TAMS 0x000000073cc00000| PB 0x000000073cc00000| Untracked |  0
| 487|0x000000073ce00000, 0x000000073ce00000, 0x000000073d000000|  0%| F|  |TAMS 0x000000073ce00000| PB 0x000000073ce00000| Untracked |  0
| 488|0x000000073d000000, 0x000000073d200000, 0x000000073d200000|100%| O|  |TAMS 0x000000073d000000| PB 0x000000073d000000| Untracked |  0
| 489|0x000000073d200000, 0x000000073d200000, 0x000000073d400000|  0%| F|  |TAMS 0x000000073d200000| PB 0x000000073d200000| Untracked |  0
| 490|0x000000073d400000, 0x000000073d600000, 0x000000073d600000|100%| O|  |TAMS 0x000000073d400000| PB 0x000000073d400000| Untracked |  0
| 491|0x000000073d600000, 0x000000073d800000, 0x000000073d800000|100%| O|  |TAMS 0x000000073d600000| PB 0x000000073d600000| Untracked |  0
| 492|0x000000073d800000, 0x000000073d800000, 0x000000073da00000|  0%| F|  |TAMS 0x000000073d800000| PB 0x000000073d800000| Untracked |  0
| 493|0x000000073da00000, 0x000000073da00000, 0x000000073dc00000|  0%| F|  |TAMS 0x000000073da00000| PB 0x000000073da00000| Untracked |  0
| 494|0x000000073dc00000, 0x000000073de00000, 0x000000073de00000|100%| O|  |TAMS 0x000000073dc00000| PB 0x000000073dc00000| Untracked |  0
| 495|0x000000073de00000, 0x000000073e000000, 0x000000073e000000|100%| O|  |TAMS 0x000000073de00000| PB 0x000000073de00000| Untracked |  0
| 496|0x000000073e000000, 0x000000073e200000, 0x000000073e200000|100%| O|  |TAMS 0x000000073e000000| PB 0x000000073e000000| Untracked |  0
| 497|0x000000073e200000, 0x000000073e200000, 0x000000073e400000|  0%| F|  |TAMS 0x000000073e200000| PB 0x000000073e200000| Untracked |  0
| 498|0x000000073e400000, 0x000000073e600000, 0x000000073e600000|100%| O|  |TAMS 0x000000073e400000| PB 0x000000073e400000| Untracked |  0
| 499|0x000000073e600000, 0x000000073e800000, 0x000000073e800000|100%| O|  |TAMS 0x000000073e600000| PB 0x000000073e600000| Untracked |  0
| 500|0x000000073e800000, 0x000000073ea00000, 0x000000073ea00000|100%| O|  |TAMS 0x000000073e800000| PB 0x000000073e800000| Untracked |  0
| 501|0x000000073ea00000, 0x000000073ec00000, 0x000000073ec00000|100%| O|Cm|TAMS 0x000000073ea00000| PB 0x000000073ea00000| Complete |  0
| 502|0x000000073ec00000, 0x000000073ee00000, 0x000000073ee00000|100%| O|  |TAMS 0x000000073ec00000| PB 0x000000073ec00000| Untracked |  0
| 503|0x000000073ee00000, 0x000000073ee00000, 0x000000073f000000|  0%| F|  |TAMS 0x000000073ee00000| PB 0x000000073ee00000| Untracked |  0
| 504|0x000000073f000000, 0x000000073f200000, 0x000000073f200000|100%| O|Cm|TAMS 0x000000073f000000| PB 0x000000073f000000| Complete |  0
| 505|0x000000073f200000, 0x000000073f200000, 0x000000073f400000|  0%| F|  |TAMS 0x000000073f200000| PB 0x000000073f200000| Untracked |  0
| 506|0x000000073f400000, 0x000000073f600000, 0x000000073f600000|100%| O|  |TAMS 0x000000073f400000| PB 0x000000073f400000| Untracked |  0
| 507|0x000000073f600000, 0x000000073f600000, 0x000000073f800000|  0%| F|  |TAMS 0x000000073f600000| PB 0x000000073f600000| Untracked |  0
| 508|0x000000073f800000, 0x000000073f800000, 0x000000073fa00000|  0%| F|  |TAMS 0x000000073f800000| PB 0x000000073f800000| Untracked |  0
| 509|0x000000073fa00000, 0x000000073fa00000, 0x000000073fc00000|  0%| F|  |TAMS 0x000000073fa00000| PB 0x000000073fa00000| Untracked |  0
| 510|0x000000073fc00000, 0x000000073fe00000, 0x000000073fe00000|100%| O|  |TAMS 0x000000073fc00000| PB 0x000000073fc00000| Untracked |  0
| 511|0x000000073fe00000, 0x000000073fe00000, 0x0000000740000000|  0%| F|  |TAMS 0x000000073fe00000| PB 0x000000073fe00000| Untracked |  0
| 512|0x0000000740000000, 0x0000000740200000, 0x0000000740200000|100%| O|  |TAMS 0x0000000740000000| PB 0x0000000740000000| Untracked |  0
| 513|0x0000000740200000, 0x0000000740200000, 0x0000000740400000|  0%| F|  |TAMS 0x0000000740200000| PB 0x0000000740200000| Untracked |  0
| 514|0x0000000740400000, 0x0000000740600000, 0x0000000740600000|100%| O|  |TAMS 0x0000000740400000| PB 0x0000000740400000| Untracked |  0
| 515|0x0000000740600000, 0x0000000740600000, 0x0000000740800000|  0%| F|  |TAMS 0x0000000740600000| PB 0x0000000740600000| Untracked |  0
| 516|0x0000000740800000, 0x0000000740800000, 0x0000000740a00000|  0%| F|  |TAMS 0x0000000740800000| PB 0x0000000740800000| Untracked |  0
| 517|0x0000000740a00000, 0x0000000740a00000, 0x0000000740c00000|  0%| F|  |TAMS 0x0000000740a00000| PB 0x0000000740a00000| Untracked |  0
| 518|0x0000000740c00000, 0x0000000740e00000, 0x0000000740e00000|100%| O|  |TAMS 0x0000000740c00000| PB 0x0000000740c00000| Untracked |  0
| 519|0x0000000740e00000, 0x0000000740e00000, 0x0000000741000000|  0%| F|  |TAMS 0x0000000740e00000| PB 0x0000000740e00000| Untracked |  0
| 520|0x0000000741000000, 0x0000000741200000, 0x0000000741200000|100%| O|  |TAMS 0x0000000741000000| PB 0x0000000741000000| Untracked |  0
| 521|0x0000000741200000, 0x0000000741400000, 0x0000000741400000|100%| O|Cm|TAMS 0x0000000741200000| PB 0x0000000741200000| Complete |  0
| 522|0x0000000741400000, 0x0000000741600000, 0x0000000741600000|100%| O|  |TAMS 0x0000000741400000| PB 0x0000000741400000| Untracked |  0
| 523|0x0000000741600000, 0x0000000741600000, 0x0000000741800000|  0%| F|  |TAMS 0x0000000741600000| PB 0x0000000741600000| Untracked |  0
| 524|0x0000000741800000, 0x0000000741a00000, 0x0000000741a00000|100%| O|  |TAMS 0x0000000741800000| PB 0x0000000741800000| Untracked |  0
| 525|0x0000000741a00000, 0x0000000741c00000, 0x0000000741c00000|100%| O|  |TAMS 0x0000000741a00000| PB 0x0000000741a00000| Untracked |  0
| 526|0x0000000741c00000, 0x0000000741e00000, 0x0000000741e00000|100%| O|  |TAMS 0x0000000741c00000| PB 0x0000000741c00000| Untracked |  0
| 527|0x0000000741e00000, 0x0000000742000000, 0x0000000742000000|100%| O|  |TAMS 0x0000000741e00000| PB 0x0000000741e00000| Untracked |  0
| 528|0x0000000742000000, 0x0000000742200000, 0x0000000742200000|100%| O|  |TAMS 0x0000000742000000| PB 0x0000000742000000| Untracked |  0
| 529|0x0000000742200000, 0x0000000742400000, 0x0000000742400000|100%| O|Cm|TAMS 0x0000000742200000| PB 0x0000000742200000| Complete |  0
| 530|0x0000000742400000, 0x0000000742400000, 0x0000000742600000|  0%| F|  |TAMS 0x0000000742400000| PB 0x0000000742400000| Untracked |  0
| 531|0x0000000742600000, 0x0000000742600000, 0x0000000742800000|  0%| F|  |TAMS 0x0000000742600000| PB 0x0000000742600000| Untracked |  0
| 532|0x0000000742800000, 0x0000000742800000, 0x0000000742a00000|  0%| F|  |TAMS 0x0000000742800000| PB 0x0000000742800000| Untracked |  0
| 533|0x0000000742a00000, 0x0000000742c00000, 0x0000000742c00000|100%| O|  |TAMS 0x0000000742a00000| PB 0x0000000742a00000| Untracked |  0
| 534|0x0000000742c00000, 0x0000000742e00000, 0x0000000742e00000|100%| O|  |TAMS 0x0000000742c00000| PB 0x0000000742c00000| Untracked |  0
| 535|0x0000000742e00000, 0x0000000742e00000, 0x0000000743000000|  0%| F|  |TAMS 0x0000000742e00000| PB 0x0000000742e00000| Untracked |  0
| 536|0x0000000743000000, 0x0000000743200000, 0x0000000743200000|100%| O|  |TAMS 0x0000000743000000| PB 0x0000000743000000| Untracked |  0
| 537|0x0000000743200000, 0x0000000743200000, 0x0000000743400000|  0%| F|  |TAMS 0x0000000743200000| PB 0x0000000743200000| Untracked |  0
| 538|0x0000000743400000, 0x0000000743400000, 0x0000000743600000|  0%| F|  |TAMS 0x0000000743400000| PB 0x0000000743400000| Untracked |  0
| 539|0x0000000743600000, 0x0000000743600000, 0x0000000743800000|  0%| F|  |TAMS 0x0000000743600000| PB 0x0000000743600000| Untracked |  0
| 540|0x0000000743800000, 0x0000000743a00000, 0x0000000743a00000|100%| O|  |TAMS 0x0000000743800000| PB 0x0000000743800000| Untracked |  0
| 541|0x0000000743a00000, 0x0000000743c00000, 0x0000000743c00000|100%| O|Cm|TAMS 0x0000000743a00000| PB 0x0000000743a00000| Complete |  0
| 542|0x0000000743c00000, 0x0000000743e00000, 0x0000000743e00000|100%| O|  |TAMS 0x0000000743c00000| PB 0x0000000743c00000| Untracked |  0
| 543|0x0000000743e00000, 0x0000000743e00000, 0x0000000744000000|  0%| F|  |TAMS 0x0000000743e00000| PB 0x0000000743e00000| Untracked |  0
| 544|0x0000000744000000, 0x0000000744000000, 0x0000000744200000|  0%| F|  |TAMS 0x0000000744000000| PB 0x0000000744000000| Untracked |  0
| 545|0x0000000744200000, 0x0000000744400000, 0x0000000744400000|100%| O|  |TAMS 0x0000000744200000| PB 0x0000000744200000| Untracked |  0
| 546|0x0000000744400000, 0x0000000744400000, 0x0000000744600000|  0%| F|  |TAMS 0x0000000744400000| PB 0x0000000744400000| Untracked |  0
| 547|0x0000000744600000, 0x0000000744800000, 0x0000000744800000|100%| O|  |TAMS 0x0000000744600000| PB 0x0000000744600000| Untracked |  0
| 548|0x0000000744800000, 0x0000000744800000, 0x0000000744a00000|  0%| F|  |TAMS 0x0000000744800000| PB 0x0000000744800000| Untracked |  0
| 549|0x0000000744a00000, 0x0000000744a00000, 0x0000000744c00000|  0%| F|  |TAMS 0x0000000744a00000| PB 0x0000000744a00000| Untracked |  0
| 550|0x0000000744c00000, 0x0000000744c00000, 0x0000000744e00000|  0%| F|  |TAMS 0x0000000744c00000| PB 0x0000000744c00000| Untracked |  0
| 551|0x0000000744e00000, 0x0000000744e00000, 0x0000000745000000|  0%| F|  |TAMS 0x0000000744e00000| PB 0x0000000744e00000| Untracked |  0
| 552|0x0000000745000000, 0x0000000745000000, 0x0000000745200000|  0%| F|  |TAMS 0x0000000745000000| PB 0x0000000745000000| Untracked |  0
| 553|0x0000000745200000, 0x0000000745400000, 0x0000000745400000|100%| O|Cm|TAMS 0x0000000745200000| PB 0x0000000745200000| Complete |  0
| 554|0x0000000745400000, 0x0000000745400000, 0x0000000745600000|  0%| F|  |TAMS 0x0000000745400000| PB 0x0000000745400000| Untracked |  0
| 555|0x0000000745600000, 0x0000000745600000, 0x0000000745800000|  0%| F|  |TAMS 0x0000000745600000| PB 0x0000000745600000| Untracked |  0
| 556|0x0000000745800000, 0x0000000745800000, 0x0000000745a00000|  0%| F|  |TAMS 0x0000000745800000| PB 0x0000000745800000| Untracked |  0
| 557|0x0000000745a00000, 0x0000000745a00000, 0x0000000745c00000|  0%| F|  |TAMS 0x0000000745a00000| PB 0x0000000745a00000| Untracked |  0
| 558|0x0000000745c00000, 0x0000000745e00000, 0x0000000745e00000|100%| O|  |TAMS 0x0000000745c00000| PB 0x0000000745c00000| Untracked |  0
| 559|0x0000000745e00000, 0x0000000745e00000, 0x0000000746000000|  0%| F|  |TAMS 0x0000000745e00000| PB 0x0000000745e00000| Untracked |  0
| 560|0x0000000746000000, 0x0000000746000000, 0x0000000746200000|  0%| F|  |TAMS 0x0000000746000000| PB 0x0000000746000000| Untracked |  0
| 561|0x0000000746200000, 0x0000000746200000, 0x0000000746400000|  0%| F|  |TAMS 0x0000000746200000| PB 0x0000000746200000| Untracked |  0
| 562|0x0000000746400000, 0x0000000746400000, 0x0000000746600000|  0%| F|  |TAMS 0x0000000746400000| PB 0x0000000746400000| Untracked |  0
| 563|0x0000000746600000, 0x0000000746600000, 0x0000000746800000|  0%| F|  |TAMS 0x0000000746600000| PB 0x0000000746600000| Untracked |  0
| 564|0x0000000746800000, 0x0000000746800000, 0x0000000746a00000|  0%| F|  |TAMS 0x0000000746800000| PB 0x0000000746800000| Untracked |  0
| 565|0x0000000746a00000, 0x0000000746a00000, 0x0000000746c00000|  0%| F|  |TAMS 0x0000000746a00000| PB 0x0000000746a00000| Untracked |  0
| 566|0x0000000746c00000, 0x0000000746c00000, 0x0000000746e00000|  0%| F|  |TAMS 0x0000000746c00000| PB 0x0000000746c00000| Untracked |  0
| 567|0x0000000746e00000, 0x0000000746e00000, 0x0000000747000000|  0%| F|  |TAMS 0x0000000746e00000| PB 0x0000000746e00000| Untracked |  0
| 568|0x0000000747000000, 0x0000000747000000, 0x0000000747200000|  0%| F|  |TAMS 0x0000000747000000| PB 0x0000000747000000| Untracked |  0
| 569|0x0000000747200000, 0x0000000747200000, 0x0000000747400000|  0%| F|  |TAMS 0x0000000747200000| PB 0x0000000747200000| Untracked |  0
| 570|0x0000000747400000, 0x0000000747400000, 0x0000000747600000|  0%| F|  |TAMS 0x0000000747400000| PB 0x0000000747400000| Untracked |  0
| 571|0x0000000747600000, 0x0000000747600000, 0x0000000747800000|  0%| F|  |TAMS 0x0000000747600000| PB 0x0000000747600000| Untracked |  0
| 572|0x0000000747800000, 0x0000000747800000, 0x0000000747a00000|  0%| F|  |TAMS 0x0000000747800000| PB 0x0000000747800000| Untracked |  0
| 573|0x0000000747a00000, 0x0000000747c00000, 0x0000000747c00000|100%| O|  |TAMS 0x0000000747a00000| PB 0x0000000747a00000| Untracked |  0
| 574|0x0000000747c00000, 0x0000000747e00000, 0x0000000747e00000|100%| O|  |TAMS 0x0000000747c00000| PB 0x0000000747c00000| Untracked |  0
| 575|0x0000000747e00000, 0x0000000748000000, 0x0000000748000000|100%| O|  |TAMS 0x0000000747e00000| PB 0x0000000747e00000| Untracked |  0
| 576|0x0000000748000000, 0x0000000748200000, 0x0000000748200000|100%| O|  |TAMS 0x0000000748000000| PB 0x0000000748000000| Untracked |  0
| 577|0x0000000748200000, 0x0000000748200000, 0x0000000748400000|  0%| F|  |TAMS 0x0000000748200000| PB 0x0000000748200000| Untracked |  0
| 578|0x0000000748400000, 0x0000000748600000, 0x0000000748600000|100%| O|  |TAMS 0x0000000748400000| PB 0x0000000748400000| Untracked |  0
| 579|0x0000000748600000, 0x0000000748600000, 0x0000000748800000|  0%| F|  |TAMS 0x0000000748600000| PB 0x0000000748600000| Untracked |  0
| 580|0x0000000748800000, 0x0000000748a00000, 0x0000000748a00000|100%| O|  |TAMS 0x0000000748800000| PB 0x0000000748800000| Untracked |  0
| 581|0x0000000748a00000, 0x0000000748a00000, 0x0000000748c00000|  0%| F|  |TAMS 0x0000000748a00000| PB 0x0000000748a00000| Untracked |  0
| 582|0x0000000748c00000, 0x0000000748e00000, 0x0000000748e00000|100%| O|  |TAMS 0x0000000748c00000| PB 0x0000000748c00000| Untracked |  0
| 583|0x0000000748e00000, 0x0000000749000000, 0x0000000749000000|100%| O|Cm|TAMS 0x0000000748e00000| PB 0x0000000748e00000| Complete |  0
| 584|0x0000000749000000, 0x0000000749200000, 0x0000000749200000|100%| O|  |TAMS 0x0000000749000000| PB 0x0000000749000000| Untracked |  0
| 585|0x0000000749200000, 0x0000000749200000, 0x0000000749400000|  0%| F|  |TAMS 0x0000000749200000| PB 0x0000000749200000| Untracked |  0
| 586|0x0000000749400000, 0x0000000749600000, 0x0000000749600000|100%| O|  |TAMS 0x0000000749400000| PB 0x0000000749400000| Untracked |  0
| 587|0x0000000749600000, 0x0000000749800000, 0x0000000749800000|100%| O|  |TAMS 0x0000000749600000| PB 0x0000000749600000| Untracked |  0
| 588|0x0000000749800000, 0x0000000749a00000, 0x0000000749a00000|100%| O|Cm|TAMS 0x0000000749800000| PB 0x0000000749800000| Complete |  0
| 589|0x0000000749a00000, 0x0000000749c00000, 0x0000000749c00000|100%| O|Cm|TAMS 0x0000000749a00000| PB 0x0000000749a00000| Complete |  0
| 590|0x0000000749c00000, 0x0000000749e00000, 0x0000000749e00000|100%| O|Cm|TAMS 0x0000000749c00000| PB 0x0000000749c00000| Complete |  0
| 591|0x0000000749e00000, 0x000000074a000000, 0x000000074a000000|100%| O|  |TAMS 0x0000000749e00000| PB 0x0000000749e00000| Untracked |  0
| 592|0x000000074a000000, 0x000000074a200000, 0x000000074a200000|100%| O|  |TAMS 0x000000074a000000| PB 0x000000074a000000| Untracked |  0
| 593|0x000000074a200000, 0x000000074a400000, 0x000000074a400000|100%| O|Cm|TAMS 0x000000074a200000| PB 0x000000074a200000| Complete |  0
| 594|0x000000074a400000, 0x000000074a600000, 0x000000074a600000|100%| O|Cm|TAMS 0x000000074a400000| PB 0x000000074a400000| Complete |  0
| 595|0x000000074a600000, 0x000000074a800000, 0x000000074a800000|100%| O|Cm|TAMS 0x000000074a600000| PB 0x000000074a600000| Complete |  0
| 596|0x000000074a800000, 0x000000074aa00000, 0x000000074aa00000|100%| O|Cm|TAMS 0x000000074a800000| PB 0x000000074a800000| Complete |  0
| 597|0x000000074aa00000, 0x000000074ac00000, 0x000000074ac00000|100%| O|Cm|TAMS 0x000000074aa00000| PB 0x000000074aa00000| Complete |  0
| 598|0x000000074ac00000, 0x000000074ae00000, 0x000000074ae00000|100%| O|Cm|TAMS 0x000000074ac00000| PB 0x000000074ac00000| Complete |  0
| 599|0x000000074ae00000, 0x000000074b000000, 0x000000074b000000|100%| O|Cm|TAMS 0x000000074ae00000| PB 0x000000074ae00000| Complete |  0
| 600|0x000000074b000000, 0x000000074b200000, 0x000000074b200000|100%| O|  |TAMS 0x000000074b000000| PB 0x000000074b000000| Untracked |  0
| 601|0x000000074b200000, 0x000000074b400000, 0x000000074b400000|100%| O|Cm|TAMS 0x000000074b200000| PB 0x000000074b200000| Complete |  0
| 602|0x000000074b400000, 0x000000074b600000, 0x000000074b600000|100%| O|Cm|TAMS 0x000000074b400000| PB 0x000000074b400000| Complete |  0
| 603|0x000000074b600000, 0x000000074b800000, 0x000000074b800000|100%| O|Cm|TAMS 0x000000074b600000| PB 0x000000074b600000| Complete |  0
| 604|0x000000074b800000, 0x000000074ba00000, 0x000000074ba00000|100%| O|Cm|TAMS 0x000000074b800000| PB 0x000000074b800000| Complete |  0
| 605|0x000000074ba00000, 0x000000074bc00000, 0x000000074bc00000|100%| O|Cm|TAMS 0x000000074ba00000| PB 0x000000074ba00000| Complete |  0
| 606|0x000000074bc00000, 0x000000074be00000, 0x000000074be00000|100%| O|Cm|TAMS 0x000000074bc00000| PB 0x000000074bc00000| Complete |  0
| 607|0x000000074be00000, 0x000000074c000000, 0x000000074c000000|100%| O|Cm|TAMS 0x000000074be00000| PB 0x000000074be00000| Complete |  0
| 608|0x000000074c000000, 0x000000074c200000, 0x000000074c200000|100%| O|Cm|TAMS 0x000000074c000000| PB 0x000000074c000000| Complete |  0
| 609|0x000000074c200000, 0x000000074c400000, 0x000000074c400000|100%| O|Cm|TAMS 0x000000074c200000| PB 0x000000074c200000| Complete |  0
| 610|0x000000074c400000, 0x000000074c600000, 0x000000074c600000|100%| O|  |TAMS 0x000000074c400000| PB 0x000000074c400000| Untracked |  0
| 611|0x000000074c600000, 0x000000074c800000, 0x000000074c800000|100%| O|Cm|TAMS 0x000000074c600000| PB 0x000000074c600000| Complete |  0
| 612|0x000000074c800000, 0x000000074ca00000, 0x000000074ca00000|100%| O|Cm|TAMS 0x000000074c800000| PB 0x000000074c800000| Complete |  0
| 613|0x000000074ca00000, 0x000000074cc00000, 0x000000074cc00000|100%| O|Cm|TAMS 0x000000074ca00000| PB 0x000000074ca00000| Complete |  0
| 614|0x000000074cc00000, 0x000000074ce00000, 0x000000074ce00000|100%| O|Cm|TAMS 0x000000074cc00000| PB 0x000000074cc00000| Complete |  0
| 615|0x000000074ce00000, 0x000000074d000000, 0x000000074d000000|100%| O|Cm|TAMS 0x000000074ce00000| PB 0x000000074ce00000| Complete |  0
| 616|0x000000074d000000, 0x000000074d200000, 0x000000074d200000|100%| O|Cm|TAMS 0x000000074d000000| PB 0x000000074d000000| Complete |  0
| 617|0x000000074d200000, 0x000000074d400000, 0x000000074d400000|100%| O|Cm|TAMS 0x000000074d200000| PB 0x000000074d200000| Complete |  0
| 618|0x000000074d400000, 0x000000074d600000, 0x000000074d600000|100%| O|  |TAMS 0x000000074d400000| PB 0x000000074d400000| Untracked |  0
| 619|0x000000074d600000, 0x000000074d800000, 0x000000074d800000|100%| O|Cm|TAMS 0x000000074d600000| PB 0x000000074d600000| Complete |  0
| 620|0x000000074d800000, 0x000000074da00000, 0x000000074da00000|100%| O|Cm|TAMS 0x000000074d800000| PB 0x000000074d800000| Complete |  0
| 621|0x000000074da00000, 0x000000074dc00000, 0x000000074dc00000|100%| O|Cm|TAMS 0x000000074da00000| PB 0x000000074da00000| Complete |  0
| 622|0x000000074dc00000, 0x000000074de00000, 0x000000074de00000|100%| O|  |TAMS 0x000000074dc00000| PB 0x000000074dc00000| Untracked |  0
| 623|0x000000074de00000, 0x000000074e000000, 0x000000074e000000|100%| O|Cm|TAMS 0x000000074de00000| PB 0x000000074de00000| Complete |  0
| 624|0x000000074e000000, 0x000000074e200000, 0x000000074e200000|100%| O|Cm|TAMS 0x000000074e000000| PB 0x000000074e000000| Complete |  0
| 625|0x000000074e200000, 0x000000074e400000, 0x000000074e400000|100%| O|Cm|TAMS 0x000000074e200000| PB 0x000000074e200000| Complete |  0
| 626|0x000000074e400000, 0x000000074e600000, 0x000000074e600000|100%| O|Cm|TAMS 0x000000074e400000| PB 0x000000074e400000| Complete |  0
| 627|0x000000074e600000, 0x000000074e800000, 0x000000074e800000|100%| O|Cm|TAMS 0x000000074e600000| PB 0x000000074e600000| Complete |  0
| 628|0x000000074e800000, 0x000000074ea00000, 0x000000074ea00000|100%| O|Cm|TAMS 0x000000074e800000| PB 0x000000074e800000| Complete |  0
| 629|0x000000074ea00000, 0x000000074ec00000, 0x000000074ec00000|100%| O|Cm|TAMS 0x000000074ea00000| PB 0x000000074ea00000| Complete |  0
| 630|0x000000074ec00000, 0x000000074ee00000, 0x000000074ee00000|100%| O|Cm|TAMS 0x000000074ec00000| PB 0x000000074ec00000| Complete |  0
| 631|0x000000074ee00000, 0x000000074f000000, 0x000000074f000000|100%| O|Cm|TAMS 0x000000074ee00000| PB 0x000000074ee00000| Complete |  0
| 632|0x000000074f000000, 0x000000074f000000, 0x000000074f200000|  0%| F|  |TAMS 0x000000074f000000| PB 0x000000074f000000| Untracked |  0
| 633|0x000000074f200000, 0x000000074f200000, 0x000000074f400000|  0%| F|  |TAMS 0x000000074f200000| PB 0x000000074f200000| Untracked |  0
| 634|0x000000074f400000, 0x000000074f400000, 0x000000074f600000|  0%| F|  |TAMS 0x000000074f400000| PB 0x000000074f400000| Untracked |  0
| 635|0x000000074f600000, 0x000000074f800000, 0x000000074f800000|100%| O|  |TAMS 0x000000074f600000| PB 0x000000074f600000| Untracked |  0
| 636|0x000000074f800000, 0x000000074fa00000, 0x000000074fa00000|100%| O|  |TAMS 0x000000074f800000| PB 0x000000074f800000| Untracked |  0
| 637|0x000000074fa00000, 0x000000074fc00000, 0x000000074fc00000|100%| O|  |TAMS 0x000000074fa00000| PB 0x000000074fa00000| Untracked |  0
| 638|0x000000074fc00000, 0x000000074fe00000, 0x000000074fe00000|100%| O|  |TAMS 0x000000074fc00000| PB 0x000000074fc00000| Untracked |  0
| 639|0x000000074fe00000, 0x0000000750000000, 0x0000000750000000|100%| O|  |TAMS 0x000000074fe00000| PB 0x000000074fe00000| Untracked |  0
| 640|0x0000000750000000, 0x0000000750200000, 0x0000000750200000|100%| O|Cm|TAMS 0x0000000750000000| PB 0x0000000750000000| Complete |  0
| 641|0x0000000750200000, 0x0000000750400000, 0x0000000750400000|100%| O|Cm|TAMS 0x0000000750200000| PB 0x0000000750200000| Complete |  0
| 642|0x0000000750400000, 0x0000000750600000, 0x0000000750600000|100%| O|Cm|TAMS 0x0000000750400000| PB 0x0000000750400000| Complete |  0
| 643|0x0000000750600000, 0x0000000750800000, 0x0000000750800000|100%| O|Cm|TAMS 0x0000000750600000| PB 0x0000000750600000| Complete |  0
| 644|0x0000000750800000, 0x0000000750a00000, 0x0000000750a00000|100%| O|Cm|TAMS 0x0000000750800000| PB 0x0000000750800000| Complete |  0
| 645|0x0000000750a00000, 0x0000000750c00000, 0x0000000750c00000|100%| O|  |TAMS 0x0000000750a00000| PB 0x0000000750a00000| Untracked |  0
| 646|0x0000000750c00000, 0x0000000750e00000, 0x0000000750e00000|100%| O|Cm|TAMS 0x0000000750c00000| PB 0x0000000750c00000| Complete |  0
| 647|0x0000000750e00000, 0x0000000751000000, 0x0000000751000000|100%| O|Cm|TAMS 0x0000000750e00000| PB 0x0000000750e00000| Complete |  0
| 648|0x0000000751000000, 0x0000000751200000, 0x0000000751200000|100%| O|Cm|TAMS 0x0000000751000000| PB 0x0000000751000000| Complete |  0
| 649|0x0000000751200000, 0x0000000751400000, 0x0000000751400000|100%| O|Cm|TAMS 0x0000000751200000| PB 0x0000000751200000| Complete |  0
| 650|0x0000000751400000, 0x0000000751600000, 0x0000000751600000|100%| O|Cm|TAMS 0x0000000751400000| PB 0x0000000751400000| Complete |  0
| 651|0x0000000751600000, 0x0000000751800000, 0x0000000751800000|100%| O|Cm|TAMS 0x0000000751600000| PB 0x0000000751600000| Complete |  0
| 652|0x0000000751800000, 0x0000000751a00000, 0x0000000751a00000|100%| O|Cm|TAMS 0x0000000751800000| PB 0x0000000751800000| Complete |  0
| 653|0x0000000751a00000, 0x0000000751c00000, 0x0000000751c00000|100%| O|Cm|TAMS 0x0000000751a00000| PB 0x0000000751a00000| Complete |  0
| 654|0x0000000751c00000, 0x0000000751e00000, 0x0000000751e00000|100%| O|Cm|TAMS 0x0000000751c00000| PB 0x0000000751c00000| Complete |  0
| 655|0x0000000751e00000, 0x0000000752000000, 0x0000000752000000|100%| O|  |TAMS 0x0000000751e00000| PB 0x0000000751e00000| Untracked |  0
| 656|0x0000000752000000, 0x0000000752200000, 0x0000000752200000|100%| O|Cm|TAMS 0x0000000752000000| PB 0x0000000752000000| Complete |  0
| 657|0x0000000752200000, 0x0000000752400000, 0x0000000752400000|100%| O|Cm|TAMS 0x0000000752200000| PB 0x0000000752200000| Complete |  0
| 658|0x0000000752400000, 0x0000000752600000, 0x0000000752600000|100%| O|Cm|TAMS 0x0000000752400000| PB 0x0000000752400000| Complete |  0
| 659|0x0000000752600000, 0x0000000752800000, 0x0000000752800000|100%| O|Cm|TAMS 0x0000000752600000| PB 0x0000000752600000| Complete |  0
| 660|0x0000000752800000, 0x0000000752a00000, 0x0000000752a00000|100%| O|Cm|TAMS 0x0000000752800000| PB 0x0000000752800000| Complete |  0
| 661|0x0000000752a00000, 0x0000000752c00000, 0x0000000752c00000|100%| O|Cm|TAMS 0x0000000752a00000| PB 0x0000000752a00000| Complete |  0
| 662|0x0000000752c00000, 0x0000000752e00000, 0x0000000752e00000|100%| O|Cm|TAMS 0x0000000752c00000| PB 0x0000000752c00000| Complete |  0
| 663|0x0000000752e00000, 0x0000000753000000, 0x0000000753000000|100%| O|Cm|TAMS 0x0000000752e00000| PB 0x0000000752e00000| Complete |  0
| 664|0x0000000753000000, 0x0000000753200000, 0x0000000753200000|100%| O|Cm|TAMS 0x0000000753000000| PB 0x0000000753000000| Complete |  0
| 665|0x0000000753200000, 0x0000000753400000, 0x0000000753400000|100%| O|Cm|TAMS 0x0000000753200000| PB 0x0000000753200000| Complete |  0
| 666|0x0000000753400000, 0x0000000753400000, 0x0000000753600000|  0%| F|  |TAMS 0x0000000753400000| PB 0x0000000753400000| Untracked |  0
| 667|0x0000000753600000, 0x0000000753600000, 0x0000000753800000|  0%| F|  |TAMS 0x0000000753600000| PB 0x0000000753600000| Untracked |  0
| 668|0x0000000753800000, 0x0000000753800000, 0x0000000753a00000|  0%| F|  |TAMS 0x0000000753800000| PB 0x0000000753800000| Untracked |  0
| 669|0x0000000753a00000, 0x0000000753a00000, 0x0000000753c00000|  0%| F|  |TAMS 0x0000000753a00000| PB 0x0000000753a00000| Untracked |  0
| 670|0x0000000753c00000, 0x0000000753c00000, 0x0000000753e00000|  0%| F|  |TAMS 0x0000000753c00000| PB 0x0000000753c00000| Untracked |  0
| 671|0x0000000753e00000, 0x0000000753e00000, 0x0000000754000000|  0%| F|  |TAMS 0x0000000753e00000| PB 0x0000000753e00000| Untracked |  0
| 672|0x0000000754000000, 0x0000000754000000, 0x0000000754200000|  0%| F|  |TAMS 0x0000000754000000| PB 0x0000000754000000| Untracked |  0
| 673|0x0000000754200000, 0x0000000754400000, 0x0000000754400000|100%| O|  |TAMS 0x0000000754200000| PB 0x0000000754200000| Untracked |  0
| 674|0x0000000754400000, 0x0000000754600000, 0x0000000754600000|100%| O|  |TAMS 0x0000000754400000| PB 0x0000000754400000| Untracked |  0
| 675|0x0000000754600000, 0x0000000754800000, 0x0000000754800000|100%| O|  |TAMS 0x0000000754600000| PB 0x0000000754600000| Untracked |  0
| 676|0x0000000754800000, 0x0000000754a00000, 0x0000000754a00000|100%| O|  |TAMS 0x0000000754800000| PB 0x0000000754800000| Untracked |  0
| 677|0x0000000754a00000, 0x0000000754c00000, 0x0000000754c00000|100%| O|  |TAMS 0x0000000754a00000| PB 0x0000000754a00000| Untracked |  0
| 678|0x0000000754c00000, 0x0000000754e00000, 0x0000000754e00000|100%| O|  |TAMS 0x0000000754c00000| PB 0x0000000754c00000| Untracked |  0
| 679|0x0000000754e00000, 0x0000000755000000, 0x0000000755000000|100%| O|  |TAMS 0x0000000754e00000| PB 0x0000000754e00000| Untracked |  0
| 680|0x0000000755000000, 0x0000000755200000, 0x0000000755200000|100%| O|  |TAMS 0x0000000755000000| PB 0x0000000755000000| Untracked |  0
| 681|0x0000000755200000, 0x0000000755400000, 0x0000000755400000|100%| O|  |TAMS 0x0000000755200000| PB 0x0000000755200000| Untracked |  0
| 682|0x0000000755400000, 0x0000000755600000, 0x0000000755600000|100%| O|  |TAMS 0x0000000755400000| PB 0x0000000755400000| Untracked |  0
| 683|0x0000000755600000, 0x0000000755800000, 0x0000000755800000|100%| O|  |TAMS 0x0000000755600000| PB 0x0000000755600000| Untracked |  0
| 684|0x0000000755800000, 0x0000000755a00000, 0x0000000755a00000|100%| O|  |TAMS 0x0000000755800000| PB 0x0000000755800000| Untracked |  0
| 685|0x0000000755a00000, 0x0000000755c00000, 0x0000000755c00000|100%| O|  |TAMS 0x0000000755a00000| PB 0x0000000755a00000| Untracked |  0
| 686|0x0000000755c00000, 0x0000000755e00000, 0x0000000755e00000|100%| O|  |TAMS 0x0000000755c00000| PB 0x0000000755c00000| Untracked |  0
| 687|0x0000000755e00000, 0x0000000756000000, 0x0000000756000000|100%| O|  |TAMS 0x0000000755e00000| PB 0x0000000755e00000| Untracked |  0
| 688|0x0000000756000000, 0x0000000756200000, 0x0000000756200000|100%| O|  |TAMS 0x0000000756000000| PB 0x0000000756000000| Untracked |  0
| 689|0x0000000756200000, 0x0000000756400000, 0x0000000756400000|100%| O|  |TAMS 0x0000000756200000| PB 0x0000000756200000| Untracked |  0
| 690|0x0000000756400000, 0x0000000756600000, 0x0000000756600000|100%| O|  |TAMS 0x0000000756400000| PB 0x0000000756400000| Untracked |  0
| 691|0x0000000756600000, 0x0000000756800000, 0x0000000756800000|100%| O|  |TAMS 0x0000000756600000| PB 0x0000000756600000| Untracked |  0
| 692|0x0000000756800000, 0x0000000756a00000, 0x0000000756a00000|100%| O|  |TAMS 0x0000000756800000| PB 0x0000000756800000| Untracked |  0
| 693|0x0000000756a00000, 0x0000000756c00000, 0x0000000756c00000|100%| O|  |TAMS 0x0000000756a00000| PB 0x0000000756a00000| Untracked |  0
| 694|0x0000000756c00000, 0x0000000756e00000, 0x0000000756e00000|100%| O|  |TAMS 0x0000000756c00000| PB 0x0000000756c00000| Untracked |  0
| 695|0x0000000756e00000, 0x0000000757000000, 0x0000000757000000|100%| O|  |TAMS 0x0000000756e00000| PB 0x0000000756e00000| Untracked |  0
| 696|0x0000000757000000, 0x0000000757200000, 0x0000000757200000|100%| O|Cm|TAMS 0x0000000757000000| PB 0x0000000757000000| Complete |  0
| 697|0x0000000757200000, 0x0000000757400000, 0x0000000757400000|100%| O|  |TAMS 0x0000000757200000| PB 0x0000000757200000| Untracked |  0
| 698|0x0000000757400000, 0x0000000757600000, 0x0000000757600000|100%| O|  |TAMS 0x0000000757400000| PB 0x0000000757400000| Untracked |  0
| 699|0x0000000757600000, 0x0000000757800000, 0x0000000757800000|100%| O|  |TAMS 0x0000000757600000| PB 0x0000000757600000| Untracked |  0
| 700|0x0000000757800000, 0x0000000757a00000, 0x0000000757a00000|100%| O|  |TAMS 0x0000000757800000| PB 0x0000000757800000| Untracked |  0
| 701|0x0000000757a00000, 0x0000000757c00000, 0x0000000757c00000|100%| O|  |TAMS 0x0000000757a00000| PB 0x0000000757a00000| Untracked |  0
| 702|0x0000000757c00000, 0x0000000757e00000, 0x0000000757e00000|100%| O|  |TAMS 0x0000000757c00000| PB 0x0000000757c00000| Untracked |  0
| 703|0x0000000757e00000, 0x0000000758000000, 0x0000000758000000|100%| O|  |TAMS 0x0000000757e00000| PB 0x0000000757e00000| Untracked |  0
| 704|0x0000000758000000, 0x0000000758200000, 0x0000000758200000|100%| O|  |TAMS 0x0000000758000000| PB 0x0000000758000000| Untracked |  0
| 705|0x0000000758200000, 0x0000000758400000, 0x0000000758400000|100%| O|  |TAMS 0x0000000758200000| PB 0x0000000758200000| Untracked |  0
| 706|0x0000000758400000, 0x0000000758600000, 0x0000000758600000|100%| O|  |TAMS 0x0000000758400000| PB 0x0000000758400000| Untracked |  0
| 707|0x0000000758600000, 0x0000000758800000, 0x0000000758800000|100%| O|  |TAMS 0x0000000758600000| PB 0x0000000758600000| Untracked |  0
| 708|0x0000000758800000, 0x0000000758a00000, 0x0000000758a00000|100%| O|  |TAMS 0x0000000758800000| PB 0x0000000758800000| Untracked |  0
| 709|0x0000000758a00000, 0x0000000758c00000, 0x0000000758c00000|100%| O|  |TAMS 0x0000000758a00000| PB 0x0000000758a00000| Untracked |  0
| 710|0x0000000758c00000, 0x0000000758e00000, 0x0000000758e00000|100%| O|  |TAMS 0x0000000758c00000| PB 0x0000000758c00000| Untracked |  0
| 711|0x0000000758e00000, 0x0000000759000000, 0x0000000759000000|100%| O|  |TAMS 0x0000000758e00000| PB 0x0000000758e00000| Untracked |  0
| 712|0x0000000759000000, 0x0000000759200000, 0x0000000759200000|100%| O|  |TAMS 0x0000000759000000| PB 0x0000000759000000| Untracked |  0
| 713|0x0000000759200000, 0x0000000759400000, 0x0000000759400000|100%| O|  |TAMS 0x0000000759200000| PB 0x0000000759200000| Untracked |  0
| 714|0x0000000759400000, 0x0000000759600000, 0x0000000759600000|100%| O|  |TAMS 0x0000000759400000| PB 0x0000000759400000| Untracked |  0
| 715|0x0000000759600000, 0x0000000759800000, 0x0000000759800000|100%| O|  |TAMS 0x0000000759600000| PB 0x0000000759600000| Untracked |  0
| 716|0x0000000759800000, 0x0000000759a00000, 0x0000000759a00000|100%| O|  |TAMS 0x0000000759800000| PB 0x0000000759800000| Untracked |  0
| 717|0x0000000759a00000, 0x0000000759c00000, 0x0000000759c00000|100%| O|  |TAMS 0x0000000759a00000| PB 0x0000000759a00000| Untracked |  0
| 718|0x0000000759c00000, 0x0000000759e00000, 0x0000000759e00000|100%| O|  |TAMS 0x0000000759c00000| PB 0x0000000759c00000| Untracked |  0
| 719|0x0000000759e00000, 0x000000075a000000, 0x000000075a000000|100%| O|  |TAMS 0x0000000759e00000| PB 0x0000000759e00000| Untracked |  0
| 720|0x000000075a000000, 0x000000075a200000, 0x000000075a200000|100%| O|  |TAMS 0x000000075a000000| PB 0x000000075a000000| Untracked |  0
| 721|0x000000075a200000, 0x000000075a400000, 0x000000075a400000|100%| O|  |TAMS 0x000000075a200000| PB 0x000000075a200000| Untracked |  0
| 722|0x000000075a400000, 0x000000075a600000, 0x000000075a600000|100%| O|  |TAMS 0x000000075a400000| PB 0x000000075a400000| Untracked |  0
| 723|0x000000075a600000, 0x000000075a800000, 0x000000075a800000|100%| O|  |TAMS 0x000000075a600000| PB 0x000000075a600000| Untracked |  0
| 724|0x000000075a800000, 0x000000075aa00000, 0x000000075aa00000|100%| O|  |TAMS 0x000000075a800000| PB 0x000000075a800000| Untracked |  0
| 725|0x000000075aa00000, 0x000000075ac00000, 0x000000075ac00000|100%| O|  |TAMS 0x000000075aa00000| PB 0x000000075aa00000| Untracked |  0
| 726|0x000000075ac00000, 0x000000075ae00000, 0x000000075ae00000|100%| O|  |TAMS 0x000000075ac00000| PB 0x000000075ac00000| Untracked |  0
| 727|0x000000075ae00000, 0x000000075b000000, 0x000000075b000000|100%| O|  |TAMS 0x000000075ae00000| PB 0x000000075ae00000| Untracked |  0
| 728|0x000000075b000000, 0x000000075b200000, 0x000000075b200000|100%| O|  |TAMS 0x000000075b000000| PB 0x000000075b000000| Untracked |  0
| 729|0x000000075b200000, 0x000000075b400000, 0x000000075b400000|100%| O|  |TAMS 0x000000075b200000| PB 0x000000075b200000| Untracked |  0
| 730|0x000000075b400000, 0x000000075b600000, 0x000000075b600000|100%| O|  |TAMS 0x000000075b400000| PB 0x000000075b400000| Untracked |  0
| 731|0x000000075b600000, 0x000000075b800000, 0x000000075b800000|100%| O|  |TAMS 0x000000075b600000| PB 0x000000075b600000| Untracked |  0
| 732|0x000000075b800000, 0x000000075ba00000, 0x000000075ba00000|100%| O|  |TAMS 0x000000075b800000| PB 0x000000075b800000| Untracked |  0
| 733|0x000000075ba00000, 0x000000075bc00000, 0x000000075bc00000|100%| O|  |TAMS 0x000000075ba00000| PB 0x000000075ba00000| Untracked |  0
| 734|0x000000075bc00000, 0x000000075be00000, 0x000000075be00000|100%| O|  |TAMS 0x000000075bc00000| PB 0x000000075bc00000| Untracked |  0
| 735|0x000000075be00000, 0x000000075c000000, 0x000000075c000000|100%| O|  |TAMS 0x000000075be00000| PB 0x000000075be00000| Untracked |  0
| 736|0x000000075c000000, 0x000000075c200000, 0x000000075c200000|100%| O|  |TAMS 0x000000075c000000| PB 0x000000075c000000| Untracked |  0
| 737|0x000000075c200000, 0x000000075c400000, 0x000000075c400000|100%| O|  |TAMS 0x000000075c200000| PB 0x000000075c200000| Untracked |  0
| 738|0x000000075c400000, 0x000000075c600000, 0x000000075c600000|100%| O|  |TAMS 0x000000075c400000| PB 0x000000075c400000| Untracked |  0
| 739|0x000000075c600000, 0x000000075c800000, 0x000000075c800000|100%| O|  |TAMS 0x000000075c600000| PB 0x000000075c600000| Untracked |  0
| 740|0x000000075c800000, 0x000000075ca00000, 0x000000075ca00000|100%| O|  |TAMS 0x000000075c800000| PB 0x000000075c800000| Untracked |  0
| 741|0x000000075ca00000, 0x000000075cc00000, 0x000000075cc00000|100%| O|  |TAMS 0x000000075ca00000| PB 0x000000075ca00000| Untracked |  0
| 742|0x000000075cc00000, 0x000000075ce00000, 0x000000075ce00000|100%| O|  |TAMS 0x000000075cc00000| PB 0x000000075cc00000| Untracked |  0
| 743|0x000000075ce00000, 0x000000075d000000, 0x000000075d000000|100%| O|  |TAMS 0x000000075ce00000| PB 0x000000075ce00000| Untracked |  0
| 744|0x000000075d000000, 0x000000075d200000, 0x000000075d200000|100%| O|  |TAMS 0x000000075d000000| PB 0x000000075d000000| Untracked |  0
| 745|0x000000075d200000, 0x000000075d400000, 0x000000075d400000|100%| O|  |TAMS 0x000000075d200000| PB 0x000000075d200000| Untracked |  0
| 746|0x000000075d400000, 0x000000075d600000, 0x000000075d600000|100%| O|  |TAMS 0x000000075d400000| PB 0x000000075d400000| Untracked |  0
| 747|0x000000075d600000, 0x000000075d800000, 0x000000075d800000|100%| O|  |TAMS 0x000000075d600000| PB 0x000000075d600000| Untracked |  0
| 748|0x000000075d800000, 0x000000075da00000, 0x000000075da00000|100%| O|  |TAMS 0x000000075d800000| PB 0x000000075d800000| Untracked |  0
| 749|0x000000075da00000, 0x000000075dc00000, 0x000000075dc00000|100%| O|  |TAMS 0x000000075da00000| PB 0x000000075da00000| Untracked |  0
| 750|0x000000075dc00000, 0x000000075de00000, 0x000000075de00000|100%| O|  |TAMS 0x000000075dc00000| PB 0x000000075dc00000| Untracked |  0
| 751|0x000000075de00000, 0x000000075e000000, 0x000000075e000000|100%| O|  |TAMS 0x000000075de00000| PB 0x000000075de00000| Untracked |  0
| 752|0x000000075e000000, 0x000000075e200000, 0x000000075e200000|100%| O|  |TAMS 0x000000075e000000| PB 0x000000075e000000| Untracked |  0
| 753|0x000000075e200000, 0x000000075e400000, 0x000000075e400000|100%| O|  |TAMS 0x000000075e200000| PB 0x000000075e200000| Untracked |  0
| 754|0x000000075e400000, 0x000000075e400000, 0x000000075e600000|  0%| F|  |TAMS 0x000000075e400000| PB 0x000000075e400000| Untracked |  0
| 755|0x000000075e600000, 0x000000075e600000, 0x000000075e800000|  0%| F|  |TAMS 0x000000075e600000| PB 0x000000075e600000| Untracked |  0
| 756|0x000000075e800000, 0x000000075e800000, 0x000000075ea00000|  0%| F|  |TAMS 0x000000075e800000| PB 0x000000075e800000| Untracked |  0
| 757|0x000000075ea00000, 0x000000075ea00000, 0x000000075ec00000|  0%| F|  |TAMS 0x000000075ea00000| PB 0x000000075ea00000| Untracked |  0
| 758|0x000000075ec00000, 0x000000075ec00000, 0x000000075ee00000|  0%| F|  |TAMS 0x000000075ec00000| PB 0x000000075ec00000| Untracked |  0
| 759|0x000000075ee00000, 0x000000075ee00000, 0x000000075f000000|  0%| F|  |TAMS 0x000000075ee00000| PB 0x000000075ee00000| Untracked |  0
| 760|0x000000075f000000, 0x000000075f000000, 0x000000075f200000|  0%| F|  |TAMS 0x000000075f000000| PB 0x000000075f000000| Untracked |  0
| 761|0x000000075f200000, 0x000000075f200000, 0x000000075f400000|  0%| F|  |TAMS 0x000000075f200000| PB 0x000000075f200000| Untracked |  0
| 762|0x000000075f400000, 0x000000075f400000, 0x000000075f600000|  0%| F|  |TAMS 0x000000075f400000| PB 0x000000075f400000| Untracked |  0
| 763|0x000000075f600000, 0x000000075f600000, 0x000000075f800000|  0%| F|  |TAMS 0x000000075f600000| PB 0x000000075f600000| Untracked |  0
| 764|0x000000075f800000, 0x000000075f800000, 0x000000075fa00000|  0%| F|  |TAMS 0x000000075f800000| PB 0x000000075f800000| Untracked |  0
| 765|0x000000075fa00000, 0x000000075fa00000, 0x000000075fc00000|  0%| F|  |TAMS 0x000000075fa00000| PB 0x000000075fa00000| Untracked |  0
| 766|0x000000075fc00000, 0x000000075fc00000, 0x000000075fe00000|  0%| F|  |TAMS 0x000000075fc00000| PB 0x000000075fc00000| Untracked |  0
| 767|0x000000075fe00000, 0x000000075fe00000, 0x0000000760000000|  0%| F|  |TAMS 0x000000075fe00000| PB 0x000000075fe00000| Untracked |  0
| 768|0x0000000760000000, 0x0000000760000000, 0x0000000760200000|  0%| F|  |TAMS 0x0000000760000000| PB 0x0000000760000000| Untracked |  0
| 769|0x0000000760200000, 0x0000000760200000, 0x0000000760400000|  0%| F|  |TAMS 0x0000000760200000| PB 0x0000000760200000| Untracked |  0
| 770|0x0000000760400000, 0x0000000760400000, 0x0000000760600000|  0%| F|  |TAMS 0x0000000760400000| PB 0x0000000760400000| Untracked |  0
| 771|0x0000000760600000, 0x0000000760600000, 0x0000000760800000|  0%| F|  |TAMS 0x0000000760600000| PB 0x0000000760600000| Untracked |  0
| 772|0x0000000760800000, 0x0000000760800000, 0x0000000760a00000|  0%| F|  |TAMS 0x0000000760800000| PB 0x0000000760800000| Untracked |  0
| 773|0x0000000760a00000, 0x0000000760a00000, 0x0000000760c00000|  0%| F|  |TAMS 0x0000000760a00000| PB 0x0000000760a00000| Untracked |  0
| 774|0x0000000760c00000, 0x0000000760ca9840, 0x0000000760e00000| 33%| S|CS|TAMS 0x0000000760c00000| PB 0x0000000760c00000| Complete |  0
| 775|0x0000000760e00000, 0x0000000761000000, 0x0000000761000000|100%| S|CS|TAMS 0x0000000760e00000| PB 0x0000000760e00000| Complete |  0
| 776|0x0000000761000000, 0x0000000761200000, 0x0000000761200000|100%| S|CS|TAMS 0x0000000761000000| PB 0x0000000761000000| Complete |  0
| 777|0x0000000761200000, 0x0000000761400000, 0x0000000761400000|100%| S|CS|TAMS 0x0000000761200000| PB 0x0000000761200000| Complete |  0
| 778|0x0000000761400000, 0x0000000761600000, 0x0000000761600000|100%| S|CS|TAMS 0x0000000761400000| PB 0x0000000761400000| Complete |  0
| 779|0x0000000761600000, 0x0000000761800000, 0x0000000761800000|100%| S|CS|TAMS 0x0000000761600000| PB 0x0000000761600000| Complete |  0
| 780|0x0000000761800000, 0x0000000761a00000, 0x0000000761a00000|100%| S|CS|TAMS 0x0000000761800000| PB 0x0000000761800000| Complete |  0
| 781|0x0000000761a00000, 0x0000000761c00000, 0x0000000761c00000|100%| S|CS|TAMS 0x0000000761a00000| PB 0x0000000761a00000| Complete |  0
| 782|0x0000000761c00000, 0x0000000761e00000, 0x0000000761e00000|100%| S|CS|TAMS 0x0000000761c00000| PB 0x0000000761c00000| Complete |  0
| 783|0x0000000761e00000, 0x0000000762000000, 0x0000000762000000|100%| S|CS|TAMS 0x0000000761e00000| PB 0x0000000761e00000| Complete |  0
| 784|0x0000000762000000, 0x0000000762200000, 0x0000000762200000|100%| S|CS|TAMS 0x0000000762000000| PB 0x0000000762000000| Complete |  0
| 785|0x0000000762200000, 0x0000000762400000, 0x0000000762400000|100%| S|CS|TAMS 0x0000000762200000| PB 0x0000000762200000| Complete |  0
| 786|0x0000000762400000, 0x0000000762600000, 0x0000000762600000|100%| S|CS|TAMS 0x0000000762400000| PB 0x0000000762400000| Complete |  0
| 787|0x0000000762600000, 0x0000000762800000, 0x0000000762800000|100%| S|CS|TAMS 0x0000000762600000| PB 0x0000000762600000| Complete |  0
| 788|0x0000000762800000, 0x0000000762a00000, 0x0000000762a00000|100%| S|CS|TAMS 0x0000000762800000| PB 0x0000000762800000| Complete |  0
| 789|0x0000000762a00000, 0x0000000762c00000, 0x0000000762c00000|100%| S|CS|TAMS 0x0000000762a00000| PB 0x0000000762a00000| Complete |  0
| 790|0x0000000762c00000, 0x0000000762e00000, 0x0000000762e00000|100%| S|CS|TAMS 0x0000000762c00000| PB 0x0000000762c00000| Complete |  0
| 791|0x0000000762e00000, 0x0000000763000000, 0x0000000763000000|100%| S|CS|TAMS 0x0000000762e00000| PB 0x0000000762e00000| Complete |  0
| 792|0x0000000763000000, 0x0000000763200000, 0x0000000763200000|100%| S|CS|TAMS 0x0000000763000000| PB 0x0000000763000000| Complete |  0
| 793|0x0000000763200000, 0x0000000763400000, 0x0000000763400000|100%| S|CS|TAMS 0x0000000763200000| PB 0x0000000763200000| Complete |  0
| 794|0x0000000763400000, 0x0000000763600000, 0x0000000763600000|100%| S|CS|TAMS 0x0000000763400000| PB 0x0000000763400000| Complete |  0
| 795|0x0000000763600000, 0x0000000763800000, 0x0000000763800000|100%| S|CS|TAMS 0x0000000763600000| PB 0x0000000763600000| Complete |  0
| 796|0x0000000763800000, 0x0000000763a00000, 0x0000000763a00000|100%| S|CS|TAMS 0x0000000763800000| PB 0x0000000763800000| Complete |  0
| 797|0x0000000763a00000, 0x0000000763c00000, 0x0000000763c00000|100%| S|CS|TAMS 0x0000000763a00000| PB 0x0000000763a00000| Complete |  0
| 798|0x0000000763c00000, 0x0000000763e00000, 0x0000000763e00000|100%| S|CS|TAMS 0x0000000763c00000| PB 0x0000000763c00000| Complete |  0
| 799|0x0000000763e00000, 0x0000000763e00000, 0x0000000764000000|  0%| F|  |TAMS 0x0000000763e00000| PB 0x0000000763e00000| Untracked |  0
| 800|0x0000000764000000, 0x0000000764000000, 0x0000000764200000|  0%| F|  |TAMS 0x0000000764000000| PB 0x0000000764000000| Untracked |  0
| 801|0x0000000764200000, 0x0000000764200000, 0x0000000764400000|  0%| F|  |TAMS 0x0000000764200000| PB 0x0000000764200000| Untracked |  0
| 802|0x0000000764400000, 0x0000000764400000, 0x0000000764600000|  0%| F|  |TAMS 0x0000000764400000| PB 0x0000000764400000| Untracked |  0
| 803|0x0000000764600000, 0x0000000764600000, 0x0000000764800000|  0%| F|  |TAMS 0x0000000764600000| PB 0x0000000764600000| Untracked |  0
| 804|0x0000000764800000, 0x0000000764800000, 0x0000000764a00000|  0%| F|  |TAMS 0x0000000764800000| PB 0x0000000764800000| Untracked |  0
| 805|0x0000000764a00000, 0x0000000764a00000, 0x0000000764c00000|  0%| F|  |TAMS 0x0000000764a00000| PB 0x0000000764a00000| Untracked |  0
| 806|0x0000000764c00000, 0x0000000764c00000, 0x0000000764e00000|  0%| F|  |TAMS 0x0000000764c00000| PB 0x0000000764c00000| Untracked |  0
| 807|0x0000000764e00000, 0x0000000764e00000, 0x0000000765000000|  0%| F|  |TAMS 0x0000000764e00000| PB 0x0000000764e00000| Untracked |  0
| 808|0x0000000765000000, 0x0000000765000000, 0x0000000765200000|  0%| F|  |TAMS 0x0000000765000000| PB 0x0000000765000000| Untracked |  0
| 809|0x0000000765200000, 0x0000000765200000, 0x0000000765400000|  0%| F|  |TAMS 0x0000000765200000| PB 0x0000000765200000| Untracked |  0
| 810|0x0000000765400000, 0x0000000765400000, 0x0000000765600000|  0%| F|  |TAMS 0x0000000765400000| PB 0x0000000765400000| Untracked |  0
| 811|0x0000000765600000, 0x0000000765600000, 0x0000000765800000|  0%| F|  |TAMS 0x0000000765600000| PB 0x0000000765600000| Untracked |  0
| 812|0x0000000765800000, 0x0000000765800000, 0x0000000765a00000|  0%| F|  |TAMS 0x0000000765800000| PB 0x0000000765800000| Untracked |  0
| 813|0x0000000765a00000, 0x0000000765a00000, 0x0000000765c00000|  0%| F|  |TAMS 0x0000000765a00000| PB 0x0000000765a00000| Untracked |  0
| 814|0x0000000765c00000, 0x0000000765c00000, 0x0000000765e00000|  0%| F|  |TAMS 0x0000000765c00000| PB 0x0000000765c00000| Untracked |  0
| 815|0x0000000765e00000, 0x0000000765e00000, 0x0000000766000000|  0%| F|  |TAMS 0x0000000765e00000| PB 0x0000000765e00000| Untracked |  0
| 816|0x0000000766000000, 0x0000000766000000, 0x0000000766200000|  0%| F|  |TAMS 0x0000000766000000| PB 0x0000000766000000| Untracked |  0
| 817|0x0000000766200000, 0x0000000766200000, 0x0000000766400000|  0%| F|  |TAMS 0x0000000766200000| PB 0x0000000766200000| Untracked |  0
| 818|0x0000000766400000, 0x0000000766400000, 0x0000000766600000|  0%| F|  |TAMS 0x0000000766400000| PB 0x0000000766400000| Untracked |  0
| 819|0x0000000766600000, 0x0000000766600000, 0x0000000766800000|  0%| F|  |TAMS 0x0000000766600000| PB 0x0000000766600000| Untracked |  0
| 820|0x0000000766800000, 0x0000000766800000, 0x0000000766a00000|  0%| F|  |TAMS 0x0000000766800000| PB 0x0000000766800000| Untracked |  0
| 821|0x0000000766a00000, 0x0000000766a00000, 0x0000000766c00000|  0%| F|  |TAMS 0x0000000766a00000| PB 0x0000000766a00000| Untracked |  0
| 822|0x0000000766c00000, 0x0000000766c00000, 0x0000000766e00000|  0%| F|  |TAMS 0x0000000766c00000| PB 0x0000000766c00000| Untracked |  0
| 823|0x0000000766e00000, 0x0000000766e00000, 0x0000000767000000|  0%| F|  |TAMS 0x0000000766e00000| PB 0x0000000766e00000| Untracked |  0
| 824|0x0000000767000000, 0x0000000767000000, 0x0000000767200000|  0%| F|  |TAMS 0x0000000767000000| PB 0x0000000767000000| Untracked |  0
| 825|0x0000000767200000, 0x0000000767200000, 0x0000000767400000|  0%| F|  |TAMS 0x0000000767200000| PB 0x0000000767200000| Untracked |  0
| 826|0x0000000767400000, 0x0000000767400000, 0x0000000767600000|  0%| F|  |TAMS 0x0000000767400000| PB 0x0000000767400000| Untracked |  0
| 827|0x0000000767600000, 0x0000000767600000, 0x0000000767800000|  0%| F|  |TAMS 0x0000000767600000| PB 0x0000000767600000| Untracked |  0
| 828|0x0000000767800000, 0x0000000767800000, 0x0000000767a00000|  0%| F|  |TAMS 0x0000000767800000| PB 0x0000000767800000| Untracked |  0
| 829|0x0000000767a00000, 0x0000000767a00000, 0x0000000767c00000|  0%| F|  |TAMS 0x0000000767a00000| PB 0x0000000767a00000| Untracked |  0
| 830|0x0000000767c00000, 0x0000000767c00000, 0x0000000767e00000|  0%| F|  |TAMS 0x0000000767c00000| PB 0x0000000767c00000| Untracked |  0
| 831|0x0000000767e00000, 0x0000000767e00000, 0x0000000768000000|  0%| F|  |TAMS 0x0000000767e00000| PB 0x0000000767e00000| Untracked |  0
| 832|0x0000000768000000, 0x0000000768000000, 0x0000000768200000|  0%| F|  |TAMS 0x0000000768000000| PB 0x0000000768000000| Untracked |  0
| 833|0x0000000768200000, 0x0000000768200000, 0x0000000768400000|  0%| F|  |TAMS 0x0000000768200000| PB 0x0000000768200000| Untracked |  0
| 834|0x0000000768400000, 0x0000000768400000, 0x0000000768600000|  0%| F|  |TAMS 0x0000000768400000| PB 0x0000000768400000| Untracked |  0
| 835|0x0000000768600000, 0x0000000768600000, 0x0000000768800000|  0%| F|  |TAMS 0x0000000768600000| PB 0x0000000768600000| Untracked |  0
| 836|0x0000000768800000, 0x0000000768800000, 0x0000000768a00000|  0%| F|  |TAMS 0x0000000768800000| PB 0x0000000768800000| Untracked |  0
| 837|0x0000000768a00000, 0x0000000768a00000, 0x0000000768c00000|  0%| F|  |TAMS 0x0000000768a00000| PB 0x0000000768a00000| Untracked |  0
| 838|0x0000000768c00000, 0x0000000768c00000, 0x0000000768e00000|  0%| F|  |TAMS 0x0000000768c00000| PB 0x0000000768c00000| Untracked |  0
| 839|0x0000000768e00000, 0x0000000768e00000, 0x0000000769000000|  0%| F|  |TAMS 0x0000000768e00000| PB 0x0000000768e00000| Untracked |  0
| 840|0x0000000769000000, 0x0000000769000000, 0x0000000769200000|  0%| F|  |TAMS 0x0000000769000000| PB 0x0000000769000000| Untracked |  0
| 841|0x0000000769200000, 0x0000000769200000, 0x0000000769400000|  0%| F|  |TAMS 0x0000000769200000| PB 0x0000000769200000| Untracked |  0
| 842|0x0000000769400000, 0x0000000769400000, 0x0000000769600000|  0%| F|  |TAMS 0x0000000769400000| PB 0x0000000769400000| Untracked |  0
| 843|0x0000000769600000, 0x0000000769600000, 0x0000000769800000|  0%| F|  |TAMS 0x0000000769600000| PB 0x0000000769600000| Untracked |  0
| 844|0x0000000769800000, 0x0000000769800000, 0x0000000769a00000|  0%| F|  |TAMS 0x0000000769800000| PB 0x0000000769800000| Untracked |  0
| 845|0x0000000769a00000, 0x0000000769a00000, 0x0000000769c00000|  0%| F|  |TAMS 0x0000000769a00000| PB 0x0000000769a00000| Untracked |  0
| 846|0x0000000769c00000, 0x0000000769c00000, 0x0000000769e00000|  0%| F|  |TAMS 0x0000000769c00000| PB 0x0000000769c00000| Untracked |  0
| 847|0x0000000769e00000, 0x0000000769e00000, 0x000000076a000000|  0%| F|  |TAMS 0x0000000769e00000| PB 0x0000000769e00000| Untracked |  0
| 848|0x000000076a000000, 0x000000076a000000, 0x000000076a200000|  0%| F|  |TAMS 0x000000076a000000| PB 0x000000076a000000| Untracked |  0
| 849|0x000000076a200000, 0x000000076a200000, 0x000000076a400000|  0%| F|  |TAMS 0x000000076a200000| PB 0x000000076a200000| Untracked |  0
| 850|0x000000076a400000, 0x000000076a400000, 0x000000076a600000|  0%| F|  |TAMS 0x000000076a400000| PB 0x000000076a400000| Untracked |  0
| 851|0x000000076a600000, 0x000000076a600000, 0x000000076a800000|  0%| F|  |TAMS 0x000000076a600000| PB 0x000000076a600000| Untracked |  0
| 852|0x000000076a800000, 0x000000076a800000, 0x000000076aa00000|  0%| F|  |TAMS 0x000000076a800000| PB 0x000000076a800000| Untracked |  0
| 853|0x000000076aa00000, 0x000000076aa00000, 0x000000076ac00000|  0%| F|  |TAMS 0x000000076aa00000| PB 0x000000076aa00000| Untracked |  0
| 854|0x000000076ac00000, 0x000000076ac00000, 0x000000076ae00000|  0%| F|  |TAMS 0x000000076ac00000| PB 0x000000076ac00000| Untracked |  0
| 855|0x000000076ae00000, 0x000000076ae00000, 0x000000076b000000|  0%| F|  |TAMS 0x000000076ae00000| PB 0x000000076ae00000| Untracked |  0
| 856|0x000000076b000000, 0x000000076b000000, 0x000000076b200000|  0%| F|  |TAMS 0x000000076b000000| PB 0x000000076b000000| Untracked |  0
| 857|0x000000076b200000, 0x000000076b200000, 0x000000076b400000|  0%| F|  |TAMS 0x000000076b200000| PB 0x000000076b200000| Untracked |  0
| 858|0x000000076b400000, 0x000000076b400000, 0x000000076b600000|  0%| F|  |TAMS 0x000000076b400000| PB 0x000000076b400000| Untracked |  0
| 859|0x000000076b600000, 0x000000076b600000, 0x000000076b800000|  0%| F|  |TAMS 0x000000076b600000| PB 0x000000076b600000| Untracked |  0
| 860|0x000000076b800000, 0x000000076b800000, 0x000000076ba00000|  0%| F|  |TAMS 0x000000076b800000| PB 0x000000076b800000| Untracked |  0
| 861|0x000000076ba00000, 0x000000076ba00000, 0x000000076bc00000|  0%| F|  |TAMS 0x000000076ba00000| PB 0x000000076ba00000| Untracked |  0
| 862|0x000000076bc00000, 0x000000076bc00000, 0x000000076be00000|  0%| F|  |TAMS 0x000000076bc00000| PB 0x000000076bc00000| Untracked |  0
| 863|0x000000076be00000, 0x000000076be00000, 0x000000076c000000|  0%| F|  |TAMS 0x000000076be00000| PB 0x000000076be00000| Untracked |  0
| 864|0x000000076c000000, 0x000000076c000000, 0x000000076c200000|  0%| F|  |TAMS 0x000000076c000000| PB 0x000000076c000000| Untracked |  0
| 865|0x000000076c200000, 0x000000076c200000, 0x000000076c400000|  0%| F|  |TAMS 0x000000076c200000| PB 0x000000076c200000| Untracked |  0
| 866|0x000000076c400000, 0x000000076c400000, 0x000000076c600000|  0%| F|  |TAMS 0x000000076c400000| PB 0x000000076c400000| Untracked |  0
| 867|0x000000076c600000, 0x000000076c600000, 0x000000076c800000|  0%| F|  |TAMS 0x000000076c600000| PB 0x000000076c600000| Untracked |  0
| 868|0x000000076c800000, 0x000000076c800000, 0x000000076ca00000|  0%| F|  |TAMS 0x000000076c800000| PB 0x000000076c800000| Untracked |  0
| 869|0x000000076ca00000, 0x000000076ca00000, 0x000000076cc00000|  0%| F|  |TAMS 0x000000076ca00000| PB 0x000000076ca00000| Untracked |  0
| 870|0x000000076cc00000, 0x000000076cc00000, 0x000000076ce00000|  0%| F|  |TAMS 0x000000076cc00000| PB 0x000000076cc00000| Untracked |  0
| 871|0x000000076ce00000, 0x000000076ce00000, 0x000000076d000000|  0%| F|  |TAMS 0x000000076ce00000| PB 0x000000076ce00000| Untracked |  0
| 872|0x000000076d000000, 0x000000076d000000, 0x000000076d200000|  0%| F|  |TAMS 0x000000076d000000| PB 0x000000076d000000| Untracked |  0
| 873|0x000000076d200000, 0x000000076d200000, 0x000000076d400000|  0%| F|  |TAMS 0x000000076d200000| PB 0x000000076d200000| Untracked |  0
| 874|0x000000076d400000, 0x000000076d400000, 0x000000076d600000|  0%| F|  |TAMS 0x000000076d400000| PB 0x000000076d400000| Untracked |  0
| 875|0x000000076d600000, 0x000000076d600000, 0x000000076d800000|  0%| F|  |TAMS 0x000000076d600000| PB 0x000000076d600000| Untracked |  0
| 876|0x000000076d800000, 0x000000076d800000, 0x000000076da00000|  0%| F|  |TAMS 0x000000076d800000| PB 0x000000076d800000| Untracked |  0
| 877|0x000000076da00000, 0x000000076da00000, 0x000000076dc00000|  0%| F|  |TAMS 0x000000076da00000| PB 0x000000076da00000| Untracked |  0
| 878|0x000000076dc00000, 0x000000076dc00000, 0x000000076de00000|  0%| F|  |TAMS 0x000000076dc00000| PB 0x000000076dc00000| Untracked |  0
| 879|0x000000076de00000, 0x000000076de00000, 0x000000076e000000|  0%| F|  |TAMS 0x000000076de00000| PB 0x000000076de00000| Untracked |  0
| 880|0x000000076e000000, 0x000000076e000000, 0x000000076e200000|  0%| F|  |TAMS 0x000000076e000000| PB 0x000000076e000000| Untracked |  0
| 881|0x000000076e200000, 0x000000076e200000, 0x000000076e400000|  0%| F|  |TAMS 0x000000076e200000| PB 0x000000076e200000| Untracked |  0
| 882|0x000000076e400000, 0x000000076e400000, 0x000000076e600000|  0%| F|  |TAMS 0x000000076e400000| PB 0x000000076e400000| Untracked |  0
| 883|0x000000076e600000, 0x000000076e600000, 0x000000076e800000|  0%| F|  |TAMS 0x000000076e600000| PB 0x000000076e600000| Untracked |  0
| 884|0x000000076e800000, 0x000000076e800000, 0x000000076ea00000|  0%| F|  |TAMS 0x000000076e800000| PB 0x000000076e800000| Untracked |  0
| 885|0x000000076ea00000, 0x000000076ea00000, 0x000000076ec00000|  0%| F|  |TAMS 0x000000076ea00000| PB 0x000000076ea00000| Untracked |  0
| 886|0x000000076ec00000, 0x000000076ec00000, 0x000000076ee00000|  0%| F|  |TAMS 0x000000076ec00000| PB 0x000000076ec00000| Untracked |  0
| 887|0x000000076ee00000, 0x000000076ee00000, 0x000000076f000000|  0%| F|  |TAMS 0x000000076ee00000| PB 0x000000076ee00000| Untracked |  0
| 888|0x000000076f000000, 0x000000076f000000, 0x000000076f200000|  0%| F|  |TAMS 0x000000076f000000| PB 0x000000076f000000| Untracked |  0
| 889|0x000000076f200000, 0x000000076f200000, 0x000000076f400000|  0%| F|  |TAMS 0x000000076f200000| PB 0x000000076f200000| Untracked |  0
| 890|0x000000076f400000, 0x000000076f400000, 0x000000076f600000|  0%| F|  |TAMS 0x000000076f400000| PB 0x000000076f400000| Untracked |  0
| 891|0x000000076f600000, 0x000000076f700000, 0x000000076f800000| 50%| E|  |TAMS 0x000000076f600000| PB 0x000000076f600000| Complete |  0
| 892|0x000000076f800000, 0x000000076fa00000, 0x000000076fa00000|100%| E|CS|TAMS 0x000000076f800000| PB 0x000000076f800000| Complete |  0
| 893|0x000000076fa00000, 0x000000076fc00000, 0x000000076fc00000|100%| E|CS|TAMS 0x000000076fa00000| PB 0x000000076fa00000| Complete |  0
| 894|0x000000076fc00000, 0x000000076fe00000, 0x000000076fe00000|100%| E|  |TAMS 0x000000076fc00000| PB 0x000000076fc00000| Complete |  0
| 895|0x000000076fe00000, 0x0000000770000000, 0x0000000770000000|100%| E|CS|TAMS 0x000000076fe00000| PB 0x000000076fe00000| Complete |  0
| 896|0x0000000770000000, 0x0000000770200000, 0x0000000770200000|100%| E|CS|TAMS 0x0000000770000000| PB 0x0000000770000000| Complete |  0
| 897|0x0000000770200000, 0x0000000770400000, 0x0000000770400000|100%| E|CS|TAMS 0x0000000770200000| PB 0x0000000770200000| Complete |  0
| 898|0x0000000770400000, 0x0000000770600000, 0x0000000770600000|100%| E|CS|TAMS 0x0000000770400000| PB 0x0000000770400000| Complete |  0
| 899|0x0000000770600000, 0x0000000770800000, 0x0000000770800000|100%| E|CS|TAMS 0x0000000770600000| PB 0x0000000770600000| Complete |  0
| 900|0x0000000770800000, 0x0000000770a00000, 0x0000000770a00000|100%| E|CS|TAMS 0x0000000770800000| PB 0x0000000770800000| Complete |  0
| 901|0x0000000770a00000, 0x0000000770c00000, 0x0000000770c00000|100%| E|CS|TAMS 0x0000000770a00000| PB 0x0000000770a00000| Complete |  0
| 902|0x0000000770c00000, 0x0000000770e00000, 0x0000000770e00000|100%| E|CS|TAMS 0x0000000770c00000| PB 0x0000000770c00000| Complete |  0
| 903|0x0000000770e00000, 0x0000000771000000, 0x0000000771000000|100%| E|CS|TAMS 0x0000000770e00000| PB 0x0000000770e00000| Complete |  0
| 904|0x0000000771000000, 0x0000000771200000, 0x0000000771200000|100%| E|CS|TAMS 0x0000000771000000| PB 0x0000000771000000| Complete |  0
| 905|0x0000000771200000, 0x0000000771400000, 0x0000000771400000|100%| E|CS|TAMS 0x0000000771200000| PB 0x0000000771200000| Complete |  0
| 906|0x0000000771400000, 0x0000000771600000, 0x0000000771600000|100%| E|CS|TAMS 0x0000000771400000| PB 0x0000000771400000| Complete |  0
| 907|0x0000000771600000, 0x0000000771800000, 0x0000000771800000|100%| E|CS|TAMS 0x0000000771600000| PB 0x0000000771600000| Complete |  0
| 908|0x0000000771800000, 0x0000000771a00000, 0x0000000771a00000|100%| E|CS|TAMS 0x0000000771800000| PB 0x0000000771800000| Complete |  0
| 909|0x0000000771a00000, 0x0000000771c00000, 0x0000000771c00000|100%| E|CS|TAMS 0x0000000771a00000| PB 0x0000000771a00000| Complete |  0
| 910|0x0000000771c00000, 0x0000000771e00000, 0x0000000771e00000|100%| E|CS|TAMS 0x0000000771c00000| PB 0x0000000771c00000| Complete |  0
| 911|0x0000000771e00000, 0x0000000772000000, 0x0000000772000000|100%| E|CS|TAMS 0x0000000771e00000| PB 0x0000000771e00000| Complete |  0
| 912|0x0000000772000000, 0x0000000772200000, 0x0000000772200000|100%| E|CS|TAMS 0x0000000772000000| PB 0x0000000772000000| Complete |  0
| 913|0x0000000772200000, 0x0000000772400000, 0x0000000772400000|100%| E|CS|TAMS 0x0000000772200000| PB 0x0000000772200000| Complete |  0
| 914|0x0000000772400000, 0x0000000772600000, 0x0000000772600000|100%| E|CS|TAMS 0x0000000772400000| PB 0x0000000772400000| Complete |  0
| 915|0x0000000772600000, 0x0000000772800000, 0x0000000772800000|100%| E|CS|TAMS 0x0000000772600000| PB 0x0000000772600000| Complete |  0
| 916|0x0000000772800000, 0x0000000772a00000, 0x0000000772a00000|100%| E|CS|TAMS 0x0000000772800000| PB 0x0000000772800000| Complete |  0
| 917|0x0000000772a00000, 0x0000000772c00000, 0x0000000772c00000|100%| E|CS|TAMS 0x0000000772a00000| PB 0x0000000772a00000| Complete |  0
| 918|0x0000000772c00000, 0x0000000772e00000, 0x0000000772e00000|100%| E|CS|TAMS 0x0000000772c00000| PB 0x0000000772c00000| Complete |  0
| 919|0x0000000772e00000, 0x0000000773000000, 0x0000000773000000|100%| E|CS|TAMS 0x0000000772e00000| PB 0x0000000772e00000| Complete |  0
| 920|0x0000000773000000, 0x0000000773200000, 0x0000000773200000|100%| E|CS|TAMS 0x0000000773000000| PB 0x0000000773000000| Complete |  0
| 921|0x0000000773200000, 0x0000000773400000, 0x0000000773400000|100%| E|CS|TAMS 0x0000000773200000| PB 0x0000000773200000| Complete |  0
| 922|0x0000000773400000, 0x0000000773600000, 0x0000000773600000|100%| E|CS|TAMS 0x0000000773400000| PB 0x0000000773400000| Complete |  0
| 923|0x0000000773600000, 0x0000000773800000, 0x0000000773800000|100%| E|CS|TAMS 0x0000000773600000| PB 0x0000000773600000| Complete |  0
| 924|0x0000000773800000, 0x0000000773a00000, 0x0000000773a00000|100%| E|CS|TAMS 0x0000000773800000| PB 0x0000000773800000| Complete |  0
| 925|0x0000000773a00000, 0x0000000773c00000, 0x0000000773c00000|100%| E|CS|TAMS 0x0000000773a00000| PB 0x0000000773a00000| Complete |  0
| 926|0x0000000773c00000, 0x0000000773e00000, 0x0000000773e00000|100%| E|CS|TAMS 0x0000000773c00000| PB 0x0000000773c00000| Complete |  0
| 927|0x0000000773e00000, 0x0000000774000000, 0x0000000774000000|100%| E|CS|TAMS 0x0000000773e00000| PB 0x0000000773e00000| Complete |  0
| 928|0x0000000774000000, 0x0000000774200000, 0x0000000774200000|100%| E|CS|TAMS 0x0000000774000000| PB 0x0000000774000000| Complete |  0
| 929|0x0000000774200000, 0x0000000774400000, 0x0000000774400000|100%| E|CS|TAMS 0x0000000774200000| PB 0x0000000774200000| Complete |  0
| 930|0x0000000774400000, 0x0000000774600000, 0x0000000774600000|100%| E|CS|TAMS 0x0000000774400000| PB 0x0000000774400000| Complete |  0
| 931|0x0000000774600000, 0x0000000774800000, 0x0000000774800000|100%| E|CS|TAMS 0x0000000774600000| PB 0x0000000774600000| Complete |  0
| 932|0x0000000774800000, 0x0000000774a00000, 0x0000000774a00000|100%| E|CS|TAMS 0x0000000774800000| PB 0x0000000774800000| Complete |  0
| 933|0x0000000774a00000, 0x0000000774c00000, 0x0000000774c00000|100%| E|CS|TAMS 0x0000000774a00000| PB 0x0000000774a00000| Complete |  0
| 934|0x0000000774c00000, 0x0000000774e00000, 0x0000000774e00000|100%| E|CS|TAMS 0x0000000774c00000| PB 0x0000000774c00000| Complete |  0
| 935|0x0000000774e00000, 0x0000000775000000, 0x0000000775000000|100%| E|CS|TAMS 0x0000000774e00000| PB 0x0000000774e00000| Complete |  0
| 936|0x0000000775000000, 0x0000000775200000, 0x0000000775200000|100%| E|CS|TAMS 0x0000000775000000| PB 0x0000000775000000| Complete |  0
| 937|0x0000000775200000, 0x0000000775400000, 0x0000000775400000|100%| E|CS|TAMS 0x0000000775200000| PB 0x0000000775200000| Complete |  0
| 938|0x0000000775400000, 0x0000000775600000, 0x0000000775600000|100%| E|CS|TAMS 0x0000000775400000| PB 0x0000000775400000| Complete |  0
| 939|0x0000000775600000, 0x0000000775800000, 0x0000000775800000|100%| E|CS|TAMS 0x0000000775600000| PB 0x0000000775600000| Complete |  0
| 940|0x0000000775800000, 0x0000000775a00000, 0x0000000775a00000|100%| E|CS|TAMS 0x0000000775800000| PB 0x0000000775800000| Complete |  0
| 941|0x0000000775a00000, 0x0000000775c00000, 0x0000000775c00000|100%| E|CS|TAMS 0x0000000775a00000| PB 0x0000000775a00000| Complete |  0
| 942|0x0000000775c00000, 0x0000000775e00000, 0x0000000775e00000|100%| E|CS|TAMS 0x0000000775c00000| PB 0x0000000775c00000| Complete |  0
| 943|0x0000000775e00000, 0x0000000776000000, 0x0000000776000000|100%| E|CS|TAMS 0x0000000775e00000| PB 0x0000000775e00000| Complete |  0
| 944|0x0000000776000000, 0x0000000776200000, 0x0000000776200000|100%| E|CS|TAMS 0x0000000776000000| PB 0x0000000776000000| Complete |  0
| 945|0x0000000776200000, 0x0000000776400000, 0x0000000776400000|100%| E|CS|TAMS 0x0000000776200000| PB 0x0000000776200000| Complete |  0
| 946|0x0000000776400000, 0x0000000776600000, 0x0000000776600000|100%| E|CS|TAMS 0x0000000776400000| PB 0x0000000776400000| Complete |  0
| 947|0x0000000776600000, 0x0000000776800000, 0x0000000776800000|100%| E|CS|TAMS 0x0000000776600000| PB 0x0000000776600000| Complete |  0
| 948|0x0000000776800000, 0x0000000776a00000, 0x0000000776a00000|100%| E|CS|TAMS 0x0000000776800000| PB 0x0000000776800000| Complete |  0
| 949|0x0000000776a00000, 0x0000000776c00000, 0x0000000776c00000|100%| E|CS|TAMS 0x0000000776a00000| PB 0x0000000776a00000| Complete |  0
| 950|0x0000000776c00000, 0x0000000776e00000, 0x0000000776e00000|100%| E|CS|TAMS 0x0000000776c00000| PB 0x0000000776c00000| Complete |  0
| 951|0x0000000776e00000, 0x0000000777000000, 0x0000000777000000|100%| E|CS|TAMS 0x0000000776e00000| PB 0x0000000776e00000| Complete |  0
| 952|0x0000000777000000, 0x0000000777200000, 0x0000000777200000|100%| E|CS|TAMS 0x0000000777000000| PB 0x0000000777000000| Complete |  0
| 953|0x0000000777200000, 0x0000000777400000, 0x0000000777400000|100%| E|CS|TAMS 0x0000000777200000| PB 0x0000000777200000| Complete |  0
| 954|0x0000000777400000, 0x0000000777600000, 0x0000000777600000|100%| E|CS|TAMS 0x0000000777400000| PB 0x0000000777400000| Complete |  0
| 955|0x0000000777600000, 0x0000000777800000, 0x0000000777800000|100%| E|CS|TAMS 0x0000000777600000| PB 0x0000000777600000| Complete |  0
| 956|0x0000000777800000, 0x0000000777a00000, 0x0000000777a00000|100%| E|CS|TAMS 0x0000000777800000| PB 0x0000000777800000| Complete |  0
| 957|0x0000000777a00000, 0x0000000777c00000, 0x0000000777c00000|100%| E|CS|TAMS 0x0000000777a00000| PB 0x0000000777a00000| Complete |  0
| 958|0x0000000777c00000, 0x0000000777e00000, 0x0000000777e00000|100%| E|CS|TAMS 0x0000000777c00000| PB 0x0000000777c00000| Complete |  0
| 959|0x0000000777e00000, 0x0000000778000000, 0x0000000778000000|100%| E|CS|TAMS 0x0000000777e00000| PB 0x0000000777e00000| Complete |  0
| 960|0x0000000778000000, 0x0000000778200000, 0x0000000778200000|100%| E|CS|TAMS 0x0000000778000000| PB 0x0000000778000000| Complete |  0
| 961|0x0000000778200000, 0x0000000778400000, 0x0000000778400000|100%| E|CS|TAMS 0x0000000778200000| PB 0x0000000778200000| Complete |  0
| 962|0x0000000778400000, 0x0000000778600000, 0x0000000778600000|100%| E|CS|TAMS 0x0000000778400000| PB 0x0000000778400000| Complete |  0
| 963|0x0000000778600000, 0x0000000778800000, 0x0000000778800000|100%| E|CS|TAMS 0x0000000778600000| PB 0x0000000778600000| Complete |  0
| 964|0x0000000778800000, 0x0000000778a00000, 0x0000000778a00000|100%| E|CS|TAMS 0x0000000778800000| PB 0x0000000778800000| Complete |  0
| 965|0x0000000778a00000, 0x0000000778c00000, 0x0000000778c00000|100%| E|CS|TAMS 0x0000000778a00000| PB 0x0000000778a00000| Complete |  0
| 966|0x0000000778c00000, 0x0000000778e00000, 0x0000000778e00000|100%| E|CS|TAMS 0x0000000778c00000| PB 0x0000000778c00000| Complete |  0
| 967|0x0000000778e00000, 0x0000000779000000, 0x0000000779000000|100%| E|CS|TAMS 0x0000000778e00000| PB 0x0000000778e00000| Complete |  0
| 968|0x0000000779000000, 0x0000000779200000, 0x0000000779200000|100%| E|CS|TAMS 0x0000000779000000| PB 0x0000000779000000| Complete |  0
| 969|0x0000000779200000, 0x0000000779400000, 0x0000000779400000|100%| E|CS|TAMS 0x0000000779200000| PB 0x0000000779200000| Complete |  0
| 970|0x0000000779400000, 0x0000000779600000, 0x0000000779600000|100%| E|CS|TAMS 0x0000000779400000| PB 0x0000000779400000| Complete |  0
| 971|0x0000000779600000, 0x0000000779800000, 0x0000000779800000|100%| E|CS|TAMS 0x0000000779600000| PB 0x0000000779600000| Complete |  0
| 972|0x0000000779800000, 0x0000000779a00000, 0x0000000779a00000|100%| E|CS|TAMS 0x0000000779800000| PB 0x0000000779800000| Complete |  0
| 973|0x0000000779a00000, 0x0000000779c00000, 0x0000000779c00000|100%| E|CS|TAMS 0x0000000779a00000| PB 0x0000000779a00000| Complete |  0
| 974|0x0000000779c00000, 0x0000000779e00000, 0x0000000779e00000|100%| E|CS|TAMS 0x0000000779c00000| PB 0x0000000779c00000| Complete |  0
| 975|0x0000000779e00000, 0x000000077a000000, 0x000000077a000000|100%| E|CS|TAMS 0x0000000779e00000| PB 0x0000000779e00000| Complete |  0
| 976|0x000000077a000000, 0x000000077a200000, 0x000000077a200000|100%| E|CS|TAMS 0x000000077a000000| PB 0x000000077a000000| Complete |  0
| 977|0x000000077a200000, 0x000000077a400000, 0x000000077a400000|100%| E|CS|TAMS 0x000000077a200000| PB 0x000000077a200000| Complete |  0
| 978|0x000000077a400000, 0x000000077a600000, 0x000000077a600000|100%| E|CS|TAMS 0x000000077a400000| PB 0x000000077a400000| Complete |  0
| 979|0x000000077a600000, 0x000000077a800000, 0x000000077a800000|100%| E|CS|TAMS 0x000000077a600000| PB 0x000000077a600000| Complete |  0
| 980|0x000000077a800000, 0x000000077aa00000, 0x000000077aa00000|100%| E|CS|TAMS 0x000000077a800000| PB 0x000000077a800000| Complete |  0
| 981|0x000000077aa00000, 0x000000077ac00000, 0x000000077ac00000|100%| E|CS|TAMS 0x000000077aa00000| PB 0x000000077aa00000| Complete |  0
| 982|0x000000077ac00000, 0x000000077ae00000, 0x000000077ae00000|100%| E|CS|TAMS 0x000000077ac00000| PB 0x000000077ac00000| Complete |  0
| 983|0x000000077ae00000, 0x000000077b000000, 0x000000077b000000|100%| E|CS|TAMS 0x000000077ae00000| PB 0x000000077ae00000| Complete |  0
| 984|0x000000077b000000, 0x000000077b200000, 0x000000077b200000|100%| E|CS|TAMS 0x000000077b000000| PB 0x000000077b000000| Complete |  0
| 985|0x000000077b200000, 0x000000077b400000, 0x000000077b400000|100%| E|CS|TAMS 0x000000077b200000| PB 0x000000077b200000| Complete |  0
| 986|0x000000077b400000, 0x000000077b600000, 0x000000077b600000|100%| E|CS|TAMS 0x000000077b400000| PB 0x000000077b400000| Complete |  0
| 987|0x000000077b600000, 0x000000077b800000, 0x000000077b800000|100%| E|CS|TAMS 0x000000077b600000| PB 0x000000077b600000| Complete |  0
| 988|0x000000077b800000, 0x000000077ba00000, 0x000000077ba00000|100%| E|CS|TAMS 0x000000077b800000| PB 0x000000077b800000| Complete |  0
| 989|0x000000077ba00000, 0x000000077bc00000, 0x000000077bc00000|100%| E|CS|TAMS 0x000000077ba00000| PB 0x000000077ba00000| Complete |  0
| 990|0x000000077bc00000, 0x000000077be00000, 0x000000077be00000|100%| E|CS|TAMS 0x000000077bc00000| PB 0x000000077bc00000| Complete |  0
| 991|0x000000077be00000, 0x000000077c000000, 0x000000077c000000|100%| E|CS|TAMS 0x000000077be00000| PB 0x000000077be00000| Complete |  0
| 992|0x000000077c000000, 0x000000077c200000, 0x000000077c200000|100%| E|CS|TAMS 0x000000077c000000| PB 0x000000077c000000| Complete |  0
| 993|0x000000077c200000, 0x000000077c400000, 0x000000077c400000|100%| E|CS|TAMS 0x000000077c200000| PB 0x000000077c200000| Complete |  0
| 994|0x000000077c400000, 0x000000077c600000, 0x000000077c600000|100%| E|CS|TAMS 0x000000077c400000| PB 0x000000077c400000| Complete |  0
| 995|0x000000077c600000, 0x000000077c800000, 0x000000077c800000|100%| E|CS|TAMS 0x000000077c600000| PB 0x000000077c600000| Complete |  0
| 996|0x000000077c800000, 0x000000077ca00000, 0x000000077ca00000|100%| E|CS|TAMS 0x000000077c800000| PB 0x000000077c800000| Complete |  0
| 997|0x000000077ca00000, 0x000000077cc00000, 0x000000077cc00000|100%| E|CS|TAMS 0x000000077ca00000| PB 0x000000077ca00000| Complete |  0
| 998|0x000000077cc00000, 0x000000077ce00000, 0x000000077ce00000|100%| E|CS|TAMS 0x000000077cc00000| PB 0x000000077cc00000| Complete |  0
| 999|0x000000077ce00000, 0x000000077d000000, 0x000000077d000000|100%| E|CS|TAMS 0x000000077ce00000| PB 0x000000077ce00000| Complete |  0
|1000|0x000000077d000000, 0x000000077d200000, 0x000000077d200000|100%| E|CS|TAMS 0x000000077d000000| PB 0x000000077d000000| Complete |  0
|1001|0x000000077d200000, 0x000000077d400000, 0x000000077d400000|100%| E|CS|TAMS 0x000000077d200000| PB 0x000000077d200000| Complete |  0
|1002|0x000000077d400000, 0x000000077d600000, 0x000000077d600000|100%| E|CS|TAMS 0x000000077d400000| PB 0x000000077d400000| Complete |  0
|1003|0x000000077d600000, 0x000000077d800000, 0x000000077d800000|100%| E|CS|TAMS 0x000000077d600000| PB 0x000000077d600000| Complete |  0
|1004|0x000000077d800000, 0x000000077da00000, 0x000000077da00000|100%| E|CS|TAMS 0x000000077d800000| PB 0x000000077d800000| Complete |  0
|1005|0x000000077da00000, 0x000000077dc00000, 0x000000077dc00000|100%| E|CS|TAMS 0x000000077da00000| PB 0x000000077da00000| Complete |  0
|1006|0x000000077dc00000, 0x000000077de00000, 0x000000077de00000|100%| E|CS|TAMS 0x000000077dc00000| PB 0x000000077dc00000| Complete |  0
|1007|0x000000077de00000, 0x000000077e000000, 0x000000077e000000|100%| E|CS|TAMS 0x000000077de00000| PB 0x000000077de00000| Complete |  0
|1008|0x000000077e000000, 0x000000077e200000, 0x000000077e200000|100%| E|CS|TAMS 0x000000077e000000| PB 0x000000077e000000| Complete |  0
|1009|0x000000077e200000, 0x000000077e400000, 0x000000077e400000|100%| E|CS|TAMS 0x000000077e200000| PB 0x000000077e200000| Complete |  0
|1010|0x000000077e400000, 0x000000077e600000, 0x000000077e600000|100%| E|CS|TAMS 0x000000077e400000| PB 0x000000077e400000| Complete |  0
|1011|0x000000077e600000, 0x000000077e800000, 0x000000077e800000|100%| E|CS|TAMS 0x000000077e600000| PB 0x000000077e600000| Complete |  0
|1012|0x000000077e800000, 0x000000077ea00000, 0x000000077ea00000|100%| E|CS|TAMS 0x000000077e800000| PB 0x000000077e800000| Complete |  0
|1013|0x000000077ea00000, 0x000000077ec00000, 0x000000077ec00000|100%| E|CS|TAMS 0x000000077ea00000| PB 0x000000077ea00000| Complete |  0
|1014|0x000000077ec00000, 0x000000077ee00000, 0x000000077ee00000|100%| E|CS|TAMS 0x000000077ec00000| PB 0x000000077ec00000| Complete |  0
|1015|0x000000077ee00000, 0x000000077f000000, 0x000000077f000000|100%| E|CS|TAMS 0x000000077ee00000| PB 0x000000077ee00000| Complete |  0
|1016|0x000000077f000000, 0x000000077f200000, 0x000000077f200000|100%| E|CS|TAMS 0x000000077f000000| PB 0x000000077f000000| Complete |  0
|1017|0x000000077f200000, 0x000000077f400000, 0x000000077f400000|100%| E|CS|TAMS 0x000000077f200000| PB 0x000000077f200000| Complete |  0
|1018|0x000000077f400000, 0x000000077f600000, 0x000000077f600000|100%| E|CS|TAMS 0x000000077f400000| PB 0x000000077f400000| Complete |  0
|1019|0x000000077f600000, 0x000000077f800000, 0x000000077f800000|100%| E|CS|TAMS 0x000000077f600000| PB 0x000000077f600000| Complete |  0
|1020|0x000000077f800000, 0x000000077fa00000, 0x000000077fa00000|100%| E|CS|TAMS 0x000000077f800000| PB 0x000000077f800000| Complete |  0
|1021|0x000000077fa00000, 0x000000077fc00000, 0x000000077fc00000|100%| E|CS|TAMS 0x000000077fa00000| PB 0x000000077fa00000| Complete |  0
|1022|0x000000077fc00000, 0x000000077fe00000, 0x000000077fe00000|100%| E|CS|TAMS 0x000000077fc00000| PB 0x000000077fc00000| Complete |  0
|1023|0x000000077fe00000, 0x0000000780000000, 0x0000000780000000|100%| E|CS|TAMS 0x000000077fe00000| PB 0x000000077fe00000| Complete |  0
|1024|0x0000000780000000, 0x0000000780200000, 0x0000000780200000|100%| E|CS|TAMS 0x0000000780000000| PB 0x0000000780000000| Complete |  0
|1025|0x0000000780200000, 0x0000000780400000, 0x0000000780400000|100%| E|CS|TAMS 0x0000000780200000| PB 0x0000000780200000| Complete |  0
|1026|0x0000000780400000, 0x0000000780600000, 0x0000000780600000|100%| E|CS|TAMS 0x0000000780400000| PB 0x0000000780400000| Complete |  0
|1027|0x0000000780600000, 0x0000000780800000, 0x0000000780800000|100%| E|CS|TAMS 0x0000000780600000| PB 0x0000000780600000| Complete |  0
|1028|0x0000000780800000, 0x0000000780a00000, 0x0000000780a00000|100%| E|CS|TAMS 0x0000000780800000| PB 0x0000000780800000| Complete |  0
|1029|0x0000000780a00000, 0x0000000780c00000, 0x0000000780c00000|100%| E|CS|TAMS 0x0000000780a00000| PB 0x0000000780a00000| Complete |  0
|1030|0x0000000780c00000, 0x0000000780e00000, 0x0000000780e00000|100%| E|CS|TAMS 0x0000000780c00000| PB 0x0000000780c00000| Complete |  0
|1031|0x0000000780e00000, 0x0000000781000000, 0x0000000781000000|100%| E|CS|TAMS 0x0000000780e00000| PB 0x0000000780e00000| Complete |  0
|1032|0x0000000781000000, 0x0000000781200000, 0x0000000781200000|100%| E|CS|TAMS 0x0000000781000000| PB 0x0000000781000000| Complete |  0
|1033|0x0000000781200000, 0x0000000781400000, 0x0000000781400000|100%| E|CS|TAMS 0x0000000781200000| PB 0x0000000781200000| Complete |  0
|1034|0x0000000781400000, 0x0000000781600000, 0x0000000781600000|100%| E|CS|TAMS 0x0000000781400000| PB 0x0000000781400000| Complete |  0
|1035|0x0000000781600000, 0x0000000781800000, 0x0000000781800000|100%| E|CS|TAMS 0x0000000781600000| PB 0x0000000781600000| Complete |  0
|1036|0x0000000781800000, 0x0000000781a00000, 0x0000000781a00000|100%| E|CS|TAMS 0x0000000781800000| PB 0x0000000781800000| Complete |  0
|1037|0x0000000781a00000, 0x0000000781c00000, 0x0000000781c00000|100%| E|CS|TAMS 0x0000000781a00000| PB 0x0000000781a00000| Complete |  0
|1038|0x0000000781c00000, 0x0000000781e00000, 0x0000000781e00000|100%| E|CS|TAMS 0x0000000781c00000| PB 0x0000000781c00000| Complete |  0
|1039|0x0000000781e00000, 0x0000000782000000, 0x0000000782000000|100%| E|CS|TAMS 0x0000000781e00000| PB 0x0000000781e00000| Complete |  0
|1040|0x0000000782000000, 0x0000000782200000, 0x0000000782200000|100%| E|CS|TAMS 0x0000000782000000| PB 0x0000000782000000| Complete |  0
|1041|0x0000000782200000, 0x0000000782400000, 0x0000000782400000|100%| E|CS|TAMS 0x0000000782200000| PB 0x0000000782200000| Complete |  0
|1042|0x0000000782400000, 0x0000000782600000, 0x0000000782600000|100%| E|CS|TAMS 0x0000000782400000| PB 0x0000000782400000| Complete |  0
|1043|0x0000000782600000, 0x0000000782800000, 0x0000000782800000|100%| E|CS|TAMS 0x0000000782600000| PB 0x0000000782600000| Complete |  0
|1044|0x0000000782800000, 0x0000000782a00000, 0x0000000782a00000|100%| E|CS|TAMS 0x0000000782800000| PB 0x0000000782800000| Complete |  0
|1045|0x0000000782a00000, 0x0000000782c00000, 0x0000000782c00000|100%| E|CS|TAMS 0x0000000782a00000| PB 0x0000000782a00000| Complete |  0
|1046|0x0000000782c00000, 0x0000000782e00000, 0x0000000782e00000|100%| E|CS|TAMS 0x0000000782c00000| PB 0x0000000782c00000| Complete |  0
|1047|0x0000000782e00000, 0x0000000783000000, 0x0000000783000000|100%| E|CS|TAMS 0x0000000782e00000| PB 0x0000000782e00000| Complete |  0
|1048|0x0000000783000000, 0x0000000783200000, 0x0000000783200000|100%| E|CS|TAMS 0x0000000783000000| PB 0x0000000783000000| Complete |  0
|1049|0x0000000783200000, 0x0000000783400000, 0x0000000783400000|100%| E|CS|TAMS 0x0000000783200000| PB 0x0000000783200000| Complete |  0
|1050|0x0000000783400000, 0x0000000783600000, 0x0000000783600000|100%| E|CS|TAMS 0x0000000783400000| PB 0x0000000783400000| Complete |  0
|1051|0x0000000783600000, 0x0000000783800000, 0x0000000783800000|100%| E|CS|TAMS 0x0000000783600000| PB 0x0000000783600000| Complete |  0
|1052|0x0000000783800000, 0x0000000783a00000, 0x0000000783a00000|100%| E|CS|TAMS 0x0000000783800000| PB 0x0000000783800000| Complete |  0
|1053|0x0000000783a00000, 0x0000000783c00000, 0x0000000783c00000|100%| E|CS|TAMS 0x0000000783a00000| PB 0x0000000783a00000| Complete |  0
|1054|0x0000000783c00000, 0x0000000783e00000, 0x0000000783e00000|100%| E|CS|TAMS 0x0000000783c00000| PB 0x0000000783c00000| Complete |  0
|1055|0x0000000783e00000, 0x0000000784000000, 0x0000000784000000|100%| E|CS|TAMS 0x0000000783e00000| PB 0x0000000783e00000| Complete |  0
|1056|0x0000000784000000, 0x0000000784200000, 0x0000000784200000|100%| E|CS|TAMS 0x0000000784000000| PB 0x0000000784000000| Complete |  0
|1057|0x0000000784200000, 0x0000000784400000, 0x0000000784400000|100%| E|CS|TAMS 0x0000000784200000| PB 0x0000000784200000| Complete |  0
|1058|0x0000000784400000, 0x0000000784600000, 0x0000000784600000|100%| E|CS|TAMS 0x0000000784400000| PB 0x0000000784400000| Complete |  0
|1059|0x0000000784600000, 0x0000000784800000, 0x0000000784800000|100%| E|CS|TAMS 0x0000000784600000| PB 0x0000000784600000| Complete |  0
|1060|0x0000000784800000, 0x0000000784a00000, 0x0000000784a00000|100%| E|CS|TAMS 0x0000000784800000| PB 0x0000000784800000| Complete |  0
|1061|0x0000000784a00000, 0x0000000784c00000, 0x0000000784c00000|100%| E|CS|TAMS 0x0000000784a00000| PB 0x0000000784a00000| Complete |  0
|1062|0x0000000784c00000, 0x0000000784e00000, 0x0000000784e00000|100%| E|CS|TAMS 0x0000000784c00000| PB 0x0000000784c00000| Complete |  0
|1063|0x0000000784e00000, 0x0000000785000000, 0x0000000785000000|100%| E|CS|TAMS 0x0000000784e00000| PB 0x0000000784e00000| Complete |  0
|1064|0x0000000785000000, 0x0000000785200000, 0x0000000785200000|100%| E|CS|TAMS 0x0000000785000000| PB 0x0000000785000000| Complete |  0
|1065|0x0000000785200000, 0x0000000785400000, 0x0000000785400000|100%| E|CS|TAMS 0x0000000785200000| PB 0x0000000785200000| Complete |  0
|1066|0x0000000785400000, 0x0000000785600000, 0x0000000785600000|100%| E|CS|TAMS 0x0000000785400000| PB 0x0000000785400000| Complete |  0
|1067|0x0000000785600000, 0x0000000785800000, 0x0000000785800000|100%| E|CS|TAMS 0x0000000785600000| PB 0x0000000785600000| Complete |  0
|1068|0x0000000785800000, 0x0000000785a00000, 0x0000000785a00000|100%| E|CS|TAMS 0x0000000785800000| PB 0x0000000785800000| Complete |  0
|1069|0x0000000785a00000, 0x0000000785c00000, 0x0000000785c00000|100%| E|CS|TAMS 0x0000000785a00000| PB 0x0000000785a00000| Complete |  0
|1070|0x0000000785c00000, 0x0000000785e00000, 0x0000000785e00000|100%| E|CS|TAMS 0x0000000785c00000| PB 0x0000000785c00000| Complete |  0
|1071|0x0000000785e00000, 0x0000000786000000, 0x0000000786000000|100%| E|CS|TAMS 0x0000000785e00000| PB 0x0000000785e00000| Complete |  0
|1072|0x0000000786000000, 0x0000000786200000, 0x0000000786200000|100%| E|CS|TAMS 0x0000000786000000| PB 0x0000000786000000| Complete |  0
|1073|0x0000000786200000, 0x0000000786400000, 0x0000000786400000|100%| E|CS|TAMS 0x0000000786200000| PB 0x0000000786200000| Complete |  0
|1074|0x0000000786400000, 0x0000000786600000, 0x0000000786600000|100%| E|CS|TAMS 0x0000000786400000| PB 0x0000000786400000| Complete |  0
|1075|0x0000000786600000, 0x0000000786800000, 0x0000000786800000|100%| E|CS|TAMS 0x0000000786600000| PB 0x0000000786600000| Complete |  0
|1076|0x0000000786800000, 0x0000000786a00000, 0x0000000786a00000|100%| E|CS|TAMS 0x0000000786800000| PB 0x0000000786800000| Complete |  0
|1077|0x0000000786a00000, 0x0000000786c00000, 0x0000000786c00000|100%| E|CS|TAMS 0x0000000786a00000| PB 0x0000000786a00000| Complete |  0
|1078|0x0000000786c00000, 0x0000000786e00000, 0x0000000786e00000|100%| E|CS|TAMS 0x0000000786c00000| PB 0x0000000786c00000| Complete |  0
|1079|0x0000000786e00000, 0x0000000787000000, 0x0000000787000000|100%| E|CS|TAMS 0x0000000786e00000| PB 0x0000000786e00000| Complete |  0
|1080|0x0000000787000000, 0x0000000787200000, 0x0000000787200000|100%| E|CS|TAMS 0x0000000787000000| PB 0x0000000787000000| Complete |  0
|1081|0x0000000787200000, 0x0000000787400000, 0x0000000787400000|100%| E|CS|TAMS 0x0000000787200000| PB 0x0000000787200000| Complete |  0
|1082|0x0000000787400000, 0x0000000787600000, 0x0000000787600000|100%| E|CS|TAMS 0x0000000787400000| PB 0x0000000787400000| Complete |  0
|1083|0x0000000787600000, 0x0000000787800000, 0x0000000787800000|100%| E|CS|TAMS 0x0000000787600000| PB 0x0000000787600000| Complete |  0
|1084|0x0000000787800000, 0x0000000787a00000, 0x0000000787a00000|100%| E|CS|TAMS 0x0000000787800000| PB 0x0000000787800000| Complete |  0
|1085|0x0000000787a00000, 0x0000000787c00000, 0x0000000787c00000|100%| E|CS|TAMS 0x0000000787a00000| PB 0x0000000787a00000| Complete |  0
|1086|0x0000000787c00000, 0x0000000787e00000, 0x0000000787e00000|100%| E|CS|TAMS 0x0000000787c00000| PB 0x0000000787c00000| Complete |  0
|1087|0x0000000787e00000, 0x0000000788000000, 0x0000000788000000|100%| E|CS|TAMS 0x0000000787e00000| PB 0x0000000787e00000| Complete |  0
|1088|0x0000000788000000, 0x0000000788200000, 0x0000000788200000|100%| E|CS|TAMS 0x0000000788000000| PB 0x0000000788000000| Complete |  0
|1089|0x0000000788200000, 0x0000000788400000, 0x0000000788400000|100%| E|CS|TAMS 0x0000000788200000| PB 0x0000000788200000| Complete |  0
|1090|0x0000000788400000, 0x0000000788600000, 0x0000000788600000|100%| E|CS|TAMS 0x0000000788400000| PB 0x0000000788400000| Complete |  0
|1091|0x0000000788600000, 0x0000000788800000, 0x0000000788800000|100%| E|CS|TAMS 0x0000000788600000| PB 0x0000000788600000| Complete |  0
|1092|0x0000000788800000, 0x0000000788a00000, 0x0000000788a00000|100%| E|CS|TAMS 0x0000000788800000| PB 0x0000000788800000| Complete |  0
|1093|0x0000000788a00000, 0x0000000788c00000, 0x0000000788c00000|100%| E|CS|TAMS 0x0000000788a00000| PB 0x0000000788a00000| Complete |  0
|1094|0x0000000788c00000, 0x0000000788e00000, 0x0000000788e00000|100%| E|CS|TAMS 0x0000000788c00000| PB 0x0000000788c00000| Complete |  0
|1095|0x0000000788e00000, 0x0000000789000000, 0x0000000789000000|100%| E|CS|TAMS 0x0000000788e00000| PB 0x0000000788e00000| Complete |  0
|1096|0x0000000789000000, 0x0000000789200000, 0x0000000789200000|100%| E|CS|TAMS 0x0000000789000000| PB 0x0000000789000000| Complete |  0
|1097|0x0000000789200000, 0x0000000789400000, 0x0000000789400000|100%| E|CS|TAMS 0x0000000789200000| PB 0x0000000789200000| Complete |  0
|1098|0x0000000789400000, 0x0000000789600000, 0x0000000789600000|100%| E|CS|TAMS 0x0000000789400000| PB 0x0000000789400000| Complete |  0
|1099|0x0000000789600000, 0x0000000789800000, 0x0000000789800000|100%| E|CS|TAMS 0x0000000789600000| PB 0x0000000789600000| Complete |  0
|1100|0x0000000789800000, 0x0000000789a00000, 0x0000000789a00000|100%| E|CS|TAMS 0x0000000789800000| PB 0x0000000789800000| Complete |  0
|1101|0x0000000789a00000, 0x0000000789c00000, 0x0000000789c00000|100%| E|CS|TAMS 0x0000000789a00000| PB 0x0000000789a00000| Complete |  0
|1102|0x0000000789c00000, 0x0000000789e00000, 0x0000000789e00000|100%| E|CS|TAMS 0x0000000789c00000| PB 0x0000000789c00000| Complete |  0
|1103|0x0000000789e00000, 0x000000078a000000, 0x000000078a000000|100%| E|CS|TAMS 0x0000000789e00000| PB 0x0000000789e00000| Complete |  0
|1104|0x000000078a000000, 0x000000078a200000, 0x000000078a200000|100%| E|CS|TAMS 0x000000078a000000| PB 0x000000078a000000| Complete |  0
|1105|0x000000078a200000, 0x000000078a400000, 0x000000078a400000|100%| E|CS|TAMS 0x000000078a200000| PB 0x000000078a200000| Complete |  0
|1106|0x000000078a400000, 0x000000078a600000, 0x000000078a600000|100%| E|CS|TAMS 0x000000078a400000| PB 0x000000078a400000| Complete |  0
|1107|0x000000078a600000, 0x000000078a800000, 0x000000078a800000|100%| E|CS|TAMS 0x000000078a600000| PB 0x000000078a600000| Complete |  0
|1108|0x000000078a800000, 0x000000078aa00000, 0x000000078aa00000|100%| E|CS|TAMS 0x000000078a800000| PB 0x000000078a800000| Complete |  0
|1109|0x000000078aa00000, 0x000000078ac00000, 0x000000078ac00000|100%| E|CS|TAMS 0x000000078aa00000| PB 0x000000078aa00000| Complete |  0
|1110|0x000000078ac00000, 0x000000078ae00000, 0x000000078ae00000|100%| E|CS|TAMS 0x000000078ac00000| PB 0x000000078ac00000| Complete |  0
|1111|0x000000078ae00000, 0x000000078b000000, 0x000000078b000000|100%| E|CS|TAMS 0x000000078ae00000| PB 0x000000078ae00000| Complete |  0
|1112|0x000000078b000000, 0x000000078b200000, 0x000000078b200000|100%| E|CS|TAMS 0x000000078b000000| PB 0x000000078b000000| Complete |  0
|1113|0x000000078b200000, 0x000000078b400000, 0x000000078b400000|100%| E|CS|TAMS 0x000000078b200000| PB 0x000000078b200000| Complete |  0
|1114|0x000000078b400000, 0x000000078b600000, 0x000000078b600000|100%| E|CS|TAMS 0x000000078b400000| PB 0x000000078b400000| Complete |  0
|1115|0x000000078b600000, 0x000000078b800000, 0x000000078b800000|100%| E|CS|TAMS 0x000000078b600000| PB 0x000000078b600000| Complete |  0
|1116|0x000000078b800000, 0x000000078ba00000, 0x000000078ba00000|100%| E|CS|TAMS 0x000000078b800000| PB 0x000000078b800000| Complete |  0
|1117|0x000000078ba00000, 0x000000078bc00000, 0x000000078bc00000|100%| E|CS|TAMS 0x000000078ba00000| PB 0x000000078ba00000| Complete |  0
|1118|0x000000078bc00000, 0x000000078be00000, 0x000000078be00000|100%| E|CS|TAMS 0x000000078bc00000| PB 0x000000078bc00000| Complete |  0
|1119|0x000000078be00000, 0x000000078c000000, 0x000000078c000000|100%| E|CS|TAMS 0x000000078be00000| PB 0x000000078be00000| Complete |  0
|1120|0x000000078c000000, 0x000000078c200000, 0x000000078c200000|100%| E|CS|TAMS 0x000000078c000000| PB 0x000000078c000000| Complete |  0
|1121|0x000000078c200000, 0x000000078c400000, 0x000000078c400000|100%| E|CS|TAMS 0x000000078c200000| PB 0x000000078c200000| Complete |  0
|1122|0x000000078c400000, 0x000000078c600000, 0x000000078c600000|100%| E|CS|TAMS 0x000000078c400000| PB 0x000000078c400000| Complete |  0
|1123|0x000000078c600000, 0x000000078c800000, 0x000000078c800000|100%| E|CS|TAMS 0x000000078c600000| PB 0x000000078c600000| Complete |  0
|1124|0x000000078c800000, 0x000000078ca00000, 0x000000078ca00000|100%| E|CS|TAMS 0x000000078c800000| PB 0x000000078c800000| Complete |  0
|1125|0x000000078ca00000, 0x000000078cc00000, 0x000000078cc00000|100%| E|CS|TAMS 0x000000078ca00000| PB 0x000000078ca00000| Complete |  0
|1126|0x000000078cc00000, 0x000000078ce00000, 0x000000078ce00000|100%| E|CS|TAMS 0x000000078cc00000| PB 0x000000078cc00000| Complete |  0
|1127|0x000000078ce00000, 0x000000078d000000, 0x000000078d000000|100%| E|CS|TAMS 0x000000078ce00000| PB 0x000000078ce00000| Complete |  0
|1128|0x000000078d000000, 0x000000078d200000, 0x000000078d200000|100%| E|CS|TAMS 0x000000078d000000| PB 0x000000078d000000| Complete |  0
|1129|0x000000078d200000, 0x000000078d400000, 0x000000078d400000|100%| E|CS|TAMS 0x000000078d200000| PB 0x000000078d200000| Complete |  0
|1130|0x000000078d400000, 0x000000078d600000, 0x000000078d600000|100%| E|CS|TAMS 0x000000078d400000| PB 0x000000078d400000| Complete |  0
|1131|0x000000078d600000, 0x000000078d800000, 0x000000078d800000|100%| E|CS|TAMS 0x000000078d600000| PB 0x000000078d600000| Complete |  0
|1132|0x000000078d800000, 0x000000078da00000, 0x000000078da00000|100%| E|CS|TAMS 0x000000078d800000| PB 0x000000078d800000| Complete |  0
|1133|0x000000078da00000, 0x000000078dc00000, 0x000000078dc00000|100%| E|CS|TAMS 0x000000078da00000| PB 0x000000078da00000| Complete |  0
|1134|0x000000078dc00000, 0x000000078de00000, 0x000000078de00000|100%| E|CS|TAMS 0x000000078dc00000| PB 0x000000078dc00000| Complete |  0
|1135|0x000000078de00000, 0x000000078e000000, 0x000000078e000000|100%| E|CS|TAMS 0x000000078de00000| PB 0x000000078de00000| Complete |  0
|1136|0x000000078e000000, 0x000000078e200000, 0x000000078e200000|100%| E|CS|TAMS 0x000000078e000000| PB 0x000000078e000000| Complete |  0
|1137|0x000000078e200000, 0x000000078e400000, 0x000000078e400000|100%| E|CS|TAMS 0x000000078e200000| PB 0x000000078e200000| Complete |  0
|1138|0x000000078e400000, 0x000000078e600000, 0x000000078e600000|100%| E|CS|TAMS 0x000000078e400000| PB 0x000000078e400000| Complete |  0
|1139|0x000000078e600000, 0x000000078e800000, 0x000000078e800000|100%| E|CS|TAMS 0x000000078e600000| PB 0x000000078e600000| Complete |  0
|1140|0x000000078e800000, 0x000000078ea00000, 0x000000078ea00000|100%| E|CS|TAMS 0x000000078e800000| PB 0x000000078e800000| Complete |  0
|1141|0x000000078ea00000, 0x000000078ec00000, 0x000000078ec00000|100%| E|CS|TAMS 0x000000078ea00000| PB 0x000000078ea00000| Complete |  0
|1142|0x000000078ec00000, 0x000000078ee00000, 0x000000078ee00000|100%| E|CS|TAMS 0x000000078ec00000| PB 0x000000078ec00000| Complete |  0
|1143|0x000000078ee00000, 0x000000078f000000, 0x000000078f000000|100%| E|CS|TAMS 0x000000078ee00000| PB 0x000000078ee00000| Complete |  0
|1144|0x000000078f000000, 0x000000078f200000, 0x000000078f200000|100%| E|CS|TAMS 0x000000078f000000| PB 0x000000078f000000| Complete |  0
|1145|0x000000078f200000, 0x000000078f400000, 0x000000078f400000|100%| E|CS|TAMS 0x000000078f200000| PB 0x000000078f200000| Complete |  0
|1146|0x000000078f400000, 0x000000078f600000, 0x000000078f600000|100%| E|CS|TAMS 0x000000078f400000| PB 0x000000078f400000| Complete |  0
|1147|0x000000078f600000, 0x000000078f800000, 0x000000078f800000|100%| E|CS|TAMS 0x000000078f600000| PB 0x000000078f600000| Complete |  0
|1148|0x000000078f800000, 0x000000078fa00000, 0x000000078fa00000|100%| E|CS|TAMS 0x000000078f800000| PB 0x000000078f800000| Complete |  0
|1149|0x000000078fa00000, 0x000000078fc00000, 0x000000078fc00000|100%| E|CS|TAMS 0x000000078fa00000| PB 0x000000078fa00000| Complete |  0
|1150|0x000000078fc00000, 0x000000078fe00000, 0x000000078fe00000|100%| E|CS|TAMS 0x000000078fc00000| PB 0x000000078fc00000| Complete |  0
|1151|0x000000078fe00000, 0x0000000790000000, 0x0000000790000000|100%| E|CS|TAMS 0x000000078fe00000| PB 0x000000078fe00000| Complete |  0
|1152|0x0000000790000000, 0x0000000790200000, 0x0000000790200000|100%| E|CS|TAMS 0x0000000790000000| PB 0x0000000790000000| Complete |  0
|1153|0x0000000790200000, 0x0000000790400000, 0x0000000790400000|100%| E|CS|TAMS 0x0000000790200000| PB 0x0000000790200000| Complete |  0
|1154|0x0000000790400000, 0x0000000790600000, 0x0000000790600000|100%| E|CS|TAMS 0x0000000790400000| PB 0x0000000790400000| Complete |  0
|1155|0x0000000790600000, 0x0000000790800000, 0x0000000790800000|100%| E|CS|TAMS 0x0000000790600000| PB 0x0000000790600000| Complete |  0
|1156|0x0000000790800000, 0x0000000790a00000, 0x0000000790a00000|100%| E|CS|TAMS 0x0000000790800000| PB 0x0000000790800000| Complete |  0
|1157|0x0000000790a00000, 0x0000000790c00000, 0x0000000790c00000|100%| E|CS|TAMS 0x0000000790a00000| PB 0x0000000790a00000| Complete |  0
|1158|0x0000000790c00000, 0x0000000790e00000, 0x0000000790e00000|100%| E|CS|TAMS 0x0000000790c00000| PB 0x0000000790c00000| Complete |  0
|1159|0x0000000790e00000, 0x0000000791000000, 0x0000000791000000|100%| E|CS|TAMS 0x0000000790e00000| PB 0x0000000790e00000| Complete |  0
|1160|0x0000000791000000, 0x0000000791200000, 0x0000000791200000|100%| E|CS|TAMS 0x0000000791000000| PB 0x0000000791000000| Complete |  0
|1161|0x0000000791200000, 0x0000000791400000, 0x0000000791400000|100%| E|CS|TAMS 0x0000000791200000| PB 0x0000000791200000| Complete |  0
|1162|0x0000000791400000, 0x0000000791600000, 0x0000000791600000|100%| E|CS|TAMS 0x0000000791400000| PB 0x0000000791400000| Complete |  0
|1163|0x0000000791600000, 0x0000000791800000, 0x0000000791800000|100%| E|CS|TAMS 0x0000000791600000| PB 0x0000000791600000| Complete |  0
|1164|0x0000000791800000, 0x0000000791a00000, 0x0000000791a00000|100%| E|CS|TAMS 0x0000000791800000| PB 0x0000000791800000| Complete |  0
|1165|0x0000000791a00000, 0x0000000791c00000, 0x0000000791c00000|100%| E|CS|TAMS 0x0000000791a00000| PB 0x0000000791a00000| Complete |  0
|1166|0x0000000791c00000, 0x0000000791e00000, 0x0000000791e00000|100%| E|CS|TAMS 0x0000000791c00000| PB 0x0000000791c00000| Complete |  0
|1167|0x0000000791e00000, 0x0000000792000000, 0x0000000792000000|100%| E|CS|TAMS 0x0000000791e00000| PB 0x0000000791e00000| Complete |  0
|1168|0x0000000792000000, 0x0000000792200000, 0x0000000792200000|100%| E|CS|TAMS 0x0000000792000000| PB 0x0000000792000000| Complete |  0
|1169|0x0000000792200000, 0x0000000792400000, 0x0000000792400000|100%| E|CS|TAMS 0x0000000792200000| PB 0x0000000792200000| Complete |  0
|1170|0x0000000792400000, 0x0000000792600000, 0x0000000792600000|100%| E|CS|TAMS 0x0000000792400000| PB 0x0000000792400000| Complete |  0
|1171|0x0000000792600000, 0x0000000792800000, 0x0000000792800000|100%| E|CS|TAMS 0x0000000792600000| PB 0x0000000792600000| Complete |  0
|1172|0x0000000792800000, 0x0000000792a00000, 0x0000000792a00000|100%| E|CS|TAMS 0x0000000792800000| PB 0x0000000792800000| Complete |  0
|1173|0x0000000792a00000, 0x0000000792c00000, 0x0000000792c00000|100%| E|CS|TAMS 0x0000000792a00000| PB 0x0000000792a00000| Complete |  0
|1174|0x0000000792c00000, 0x0000000792e00000, 0x0000000792e00000|100%| E|CS|TAMS 0x0000000792c00000| PB 0x0000000792c00000| Complete |  0
|1175|0x0000000792e00000, 0x0000000793000000, 0x0000000793000000|100%| E|CS|TAMS 0x0000000792e00000| PB 0x0000000792e00000| Complete |  0
|1176|0x0000000793000000, 0x0000000793200000, 0x0000000793200000|100%| E|CS|TAMS 0x0000000793000000| PB 0x0000000793000000| Complete |  0
|1177|0x0000000793200000, 0x0000000793400000, 0x0000000793400000|100%| E|CS|TAMS 0x0000000793200000| PB 0x0000000793200000| Complete |  0
|1178|0x0000000793400000, 0x0000000793600000, 0x0000000793600000|100%| E|CS|TAMS 0x0000000793400000| PB 0x0000000793400000| Complete |  0
|1179|0x0000000793600000, 0x0000000793800000, 0x0000000793800000|100%| E|CS|TAMS 0x0000000793600000| PB 0x0000000793600000| Complete |  0
|1180|0x0000000793800000, 0x0000000793a00000, 0x0000000793a00000|100%| E|CS|TAMS 0x0000000793800000| PB 0x0000000793800000| Complete |  0
|1181|0x0000000793a00000, 0x0000000793c00000, 0x0000000793c00000|100%| E|CS|TAMS 0x0000000793a00000| PB 0x0000000793a00000| Complete |  0
|1182|0x0000000793c00000, 0x0000000793e00000, 0x0000000793e00000|100%| E|CS|TAMS 0x0000000793c00000| PB 0x0000000793c00000| Complete |  0
|1183|0x0000000793e00000, 0x0000000794000000, 0x0000000794000000|100%| E|CS|TAMS 0x0000000793e00000| PB 0x0000000793e00000| Complete |  0
|1184|0x0000000794000000, 0x0000000794200000, 0x0000000794200000|100%| E|CS|TAMS 0x0000000794000000| PB 0x0000000794000000| Complete |  0
|1185|0x0000000794200000, 0x0000000794400000, 0x0000000794400000|100%| E|CS|TAMS 0x0000000794200000| PB 0x0000000794200000| Complete |  0
|1186|0x0000000794400000, 0x0000000794600000, 0x0000000794600000|100%| E|CS|TAMS 0x0000000794400000| PB 0x0000000794400000| Complete |  0
|1187|0x0000000794600000, 0x0000000794800000, 0x0000000794800000|100%| E|CS|TAMS 0x0000000794600000| PB 0x0000000794600000| Complete |  0
|1188|0x0000000794800000, 0x0000000794a00000, 0x0000000794a00000|100%| E|CS|TAMS 0x0000000794800000| PB 0x0000000794800000| Complete |  0
|1189|0x0000000794a00000, 0x0000000794c00000, 0x0000000794c00000|100%| E|CS|TAMS 0x0000000794a00000| PB 0x0000000794a00000| Complete |  0
|1190|0x0000000794c00000, 0x0000000794e00000, 0x0000000794e00000|100%| E|CS|TAMS 0x0000000794c00000| PB 0x0000000794c00000| Complete |  0
|1191|0x0000000794e00000, 0x0000000795000000, 0x0000000795000000|100%| E|CS|TAMS 0x0000000794e00000| PB 0x0000000794e00000| Complete |  0
|1192|0x0000000795000000, 0x0000000795200000, 0x0000000795200000|100%| E|CS|TAMS 0x0000000795000000| PB 0x0000000795000000| Complete |  0
|1193|0x0000000795200000, 0x0000000795400000, 0x0000000795400000|100%| E|CS|TAMS 0x0000000795200000| PB 0x0000000795200000| Complete |  0
|1194|0x0000000795400000, 0x0000000795600000, 0x0000000795600000|100%| E|CS|TAMS 0x0000000795400000| PB 0x0000000795400000| Complete |  0
|1195|0x0000000795600000, 0x0000000795800000, 0x0000000795800000|100%| E|CS|TAMS 0x0000000795600000| PB 0x0000000795600000| Complete |  0
|1196|0x0000000795800000, 0x0000000795a00000, 0x0000000795a00000|100%| E|CS|TAMS 0x0000000795800000| PB 0x0000000795800000| Complete |  0
|1197|0x0000000795a00000, 0x0000000795c00000, 0x0000000795c00000|100%| E|CS|TAMS 0x0000000795a00000| PB 0x0000000795a00000| Complete |  0
|1198|0x0000000795c00000, 0x0000000795e00000, 0x0000000795e00000|100%| E|CS|TAMS 0x0000000795c00000| PB 0x0000000795c00000| Complete |  0
|1199|0x0000000795e00000, 0x0000000796000000, 0x0000000796000000|100%| E|CS|TAMS 0x0000000795e00000| PB 0x0000000795e00000| Complete |  0
|1200|0x0000000796000000, 0x0000000796200000, 0x0000000796200000|100%| E|CS|TAMS 0x0000000796000000| PB 0x0000000796000000| Complete |  0
|1201|0x0000000796200000, 0x0000000796400000, 0x0000000796400000|100%| E|CS|TAMS 0x0000000796200000| PB 0x0000000796200000| Complete |  0
|1202|0x0000000796400000, 0x0000000796600000, 0x0000000796600000|100%| E|CS|TAMS 0x0000000796400000| PB 0x0000000796400000| Complete |  0
|1203|0x0000000796600000, 0x0000000796800000, 0x0000000796800000|100%| E|CS|TAMS 0x0000000796600000| PB 0x0000000796600000| Complete |  0
|1204|0x0000000796800000, 0x0000000796a00000, 0x0000000796a00000|100%| E|CS|TAMS 0x0000000796800000| PB 0x0000000796800000| Complete |  0
|1205|0x0000000796a00000, 0x0000000796c00000, 0x0000000796c00000|100%| E|CS|TAMS 0x0000000796a00000| PB 0x0000000796a00000| Complete |  0
|1206|0x0000000796c00000, 0x0000000796e00000, 0x0000000796e00000|100%| E|CS|TAMS 0x0000000796c00000| PB 0x0000000796c00000| Complete |  0
|1207|0x0000000796e00000, 0x0000000797000000, 0x0000000797000000|100%| E|CS|TAMS 0x0000000796e00000| PB 0x0000000796e00000| Complete |  0
|1208|0x0000000797000000, 0x0000000797200000, 0x0000000797200000|100%| E|CS|TAMS 0x0000000797000000| PB 0x0000000797000000| Complete |  0
|1209|0x0000000797200000, 0x0000000797400000, 0x0000000797400000|100%| E|CS|TAMS 0x0000000797200000| PB 0x0000000797200000| Complete |  0
|1210|0x0000000797400000, 0x0000000797600000, 0x0000000797600000|100%| E|CS|TAMS 0x0000000797400000| PB 0x0000000797400000| Complete |  0
|1211|0x0000000797600000, 0x0000000797800000, 0x0000000797800000|100%| E|CS|TAMS 0x0000000797600000| PB 0x0000000797600000| Complete |  0
|1212|0x0000000797800000, 0x0000000797a00000, 0x0000000797a00000|100%| E|CS|TAMS 0x0000000797800000| PB 0x0000000797800000| Complete |  0
|1213|0x0000000797a00000, 0x0000000797c00000, 0x0000000797c00000|100%| E|CS|TAMS 0x0000000797a00000| PB 0x0000000797a00000| Complete |  0
|1214|0x0000000797c00000, 0x0000000797e00000, 0x0000000797e00000|100%| E|CS|TAMS 0x0000000797c00000| PB 0x0000000797c00000| Complete |  0
|1215|0x0000000797e00000, 0x0000000798000000, 0x0000000798000000|100%| E|CS|TAMS 0x0000000797e00000| PB 0x0000000797e00000| Complete |  0
|1216|0x0000000798000000, 0x0000000798200000, 0x0000000798200000|100%| E|CS|TAMS 0x0000000798000000| PB 0x0000000798000000| Complete |  0
|1217|0x0000000798200000, 0x0000000798400000, 0x0000000798400000|100%| E|CS|TAMS 0x0000000798200000| PB 0x0000000798200000| Complete |  0
|1218|0x0000000798400000, 0x0000000798600000, 0x0000000798600000|100%| E|CS|TAMS 0x0000000798400000| PB 0x0000000798400000| Complete |  0
|1219|0x0000000798600000, 0x0000000798800000, 0x0000000798800000|100%| E|CS|TAMS 0x0000000798600000| PB 0x0000000798600000| Complete |  0
|1220|0x0000000798800000, 0x0000000798a00000, 0x0000000798a00000|100%| E|CS|TAMS 0x0000000798800000| PB 0x0000000798800000| Complete |  0
|1221|0x0000000798a00000, 0x0000000798c00000, 0x0000000798c00000|100%| E|CS|TAMS 0x0000000798a00000| PB 0x0000000798a00000| Complete |  0
|1222|0x0000000798c00000, 0x0000000798e00000, 0x0000000798e00000|100%| E|CS|TAMS 0x0000000798c00000| PB 0x0000000798c00000| Complete |  0
|1223|0x0000000798e00000, 0x0000000799000000, 0x0000000799000000|100%| E|CS|TAMS 0x0000000798e00000| PB 0x0000000798e00000| Complete |  0
|1224|0x0000000799000000, 0x0000000799200000, 0x0000000799200000|100%| E|CS|TAMS 0x0000000799000000| PB 0x0000000799000000| Complete |  0
|1225|0x0000000799200000, 0x0000000799400000, 0x0000000799400000|100%| E|CS|TAMS 0x0000000799200000| PB 0x0000000799200000| Complete |  0
|1226|0x0000000799400000, 0x0000000799600000, 0x0000000799600000|100%| E|CS|TAMS 0x0000000799400000| PB 0x0000000799400000| Complete |  0
|1227|0x0000000799600000, 0x0000000799800000, 0x0000000799800000|100%| E|CS|TAMS 0x0000000799600000| PB 0x0000000799600000| Complete |  0
|1228|0x0000000799800000, 0x0000000799a00000, 0x0000000799a00000|100%| E|CS|TAMS 0x0000000799800000| PB 0x0000000799800000| Complete |  0
|1229|0x0000000799a00000, 0x0000000799c00000, 0x0000000799c00000|100%| E|CS|TAMS 0x0000000799a00000| PB 0x0000000799a00000| Complete |  0
|1230|0x0000000799c00000, 0x0000000799e00000, 0x0000000799e00000|100%| E|CS|TAMS 0x0000000799c00000| PB 0x0000000799c00000| Complete |  0
|1231|0x0000000799e00000, 0x000000079a000000, 0x000000079a000000|100%| E|CS|TAMS 0x0000000799e00000| PB 0x0000000799e00000| Complete |  0
|1232|0x000000079a000000, 0x000000079a200000, 0x000000079a200000|100%| E|CS|TAMS 0x000000079a000000| PB 0x000000079a000000| Complete |  0
|1233|0x000000079a200000, 0x000000079a400000, 0x000000079a400000|100%| E|CS|TAMS 0x000000079a200000| PB 0x000000079a200000| Complete |  0
|1234|0x000000079a400000, 0x000000079a600000, 0x000000079a600000|100%| E|CS|TAMS 0x000000079a400000| PB 0x000000079a400000| Complete |  0
|1235|0x000000079a600000, 0x000000079a800000, 0x000000079a800000|100%| E|CS|TAMS 0x000000079a600000| PB 0x000000079a600000| Complete |  0
|1236|0x000000079a800000, 0x000000079aa00000, 0x000000079aa00000|100%| E|CS|TAMS 0x000000079a800000| PB 0x000000079a800000| Complete |  0
|1237|0x000000079aa00000, 0x000000079ac00000, 0x000000079ac00000|100%| E|CS|TAMS 0x000000079aa00000| PB 0x000000079aa00000| Complete |  0
|1238|0x000000079ac00000, 0x000000079ae00000, 0x000000079ae00000|100%| E|CS|TAMS 0x000000079ac00000| PB 0x000000079ac00000| Complete |  0
|1239|0x000000079ae00000, 0x000000079b000000, 0x000000079b000000|100%| E|CS|TAMS 0x000000079ae00000| PB 0x000000079ae00000| Complete |  0
|1240|0x000000079b000000, 0x000000079b200000, 0x000000079b200000|100%| E|CS|TAMS 0x000000079b000000| PB 0x000000079b000000| Complete |  0
|1241|0x000000079b200000, 0x000000079b400000, 0x000000079b400000|100%| E|CS|TAMS 0x000000079b200000| PB 0x000000079b200000| Complete |  0
|1242|0x000000079b400000, 0x000000079b600000, 0x000000079b600000|100%| E|CS|TAMS 0x000000079b400000| PB 0x000000079b400000| Complete |  0
|1243|0x000000079b600000, 0x000000079b800000, 0x000000079b800000|100%| E|CS|TAMS 0x000000079b600000| PB 0x000000079b600000| Complete |  0
|1244|0x000000079b800000, 0x000000079ba00000, 0x000000079ba00000|100%| E|CS|TAMS 0x000000079b800000| PB 0x000000079b800000| Complete |  0
|1245|0x000000079ba00000, 0x000000079bc00000, 0x000000079bc00000|100%| E|CS|TAMS 0x000000079ba00000| PB 0x000000079ba00000| Complete |  0
|1246|0x000000079bc00000, 0x000000079be00000, 0x000000079be00000|100%| E|CS|TAMS 0x000000079bc00000| PB 0x000000079bc00000| Complete |  0
|1247|0x000000079be00000, 0x000000079c000000, 0x000000079c000000|100%| E|CS|TAMS 0x000000079be00000| PB 0x000000079be00000| Complete |  0
|1248|0x000000079c000000, 0x000000079c200000, 0x000000079c200000|100%| E|CS|TAMS 0x000000079c000000| PB 0x000000079c000000| Complete |  0
|1249|0x000000079c200000, 0x000000079c400000, 0x000000079c400000|100%| E|CS|TAMS 0x000000079c200000| PB 0x000000079c200000| Complete |  0
|1250|0x000000079c400000, 0x000000079c600000, 0x000000079c600000|100%| E|CS|TAMS 0x000000079c400000| PB 0x000000079c400000| Complete |  0
|1251|0x000000079c600000, 0x000000079c800000, 0x000000079c800000|100%| E|CS|TAMS 0x000000079c600000| PB 0x000000079c600000| Complete |  0
|1252|0x000000079c800000, 0x000000079ca00000, 0x000000079ca00000|100%| E|CS|TAMS 0x000000079c800000| PB 0x000000079c800000| Complete |  0
|1253|0x000000079ca00000, 0x000000079cc00000, 0x000000079cc00000|100%| E|CS|TAMS 0x000000079ca00000| PB 0x000000079ca00000| Complete |  0
|1254|0x000000079cc00000, 0x000000079ce00000, 0x000000079ce00000|100%| E|CS|TAMS 0x000000079cc00000| PB 0x000000079cc00000| Complete |  0
|1255|0x000000079ce00000, 0x000000079d000000, 0x000000079d000000|100%| E|CS|TAMS 0x000000079ce00000| PB 0x000000079ce00000| Complete |  0
|1256|0x000000079d000000, 0x000000079d200000, 0x000000079d200000|100%| E|CS|TAMS 0x000000079d000000| PB 0x000000079d000000| Complete |  0
|1257|0x000000079d200000, 0x000000079d400000, 0x000000079d400000|100%| E|CS|TAMS 0x000000079d200000| PB 0x000000079d200000| Complete |  0
|1258|0x000000079d400000, 0x000000079d600000, 0x000000079d600000|100%| E|CS|TAMS 0x000000079d400000| PB 0x000000079d400000| Complete |  0
|1259|0x000000079d600000, 0x000000079d800000, 0x000000079d800000|100%| E|CS|TAMS 0x000000079d600000| PB 0x000000079d600000| Complete |  0
|1260|0x000000079d800000, 0x000000079da00000, 0x000000079da00000|100%| E|CS|TAMS 0x000000079d800000| PB 0x000000079d800000| Complete |  0
|1261|0x000000079da00000, 0x000000079dc00000, 0x000000079dc00000|100%| E|CS|TAMS 0x000000079da00000| PB 0x000000079da00000| Complete |  0
|1262|0x000000079dc00000, 0x000000079de00000, 0x000000079de00000|100%| E|CS|TAMS 0x000000079dc00000| PB 0x000000079dc00000| Complete |  0
|1263|0x000000079de00000, 0x000000079e000000, 0x000000079e000000|100%| E|CS|TAMS 0x000000079de00000| PB 0x000000079de00000| Complete |  0
|1264|0x000000079e000000, 0x000000079e200000, 0x000000079e200000|100%| E|CS|TAMS 0x000000079e000000| PB 0x000000079e000000| Complete |  0
|1265|0x000000079e200000, 0x000000079e400000, 0x000000079e400000|100%| E|CS|TAMS 0x000000079e200000| PB 0x000000079e200000| Complete |  0
|1266|0x000000079e400000, 0x000000079e600000, 0x000000079e600000|100%| E|CS|TAMS 0x000000079e400000| PB 0x000000079e400000| Complete |  0
|1267|0x000000079e600000, 0x000000079e800000, 0x000000079e800000|100%| E|CS|TAMS 0x000000079e600000| PB 0x000000079e600000| Complete |  0
|1917|0x00000007efa00000, 0x00000007efc00000, 0x00000007efc00000|100%| O|Cm|TAMS 0x00000007efa00000| PB 0x00000007efa00000| Complete |  0
|1918|0x00000007efc00000, 0x00000007efe00000, 0x00000007efe00000|100%| E|CS|TAMS 0x00000007efc00000| PB 0x00000007efc00000| Complete |  0
|1919|0x00000007efe00000, 0x00000007f0000000, 0x00000007f0000000|100%| E|CS|TAMS 0x00000007efe00000| PB 0x00000007efe00000| Complete |  0
|1920|0x00000007f0000000, 0x00000007f0200000, 0x00000007f0200000|100%| E|CS|TAMS 0x00000007f0000000| PB 0x00000007f0000000| Complete |  0
|1921|0x00000007f0200000, 0x00000007f0400000, 0x00000007f0400000|100%| E|CS|TAMS 0x00000007f0200000| PB 0x00000007f0200000| Complete |  0
|1922|0x00000007f0400000, 0x00000007f0600000, 0x00000007f0600000|100%| E|CS|TAMS 0x00000007f0400000| PB 0x00000007f0400000| Complete |  0
|1923|0x00000007f0600000, 0x00000007f0800000, 0x00000007f0800000|100%| E|CS|TAMS 0x00000007f0600000| PB 0x00000007f0600000| Complete |  0
|1924|0x00000007f0800000, 0x00000007f0a00000, 0x00000007f0a00000|100%| O|  |TAMS 0x00000007f0800000| PB 0x00000007f0800000| Untracked |  0
|1925|0x00000007f0a00000, 0x00000007f0c00000, 0x00000007f0c00000|100%| E|CS|TAMS 0x00000007f0a00000| PB 0x00000007f0a00000| Complete |  0
|1926|0x00000007f0c00000, 0x00000007f0e00000, 0x00000007f0e00000|100%| O|Cm|TAMS 0x00000007f0c00000| PB 0x00000007f0c00000| Complete |  0
|1927|0x00000007f0e00000, 0x00000007f1000000, 0x00000007f1000000|100%| E|CS|TAMS 0x00000007f0e00000| PB 0x00000007f0e00000| Complete |  0
|1928|0x00000007f1000000, 0x00000007f1200000, 0x00000007f1200000|100%| E|CS|TAMS 0x00000007f1000000| PB 0x00000007f1000000| Complete |  0
|1929|0x00000007f1200000, 0x00000007f1400000, 0x00000007f1400000|100%| O|  |TAMS 0x00000007f1200000| PB 0x00000007f1200000| Untracked |  0
|1930|0x00000007f1400000, 0x00000007f1600000, 0x00000007f1600000|100%| E|CS|TAMS 0x00000007f1400000| PB 0x00000007f1400000| Complete |  0
|1931|0x00000007f1600000, 0x00000007f1800000, 0x00000007f1800000|100%| E|CS|TAMS 0x00000007f1600000| PB 0x00000007f1600000| Complete |  0
|1932|0x00000007f1800000, 0x00000007f1a00000, 0x00000007f1a00000|100%| E|CS|TAMS 0x00000007f1800000| PB 0x00000007f1800000| Complete |  0
|1933|0x00000007f1a00000, 0x00000007f1c00000, 0x00000007f1c00000|100%| E|CS|TAMS 0x00000007f1a00000| PB 0x00000007f1a00000| Complete |  0
|1934|0x00000007f1c00000, 0x00000007f1e00000, 0x00000007f1e00000|100%| O|Cm|TAMS 0x00000007f1c00000| PB 0x00000007f1c00000| Complete |  0
|1935|0x00000007f1e00000, 0x00000007f2000000, 0x00000007f2000000|100%| E|CS|TAMS 0x00000007f1e00000| PB 0x00000007f1e00000| Complete |  0
|1936|0x00000007f2000000, 0x00000007f2200000, 0x00000007f2200000|100%| E|CS|TAMS 0x00000007f2000000| PB 0x00000007f2000000| Complete |  0
|1937|0x00000007f2200000, 0x00000007f2400000, 0x00000007f2400000|100%| E|CS|TAMS 0x00000007f2200000| PB 0x00000007f2200000| Complete |  0
|1938|0x00000007f2400000, 0x00000007f2600000, 0x00000007f2600000|100%| E|CS|TAMS 0x00000007f2400000| PB 0x00000007f2400000| Complete |  0
|1939|0x00000007f2600000, 0x00000007f2800000, 0x00000007f2800000|100%| E|CS|TAMS 0x00000007f2600000| PB 0x00000007f2600000| Complete |  0
|1940|0x00000007f2800000, 0x00000007f2a00000, 0x00000007f2a00000|100%| E|CS|TAMS 0x00000007f2800000| PB 0x00000007f2800000| Complete |  0
|1941|0x00000007f2a00000, 0x00000007f2c00000, 0x00000007f2c00000|100%| O|Cm|TAMS 0x00000007f2a00000| PB 0x00000007f2a00000| Complete |  0
|1942|0x00000007f2c00000, 0x00000007f2e00000, 0x00000007f2e00000|100%| O|Cm|TAMS 0x00000007f2c00000| PB 0x00000007f2c00000| Complete |  0
|1943|0x00000007f2e00000, 0x00000007f3000000, 0x00000007f3000000|100%| E|CS|TAMS 0x00000007f2e00000| PB 0x00000007f2e00000| Complete |  0
|1944|0x00000007f3000000, 0x00000007f3200000, 0x00000007f3200000|100%| E|CS|TAMS 0x00000007f3000000| PB 0x00000007f3000000| Complete |  0
|1945|0x00000007f3200000, 0x00000007f3400000, 0x00000007f3400000|100%| O|Cm|TAMS 0x00000007f3200000| PB 0x00000007f3200000| Complete |  0
|1946|0x00000007f3400000, 0x00000007f3600000, 0x00000007f3600000|100%| E|CS|TAMS 0x00000007f3400000| PB 0x00000007f3400000| Complete |  0
|1947|0x00000007f3600000, 0x00000007f3800000, 0x00000007f3800000|100%| E|CS|TAMS 0x00000007f3600000| PB 0x00000007f3600000| Complete |  0
|1948|0x00000007f3800000, 0x00000007f3a00000, 0x00000007f3a00000|100%| E|CS|TAMS 0x00000007f3800000| PB 0x00000007f3800000| Complete |  0
|1949|0x00000007f3a00000, 0x00000007f3c00000, 0x00000007f3c00000|100%| E|CS|TAMS 0x00000007f3a00000| PB 0x00000007f3a00000| Complete |  0
|1950|0x00000007f3c00000, 0x00000007f3e00000, 0x00000007f3e00000|100%| E|CS|TAMS 0x00000007f3c00000| PB 0x00000007f3c00000| Complete |  0
|1951|0x00000007f3e00000, 0x00000007f4000000, 0x00000007f4000000|100%| E|CS|TAMS 0x00000007f3e00000| PB 0x00000007f3e00000| Complete |  0
|1952|0x00000007f4000000, 0x00000007f4200000, 0x00000007f4200000|100%| O|Cm|TAMS 0x00000007f4000000| PB 0x00000007f4000000| Complete |  0
|1953|0x00000007f4200000, 0x00000007f4400000, 0x00000007f4400000|100%| O|Cm|TAMS 0x00000007f4200000| PB 0x00000007f4200000| Complete |  0
|1954|0x00000007f4400000, 0x00000007f4600000, 0x00000007f4600000|100%| E|CS|TAMS 0x00000007f4400000| PB 0x00000007f4400000| Complete |  0
|1955|0x00000007f4600000, 0x00000007f4800000, 0x00000007f4800000|100%| E|CS|TAMS 0x00000007f4600000| PB 0x00000007f4600000| Complete |  0
|1956|0x00000007f4800000, 0x00000007f4a00000, 0x00000007f4a00000|100%| O|Cm|TAMS 0x00000007f4800000| PB 0x00000007f4800000| Complete |  0
|1957|0x00000007f4a00000, 0x00000007f4c00000, 0x00000007f4c00000|100%| O|Cm|TAMS 0x00000007f4a00000| PB 0x00000007f4a00000| Complete |  0
|1958|0x00000007f4c00000, 0x00000007f4e00000, 0x00000007f4e00000|100%| O|Cm|TAMS 0x00000007f4c00000| PB 0x00000007f4c00000| Complete |  0
|1959|0x00000007f4e00000, 0x00000007f5000000, 0x00000007f5000000|100%| O|Cm|TAMS 0x00000007f4e00000| PB 0x00000007f4e00000| Complete |  0
|1960|0x00000007f5000000, 0x00000007f5200000, 0x00000007f5200000|100%| E|CS|TAMS 0x00000007f5000000| PB 0x00000007f5000000| Complete |  0
|1961|0x00000007f5200000, 0x00000007f5400000, 0x00000007f5400000|100%| O|Cm|TAMS 0x00000007f5200000| PB 0x00000007f5200000| Complete |  0
|1962|0x00000007f5400000, 0x00000007f5600000, 0x00000007f5600000|100%| O|Cm|TAMS 0x00000007f5400000| PB 0x00000007f5400000| Complete |  0
|1963|0x00000007f5600000, 0x00000007f5800000, 0x00000007f5800000|100%| O|Cm|TAMS 0x00000007f5600000| PB 0x00000007f5600000| Complete |  0
|1964|0x00000007f5800000, 0x00000007f5a00000, 0x00000007f5a00000|100%| O|Cm|TAMS 0x00000007f5800000| PB 0x00000007f5800000| Complete |  0
|1965|0x00000007f5a00000, 0x00000007f5c00000, 0x00000007f5c00000|100%| O|Cm|TAMS 0x00000007f5a00000| PB 0x00000007f5a00000| Complete |  0
|1966|0x00000007f5c00000, 0x00000007f5e00000, 0x00000007f5e00000|100%| E|CS|TAMS 0x00000007f5c00000| PB 0x00000007f5c00000| Complete |  0
|1967|0x00000007f5e00000, 0x00000007f6000000, 0x00000007f6000000|100%| E|CS|TAMS 0x00000007f5e00000| PB 0x00000007f5e00000| Complete |  0
|1968|0x00000007f6000000, 0x00000007f6200000, 0x00000007f6200000|100%| O|Cm|TAMS 0x00000007f6000000| PB 0x00000007f6000000| Complete |  0
|1969|0x00000007f6200000, 0x00000007f6400000, 0x00000007f6400000|100%| E|CS|TAMS 0x00000007f6200000| PB 0x00000007f6200000| Complete |  0
|1970|0x00000007f6400000, 0x00000007f6600000, 0x00000007f6600000|100%| E|CS|TAMS 0x00000007f6400000| PB 0x00000007f6400000| Complete |  0
|1971|0x00000007f6600000, 0x00000007f6800000, 0x00000007f6800000|100%| O|Cm|TAMS 0x00000007f6600000| PB 0x00000007f6600000| Complete |  0
|1972|0x00000007f6800000, 0x00000007f6a00000, 0x00000007f6a00000|100%| O|Cm|TAMS 0x00000007f6800000| PB 0x00000007f6800000| Complete |  0
|1973|0x00000007f6a00000, 0x00000007f6c00000, 0x00000007f6c00000|100%| O|Cm|TAMS 0x00000007f6a00000| PB 0x00000007f6a00000| Complete |  0
|1974|0x00000007f6c00000, 0x00000007f6e00000, 0x00000007f6e00000|100%| E|CS|TAMS 0x00000007f6c00000| PB 0x00000007f6c00000| Complete |  0
|1975|0x00000007f6e00000, 0x00000007f7000000, 0x00000007f7000000|100%| E|CS|TAMS 0x00000007f6e00000| PB 0x00000007f6e00000| Complete |  0
|1976|0x00000007f7000000, 0x00000007f7200000, 0x00000007f7200000|100%| O|  |TAMS 0x00000007f7000000| PB 0x00000007f7000000| Untracked |  0
|1977|0x00000007f7200000, 0x00000007f7400000, 0x00000007f7400000|100%| E|CS|TAMS 0x00000007f7200000| PB 0x00000007f7200000| Complete |  0
|1978|0x00000007f7400000, 0x00000007f7600000, 0x00000007f7600000|100%| O|Cm|TAMS 0x00000007f7400000| PB 0x00000007f7400000| Complete |  0
|1979|0x00000007f7600000, 0x00000007f7800000, 0x00000007f7800000|100%| O|Cm|TAMS 0x00000007f7600000| PB 0x00000007f7600000| Complete |  0
|1980|0x00000007f7800000, 0x00000007f7a00000, 0x00000007f7a00000|100%| O|Cm|TAMS 0x00000007f7800000| PB 0x00000007f7800000| Complete |  0
|1981|0x00000007f7a00000, 0x00000007f7c00000, 0x00000007f7c00000|100%| O|  |TAMS 0x00000007f7a00000| PB 0x00000007f7a00000| Untracked |  0
|1982|0x00000007f7c00000, 0x00000007f7e00000, 0x00000007f7e00000|100%| O|Cm|TAMS 0x00000007f7c00000| PB 0x00000007f7c00000| Complete |  0
|1983|0x00000007f7e00000, 0x00000007f8000000, 0x00000007f8000000|100%| O|Cm|TAMS 0x00000007f7e00000| PB 0x00000007f7e00000| Complete |  0
|1984|0x00000007f8000000, 0x00000007f8200000, 0x00000007f8200000|100%| E|CS|TAMS 0x00000007f8000000| PB 0x00000007f8000000| Complete |  0
|1985|0x00000007f8200000, 0x00000007f8400000, 0x00000007f8400000|100%| E|CS|TAMS 0x00000007f8200000| PB 0x00000007f8200000| Complete |  0
|1986|0x00000007f8400000, 0x00000007f8600000, 0x00000007f8600000|100%| O|Cm|TAMS 0x00000007f8400000| PB 0x00000007f8400000| Complete |  0
|1987|0x00000007f8600000, 0x00000007f8800000, 0x00000007f8800000|100%| O|  |TAMS 0x00000007f8600000| PB 0x00000007f8600000| Untracked |  0
|1988|0x00000007f8800000, 0x00000007f8a00000, 0x00000007f8a00000|100%| E|CS|TAMS 0x00000007f8800000| PB 0x00000007f8800000| Complete |  0
|1989|0x00000007f8a00000, 0x00000007f8c00000, 0x00000007f8c00000|100%| O|Cm|TAMS 0x00000007f8a00000| PB 0x00000007f8a00000| Complete |  0
|1990|0x00000007f8c00000, 0x00000007f8e00000, 0x00000007f8e00000|100%| O|  |TAMS 0x00000007f8c00000| PB 0x00000007f8c00000| Untracked |  0
|1991|0x00000007f8e00000, 0x00000007f9000000, 0x00000007f9000000|100%| O|Cm|TAMS 0x00000007f8e00000| PB 0x00000007f8e00000| Complete |  0
|1992|0x00000007f9000000, 0x00000007f9200000, 0x00000007f9200000|100%| O|Cm|TAMS 0x00000007f9000000| PB 0x00000007f9000000| Complete |  0
|1993|0x00000007f9200000, 0x00000007f9400000, 0x00000007f9400000|100%| O|  |TAMS 0x00000007f9200000| PB 0x00000007f9200000| Untracked |  0
|1994|0x00000007f9400000, 0x00000007f9600000, 0x00000007f9600000|100%| O|Cm|TAMS 0x00000007f9400000| PB 0x00000007f9400000| Complete |  0
|1995|0x00000007f9600000, 0x00000007f9800000, 0x00000007f9800000|100%| O|  |TAMS 0x00000007f9600000| PB 0x00000007f9600000| Untracked |  0
|1996|0x00000007f9800000, 0x00000007f9a00000, 0x00000007f9a00000|100%| O|Cm|TAMS 0x00000007f9800000| PB 0x00000007f9800000| Complete |  0
|1997|0x00000007f9a00000, 0x00000007f9c00000, 0x00000007f9c00000|100%| O|  |TAMS 0x00000007f9a00000| PB 0x00000007f9a00000| Untracked |  0
|1998|0x00000007f9c00000, 0x00000007f9e00000, 0x00000007f9e00000|100%| O|Cm|TAMS 0x00000007f9c00000| PB 0x00000007f9c00000| Complete |  0
|1999|0x00000007f9e00000, 0x00000007fa000000, 0x00000007fa000000|100%| O|Cm|TAMS 0x00000007f9e00000| PB 0x00000007f9e00000| Complete |  0
|2000|0x00000007fa000000, 0x00000007fa200000, 0x00000007fa200000|100%| O|Cm|TAMS 0x00000007fa000000| PB 0x00000007fa000000| Complete |  0
|2001|0x00000007fa200000, 0x00000007fa400000, 0x00000007fa400000|100%| O|Cm|TAMS 0x00000007fa200000| PB 0x00000007fa200000| Complete |  0
|2002|0x00000007fa400000, 0x00000007fa600000, 0x00000007fa600000|100%| O|Cm|TAMS 0x00000007fa400000| PB 0x00000007fa400000| Complete |  0
|2003|0x00000007fa600000, 0x00000007fa800000, 0x00000007fa800000|100%| O|Cm|TAMS 0x00000007fa600000| PB 0x00000007fa600000| Complete |  0
|2004|0x00000007fa800000, 0x00000007faa00000, 0x00000007faa00000|100%| O|Cm|TAMS 0x00000007fa800000| PB 0x00000007fa800000| Complete |  0
|2005|0x00000007faa00000, 0x00000007fac00000, 0x00000007fac00000|100%| O|Cm|TAMS 0x00000007faa00000| PB 0x00000007faa00000| Complete |  0
|2006|0x00000007fac00000, 0x00000007fae00000, 0x00000007fae00000|100%| O|Cm|TAMS 0x00000007fac00000| PB 0x00000007fac00000| Complete |  0
|2007|0x00000007fae00000, 0x00000007fb000000, 0x00000007fb000000|100%| O|Cm|TAMS 0x00000007fae00000| PB 0x00000007fae00000| Complete |  0
|2008|0x00000007fb000000, 0x00000007fb200000, 0x00000007fb200000|100%| O|Cm|TAMS 0x00000007fb000000| PB 0x00000007fb000000| Complete |  0
|2009|0x00000007fb200000, 0x00000007fb400000, 0x00000007fb400000|100%| O|Cm|TAMS 0x00000007fb200000| PB 0x00000007fb200000| Complete |  0
|2010|0x00000007fb400000, 0x00000007fb600000, 0x00000007fb600000|100%| O|Cm|TAMS 0x00000007fb400000| PB 0x00000007fb400000| Complete |  0
|2011|0x00000007fb600000, 0x00000007fb800000, 0x00000007fb800000|100%| O|  |TAMS 0x00000007fb600000| PB 0x00000007fb600000| Untracked |  0
|2012|0x00000007fb800000, 0x00000007fba00000, 0x00000007fba00000|100%| O|Cm|TAMS 0x00000007fb800000| PB 0x00000007fb800000| Complete |  0
|2013|0x00000007fba00000, 0x00000007fbc00000, 0x00000007fbc00000|100%| O|Cm|TAMS 0x00000007fba00000| PB 0x00000007fba00000| Complete |  0
|2014|0x00000007fbc00000, 0x00000007fbe00000, 0x00000007fbe00000|100%| O|  |TAMS 0x00000007fbc00000| PB 0x00000007fbc00000| Untracked |  0
|2015|0x00000007fbe00000, 0x00000007fc000000, 0x00000007fc000000|100%| O|Cm|TAMS 0x00000007fbe00000| PB 0x00000007fbe00000| Complete |  0
|2016|0x00000007fc000000, 0x00000007fc200000, 0x00000007fc200000|100%| O|  |TAMS 0x00000007fc000000| PB 0x00000007fc000000| Untracked |  0
|2017|0x00000007fc200000, 0x00000007fc400000, 0x00000007fc400000|100%| O|Cm|TAMS 0x00000007fc200000| PB 0x00000007fc200000| Complete |  0
|2018|0x00000007fc400000, 0x00000007fc600000, 0x00000007fc600000|100%| O|Cm|TAMS 0x00000007fc400000| PB 0x00000007fc400000| Complete |  0
|2019|0x00000007fc600000, 0x00000007fc800000, 0x00000007fc800000|100%| O|  |TAMS 0x00000007fc600000| PB 0x00000007fc600000| Untracked |  0
|2020|0x00000007fc800000, 0x00000007fca00000, 0x00000007fca00000|100%| O|Cm|TAMS 0x00000007fc800000| PB 0x00000007fc800000| Complete |  0
|2021|0x00000007fca00000, 0x00000007fcc00000, 0x00000007fcc00000|100%| O|Cm|TAMS 0x00000007fca00000| PB 0x00000007fca00000| Complete |  0
|2022|0x00000007fcc00000, 0x00000007fce00000, 0x00000007fce00000|100%| O|Cm|TAMS 0x00000007fcc00000| PB 0x00000007fcc00000| Complete |  0
|2023|0x00000007fce00000, 0x00000007fd000000, 0x00000007fd000000|100%| O|  |TAMS 0x00000007fce00000| PB 0x00000007fce00000| Untracked |  0
|2024|0x00000007fd000000, 0x00000007fd200000, 0x00000007fd200000|100%| O|Cm|TAMS 0x00000007fd000000| PB 0x00000007fd000000| Complete |  0
|2025|0x00000007fd200000, 0x00000007fd400000, 0x00000007fd400000|100%| O|Cm|TAMS 0x00000007fd200000| PB 0x00000007fd200000| Complete |  0
|2026|0x00000007fd400000, 0x00000007fd600000, 0x00000007fd600000|100%| O|Cm|TAMS 0x00000007fd400000| PB 0x00000007fd400000| Complete |  0
|2027|0x00000007fd600000, 0x00000007fd800000, 0x00000007fd800000|100%| O|Cm|TAMS 0x00000007fd600000| PB 0x00000007fd600000| Complete |  0
|2028|0x00000007fd800000, 0x00000007fda00000, 0x00000007fda00000|100%| O|Cm|TAMS 0x00000007fd800000| PB 0x00000007fd800000| Complete |  0
|2029|0x00000007fda00000, 0x00000007fdc00000, 0x00000007fdc00000|100%| O|Cm|TAMS 0x00000007fda00000| PB 0x00000007fda00000| Complete |  0
|2030|0x00000007fdc00000, 0x00000007fde00000, 0x00000007fde00000|100%| O|Cm|TAMS 0x00000007fdc00000| PB 0x00000007fdc00000| Complete |  0
|2031|0x00000007fde00000, 0x00000007fe000000, 0x00000007fe000000|100%| O|Cm|TAMS 0x00000007fde00000| PB 0x00000007fde00000| Complete |  0
|2032|0x00000007fe000000, 0x00000007fe200000, 0x00000007fe200000|100%| O|Cm|TAMS 0x00000007fe000000| PB 0x00000007fe000000| Complete |  0
|2033|0x00000007fe200000, 0x00000007fe400000, 0x00000007fe400000|100%| O|Cm|TAMS 0x00000007fe200000| PB 0x00000007fe200000| Complete |  0
|2034|0x00000007fe400000, 0x00000007fe600000, 0x00000007fe600000|100%| O|Cm|TAMS 0x00000007fe400000| PB 0x00000007fe400000| Complete |  0
|2035|0x00000007fe600000, 0x00000007fe800000, 0x00000007fe800000|100%| O|Cm|TAMS 0x00000007fe600000| PB 0x00000007fe600000| Complete |  0
|2036|0x00000007fe800000, 0x00000007fea00000, 0x00000007fea00000|100%| O|Cm|TAMS 0x00000007fe800000| PB 0x00000007fe800000| Complete |  0
|2037|0x00000007fea00000, 0x00000007fec00000, 0x00000007fec00000|100%| E|CS|TAMS 0x00000007fea00000| PB 0x00000007fea00000| Complete |  0
|2038|0x00000007fec00000, 0x00000007fee00000, 0x00000007fee00000|100%| E|CS|TAMS 0x00000007fec00000| PB 0x00000007fec00000| Complete |  0
|2039|0x00000007fee00000, 0x00000007ff000000, 0x00000007ff000000|100%| O|Cm|TAMS 0x00000007fee00000| PB 0x00000007fee00000| Complete |  0
|2040|0x00000007ff000000, 0x00000007ff200000, 0x00000007ff200000|100%| E|CS|TAMS 0x00000007ff000000| PB 0x00000007ff000000| Complete |  0
|2041|0x00000007ff200000, 0x00000007ff400000, 0x00000007ff400000|100%| O|Cm|TAMS 0x00000007ff200000| PB 0x00000007ff200000| Complete |  0
|2042|0x00000007ff400000, 0x00000007ff600000, 0x00000007ff600000|100%| O|Cm|TAMS 0x00000007ff400000| PB 0x00000007ff400000| Complete |  0
|2043|0x00000007ff600000, 0x00000007ff800000, 0x00000007ff800000|100%| O|Cm|TAMS 0x00000007ff600000| PB 0x00000007ff600000| Complete |  0
|2044|0x00000007ff800000, 0x00000007ffa00000, 0x00000007ffa00000|100%| O|Cm|TAMS 0x00000007ff800000| PB 0x00000007ff800000| Complete |  0
|2045|0x00000007ffa00000, 0x00000007ffc00000, 0x00000007ffc00000|100%| O|  |TAMS 0x00000007ffa00000| PB 0x00000007ffa00000| Untracked |  0
|2046|0x00000007ffc00000, 0x00000007ffe00000, 0x00000007ffe00000|100%| O|  |TAMS 0x00000007ffc00000| PB 0x00000007ffc00000| Untracked |  0
|2047|0x00000007ffe00000, 0x0000000800000000, 0x0000000800000000|100%| E|CS|TAMS 0x00000007ffe00000| PB 0x00000007ffe00000| Complete |  0

Card table byte_map: [0x0000020b39100000,0x0000020b39900000] _byte_map_base: 0x0000020b35900000

Marking Bits: (CMBitMap*) 0x0000020b20dadce0
 Bits: [0x0000020b39900000, 0x0000020b3d900000)

Polling page: 0x0000020b1ecc0000

Metaspace:

Usage:
  Non-class:    139.85 MB used.
      Class:     26.21 MB used.
       Both:    166.06 MB used.

Virtual space:
  Non-class space:      192.00 MB reserved,     141.19 MB ( 74%) committed,  3 nodes.
      Class space:        1.00 GB reserved,      27.25 MB (  3%) committed,  1 nodes.
             Both:        1.19 GB reserved,     168.44 MB ( 14%) committed. 

Chunk freelists:
   Non-Class:  2.48 MB
       Class:  4.61 MB
        Both:  7.09 MB

MaxMetaspaceSize: unlimited
CompressedClassSpaceSize: 1.00 GB
Initial GC threshold: 21.00 MB
Current GC threshold: 278.12 MB
CDS: on
 - commit_granule_bytes: 65536.
 - commit_granule_words: 8192.
 - virtual_space_node_default_size: 8388608.
 - enlarge_chunks_in_place: 1.
 - use_allocation_guard: 0.


Internal statistics:

num_allocs_failed_limit: 69.
num_arena_births: 3916.
num_arena_deaths: 56.
num_vsnodes_births: 4.
num_vsnodes_deaths: 0.
num_space_committed: 2692.
num_space_uncommitted: 0.
num_chunks_returned_to_freelist: 153.
num_chunks_taken_from_freelist: 11283.
num_chunk_merges: 96.
num_chunk_splits: 7214.
num_chunks_enlarged: 4526.
num_inconsistent_stats: 0.

CodeHeap 'non-profiled nmethods': size=119168Kb used=28899Kb max_used=28899Kb free=90268Kb
 bounds [0x0000020b30c20000, 0x0000020b32860000, 0x0000020b38080000]
CodeHeap 'profiled nmethods': size=119104Kb used=46204Kb max_used=46204Kb free=72899Kb
 bounds [0x0000020b29080000, 0x0000020b2bda0000, 0x0000020b304d0000]
CodeHeap 'non-nmethods': size=7488Kb used=4491Kb max_used=4568Kb free=2996Kb
 bounds [0x0000020b304d0000, 0x0000020b30990000, 0x0000020b30c20000]
 total_blobs=25091 nmethods=23483 adapters=1500
 compilation: enabled
              stopped_count=0, restarted_count=0
 full_count=0

Compilation events (20 events):
Event: 275.591 Thread 0x0000020ba45b8960 nmethod 34655 0x0000020b2bd62690 code [0x0000020b2bd62820, 0x0000020b2bd62968]
Event: 275.591 Thread 0x0000020ba45bb240 nmethod 34656 0x0000020b2bd62a10 code [0x0000020b2bd62c00, 0x0000020b2bd62f50]
Event: 275.603 Thread 0x0000020b409cfea0 nmethod 34653 0x0000020b32823a10 code [0x0000020b32823ce0, 0x0000020b32825788]
Event: 275.603 Thread 0x0000020b409cfea0 34654       4       sun.nio.fs.Util::followLinks (66 bytes)
Event: 275.604 Thread 0x0000020b409cfea0 nmethod 34654 0x0000020b32826610 code [0x0000020b328267a0, 0x0000020b328268c8]
Event: 275.604 Thread 0x0000020b409cfea0 34657       4       io.netty.channel.nio.AbstractNioChannel::selectionKey (26 bytes)
Event: 275.604 Thread 0x0000020b409cfea0 nmethod 34657 0x0000020b32826a10 code [0x0000020b32826b80, 0x0000020b32826c10]
Event: 275.609 Thread 0x0000020b409cfea0 34658       4       net.minecraft.server.level.ChunkMap::m_200878_ (89 bytes)
Event: 275.609 Thread 0x0000020b409cfea0 nmethod 34658 0x0000020b32826d10 code [0x0000020b32826e80, 0x0000020b32826f58]
Event: 275.610 Thread 0x0000020ba45b8960 34659       3       javax.swing.JTextArea::getScrollableTracksViewportWidth (16 bytes)
Event: 275.610 Thread 0x0000020ba45bb910 34660       3       javax.swing.text.JTextComponent::getScrollableTracksViewportWidth (34 bytes)
Event: 275.610 Thread 0x0000020ba45bb240 34661       3       javax.swing.text.JTextComponent::getScrollableTracksViewportHeight (34 bytes)
Event: 275.610 Thread 0x0000020ba45b8960 nmethod 34659 0x0000020b2bd63090 code [0x0000020b2bd63280, 0x0000020b2bd63a80]
Event: 275.610 Thread 0x0000020ba45bb910 nmethod 34660 0x0000020b2bd63c90 code [0x0000020b2bd63e80, 0x0000020b2bd64670]
Event: 275.610 Thread 0x0000020ba45bb240 nmethod 34661 0x0000020b2bd64890 code [0x0000020b2bd64a80, 0x0000020b2bd65270]
Event: 275.610 Thread 0x0000020b409cfea0 34662       4       net.minecraft.server.level.DistanceManager::m_140797_ (26 bytes)
Event: 275.611 Thread 0x0000020b409cfea0 nmethod 34662 0x0000020b32827010 code [0x0000020b328271a0, 0x0000020b328272a0]
Event: 275.612 Thread 0x0000020b409cfea0 34663       4       net.minecraft.server.level.TickingTracker::m_7031_ (37 bytes)
Event: 275.614 Thread 0x0000020b409cfea0 nmethod 34663 0x0000020b32827410 code [0x0000020b328275c0, 0x0000020b328278e8]
Event: 275.616 Thread 0x0000020b409cfea0 34664 %     4       it.unimi.dsi.fastutil.longs.Long2ByteOpenHashMap::rehash @ 41 (177 bytes)

GC Heap History (20 events):
Event: 46.111 GC heap before
{Heap before GC invocations=61 (full 0):
 garbage-first heap   total reserved 4194304K, committed 1855488K, used 1610752K [0x0000000700000000, 0x0000000800000000)
  region size 2048K, 136 young (278528K), 26 survivors (53248K)
 Metaspace       used 155847K, committed 158080K, reserved 1245184K
  class space    used 25036K, committed 25984K, reserved 1048576K
}
Event: 46.146 GC heap after
{Heap after GC invocations=62 (full 0):
 garbage-first heap   total reserved 4194304K, committed 2338816K, used 1474560K [0x0000000700000000, 0x0000000800000000)
  region size 2048K, 17 young (34816K), 17 survivors (34816K)
 Metaspace       used 155847K, committed 158080K, reserved 1245184K
  class space    used 25036K, committed 25984K, reserved 1048576K
}
Event: 46.695 GC heap before
{Heap before GC invocations=63 (full 0):
 garbage-first heap   total reserved 4194304K, committed 2455552K, used 1902592K [0x0000000700000000, 0x0000000800000000)
  region size 2048K, 227 young (464896K), 17 survivors (34816K)
 Metaspace       used 155825K, committed 158080K, reserved 1245184K
  class space    used 25028K, committed 25984K, reserved 1048576K
}
Event: 46.749 GC heap after
{Heap after GC invocations=64 (full 0):
 garbage-first heap   total reserved 4194304K, committed 2455552K, used 1626112K [0x0000000700000000, 0x0000000800000000)
  region size 2048K, 29 young (59392K), 29 survivors (59392K)
 Metaspace       used 155825K, committed 158080K, reserved 1245184K
  class space    used 25028K, committed 25984K, reserved 1048576K
}
Event: 47.060 GC heap before
{Heap before GC invocations=64 (full 0):
 garbage-first heap   total reserved 4194304K, committed 2455552K, used 2043904K [0x0000000700000000, 0x0000000800000000)
  region size 2048K, 233 young (477184K), 29 survivors (59392K)
 Metaspace       used 155857K, committed 158080K, reserved 1245184K
  class space    used 25035K, committed 25984K, reserved 1048576K
}
Event: 47.084 GC heap after
{Heap after GC invocations=65 (full 0):
 garbage-first heap   total reserved 4194304K, committed 2455552K, used 1668096K [0x0000000700000000, 0x0000000800000000)
  region size 2048K, 17 young (34816K), 17 survivors (34816K)
 Metaspace       used 155857K, committed 158080K, reserved 1245184K
  class space    used 25035K, committed 25984K, reserved 1048576K
}
Event: 47.345 GC heap before
{Heap before GC invocations=65 (full 0):
 garbage-first heap   total reserved 4194304K, committed 2455552K, used 2098176K [0x0000000700000000, 0x0000000800000000)
  region size 2048K, 228 young (466944K), 17 survivors (34816K)
 Metaspace       used 155891K, committed 158144K, reserved 1245184K
  class space    used 25035K, committed 25984K, reserved 1048576K
}
Event: 47.359 GC heap after
{Heap after GC invocations=66 (full 0):
 garbage-first heap   total reserved 4194304K, committed 2455552K, used 1666127K [0x0000000700000000, 0x0000000800000000)
  region size 2048K, 28 young (57344K), 28 survivors (57344K)
 Metaspace       used 155891K, committed 158144K, reserved 1245184K
  class space    used 25035K, committed 25984K, reserved 1048576K
}
Event: 47.616 GC heap before
{Heap before GC invocations=66 (full 0):
 garbage-first heap   total reserved 4194304K, committed 2455552K, used 2133071K [0x0000000700000000, 0x0000000800000000)
  region size 2048K, 256 young (524288K), 28 survivors (57344K)
 Metaspace       used 155911K, committed 158144K, reserved 1245184K
  class space    used 25035K, committed 25984K, reserved 1048576K
}
Event: 47.640 GC heap after
{Heap after GC invocations=67 (full 0):
 garbage-first heap   total reserved 4194304K, committed 2455552K, used 1689672K [0x0000000700000000, 0x0000000800000000)
  region size 2048K, 24 young (49152K), 24 survivors (49152K)
 Metaspace       used 155911K, committed 158144K, reserved 1245184K
  class space    used 25035K, committed 25984K, reserved 1048576K
}
Event: 48.033 GC heap before
{Heap before GC invocations=67 (full 0):
 garbage-first heap   total reserved 4194304K, committed 2455552K, used 2177096K [0x0000000700000000, 0x0000000800000000)
  region size 2048K, 262 young (536576K), 24 survivors (49152K)
 Metaspace       used 156014K, committed 158272K, reserved 1245184K
  class space    used 25051K, committed 26048K, reserved 1048576K
}
Event: 48.052 GC heap after
{Heap after GC invocations=68 (full 0):
 garbage-first heap   total reserved 4194304K, committed 2455552K, used 1716817K [0x0000000700000000, 0x0000000800000000)
  region size 2048K, 24 young (49152K), 24 survivors (49152K)
 Metaspace       used 156014K, committed 158272K, reserved 1245184K
  class space    used 25051K, committed 26048K, reserved 1048576K
}
Event: 49.192 GC heap before
{Heap before GC invocations=69 (full 0):
 garbage-first heap   total reserved 4194304K, committed 2865152K, used 2214481K [0x0000000700000000, 0x0000000800000000)
  region size 2048K, 268 young (548864K), 24 survivors (49152K)
 Metaspace       used 159678K, committed 161920K, reserved 1245184K
  class space    used 25562K, committed 26560K, reserved 1048576K
}
Event: 49.233 GC heap after
{Heap after GC invocations=70 (full 0):
 garbage-first heap   total reserved 4194304K, committed 2865152K, used 1754750K [0x0000000700000000, 0x0000000800000000)
  region size 2048K, 31 young (63488K), 31 survivors (63488K)
 Metaspace       used 159678K, committed 161920K, reserved 1245184K
  class space    used 25562K, committed 26560K, reserved 1048576K
}
Event: 57.320 GC heap before
{Heap before GC invocations=70 (full 0):
 garbage-first heap   total reserved 4194304K, committed 2865152K, used 2526846K [0x0000000700000000, 0x0000000800000000)
  region size 2048K, 408 young (835584K), 31 survivors (63488K)
 Metaspace       used 163528K, committed 165760K, reserved 1245184K
  class space    used 25922K, committed 26880K, reserved 1048576K
}
Event: 57.355 GC heap after
{Heap after GC invocations=71 (full 0):
 garbage-first heap   total reserved 4194304K, committed 2865152K, used 1562881K [0x0000000700000000, 0x0000000800000000)
  region size 2048K, 21 young (43008K), 21 survivors (43008K)
 Metaspace       used 163528K, committed 165760K, reserved 1245184K
  class space    used 25922K, committed 26880K, reserved 1048576K
}
Event: 140.779 GC heap before
{Heap before GC invocations=71 (full 0):
 garbage-first heap   total reserved 4194304K, committed 2865152K, used 2343169K [0x0000000700000000, 0x0000000800000000)
  region size 2048K, 403 young (825344K), 21 survivors (43008K)
 Metaspace       used 168524K, committed 170816K, reserved 1245184K
  class space    used 26652K, committed 27648K, reserved 1048576K
}
Event: 140.802 GC heap after
{Heap after GC invocations=72 (full 0):
 garbage-first heap   total reserved 4194304K, committed 2865152K, used 1572227K [0x0000000700000000, 0x0000000800000000)
  region size 2048K, 25 young (51200K), 25 survivors (51200K)
 Metaspace       used 168524K, committed 170816K, reserved 1245184K
  class space    used 26652K, committed 27648K, reserved 1048576K
}
Event: 257.626 GC heap before
{Heap before GC invocations=73 (full 0):
 garbage-first heap   total reserved 4194304K, committed 2865152K, used 2567555K [0x0000000700000000, 0x0000000800000000)
  region size 2048K, 511 young (1046528K), 25 survivors (51200K)
 Metaspace       used 169007K, committed 171328K, reserved 1245184K
  class space    used 26697K, committed 27648K, reserved 1048576K
}
Event: 257.701 GC heap after
{Heap after GC invocations=74 (full 0):
 garbage-first heap   total reserved 4194304K, committed 2865152K, used 1573526K [0x0000000700000000, 0x0000000800000000)
  region size 2048K, 25 young (51200K), 25 survivors (51200K)
 Metaspace       used 169007K, committed 171328K, reserved 1245184K
  class space    used 26697K, committed 27648K, reserved 1048576K
}

Dll operation events (16 events):
Event: 0.008 Loaded shared library C:\Program Files\Java\jdk-22\bin\java.dll
Event: 0.037 Loaded shared library C:\Program Files\Java\jdk-22\bin\jsvml.dll
Event: 0.058 Loaded shared library C:\Program Files\Java\jdk-22\bin\net.dll
Event: 0.060 Loaded shared library C:\Program Files\Java\jdk-22\bin\nio.dll
Event: 0.062 Loaded shared library C:\Program Files\Java\jdk-22\bin\zip.dll
Event: 0.114 Loaded shared library C:\Program Files\Java\jdk-22\bin\jimage.dll
Event: 0.236 Loaded shared library C:\Program Files\Java\jdk-22\bin\verify.dll
Event: 1.667 Loaded shared library C:\Program Files\Java\jdk-22\bin\management.dll
Event: 1.671 Loaded shared library C:\Program Files\Java\jdk-22\bin\management_ext.dll
Event: 7.851 Loaded shared library C:\Users\Eternity\AppData\Local\Temp\jna-860633282\jna14985039435431939847.dll
Event: 15.109 Loaded shared library D:\16MC-forge\config\yes_steve_model\cache\ysm-core-2.3.2.dll
Event: 15.389 Loaded shared library C:\Program Files\Java\jdk-22\bin\sunmscapi.dll
Event: 15.465 Loaded shared library C:\Program Files\Java\jdk-22\bin\extnet.dll
Event: 41.689 Loaded shared library C:\Program Files\Java\jdk-22\bin\awt.dll
Event: 42.003 Loaded shared library C:\Program Files\Java\jdk-22\bin\freetype.dll
Event: 42.005 Loaded shared library C:\Program Files\Java\jdk-22\bin\fontmanager.dll

Deoptimization events (20 events):
Event: 275.574 Thread 0x0000020b87767000 DEOPT PACKING pc=0x0000020b324686ac sp=0x00000093c18fe6e0
Event: 275.574 Thread 0x0000020b87767000 DEOPT UNPACKING pc=0x0000020b305246a2 sp=0x00000093c18fe658 mode 2
Event: 275.578 Thread 0x0000020b9153a960 Uncommon trap: trap_request=0xffffff45 fr.pc=0x0000020b32734d6c relative=0x00000000000003ac
Event: 275.578 Thread 0x0000020b9153a960 Uncommon trap: reason=unstable_if action=reinterpret pc=0x0000020b32734d6c method=io.netty.util.concurrent.DefaultPromise.checkNotifyWaiters()Z @ 4 c2
Event: 275.578 Thread 0x0000020b9153a960 DEOPT PACKING pc=0x0000020b32734d6c sp=0x00000093c200eb10
Event: 275.578 Thread 0x0000020b9153a960 DEOPT UNPACKING pc=0x0000020b305246a2 sp=0x00000093c200e9a0 mode 2
Event: 275.592 Thread 0x0000020b87767000 Uncommon trap: trap_request=0xffffffde fr.pc=0x0000020b323ecde0 relative=0x0000000000002320
Event: 275.592 Thread 0x0000020b87767000 Uncommon trap: reason=class_check action=maybe_recompile pc=0x0000020b323ecde0 method=com.google.gson.stream.JsonWriter.beforeName()V @ 16 c2
Event: 275.592 Thread 0x0000020b87767000 DEOPT PACKING pc=0x0000020b323ecde0 sp=0x00000093c18fec30
Event: 275.592 Thread 0x0000020b87767000 DEOPT UNPACKING pc=0x0000020b305246a2 sp=0x00000093c18feb50 mode 2
Event: 275.610 Thread 0x0000020b87767000 Uncommon trap: trap_request=0xffffffde fr.pc=0x0000020b3201c3e0 relative=0x0000000000000460
Event: 275.610 Thread 0x0000020b87767000 Uncommon trap: reason=class_check action=maybe_recompile pc=0x0000020b3201c3e0 method=net.minecraft.server.level.Ticket.compareTo(Lnet/minecraft/server/level/Ticket;)I @ 59 c2
Event: 275.610 Thread 0x0000020b87767000 DEOPT PACKING pc=0x0000020b3201c3e0 sp=0x00000093c18feeb0
Event: 275.610 Thread 0x0000020b87767000 DEOPT UNPACKING pc=0x0000020b305246a2 sp=0x00000093c18fede8 mode 2
Event: 275.611 Thread 0x0000020b87767000 Uncommon trap: trap_request=0xffffff45 fr.pc=0x0000020b321dba7c relative=0x0000000000001b7c
Event: 275.611 Thread 0x0000020b87767000 Uncommon trap: reason=unstable_if action=reinterpret pc=0x0000020b321dba7c method=net.minecraft.world.level.lighting.DynamicGraphMinFixedPoint.m_75576_(JJIZ)V @ 37 c2
Event: 275.611 Thread 0x0000020b87767000 DEOPT PACKING pc=0x0000020b321dba7c sp=0x00000093c18ff010
Event: 275.611 Thread 0x0000020b87767000 DEOPT UNPACKING pc=0x0000020b305246a2 sp=0x00000093c18feef8 mode 2
Event: 275.617 Thread 0x0000020b87767000 DEOPT PACKING pc=0x0000020b2b9ab0ed sp=0x00000093c18fee70
Event: 275.617 Thread 0x0000020b87767000 DEOPT UNPACKING pc=0x0000020b30524e42 sp=0x00000093c18fe348 mode 0

Classes loaded (20 events):
Event: 49.569 Loading class java/util/stream/MatchOps$2MatchSink
Event: 49.569 Loading class java/util/stream/MatchOps$2MatchSink done
Event: 129.042 Loading class sun/nio/ch/SocketAdaptor
Event: 129.042 Loading class sun/nio/ch/SocketAdaptor done
Event: 257.293 Loading class java/text/CalendarBuilder
Event: 257.295 Loading class java/text/CalendarBuilder done
Event: 275.534 Loading class java/io/ObjectOutputStream
Event: 275.537 Loading class java/io/ObjectOutput
Event: 275.537 Loading class java/io/ObjectOutput done
Event: 275.538 Loading class java/io/ObjectOutputStream done
Event: 275.538 Loading class java/util/stream/DoubleStream
Event: 275.539 Loading class java/util/stream/DoubleStream done
Event: 275.564 Loading class java/lang/Thread$Builder$OfPlatform
Event: 275.564 Loading class java/lang/Thread$Builder
Event: 275.565 Loading class java/lang/Thread$Builder done
Event: 275.565 Loading class java/lang/Thread$Builder$OfPlatform done
Event: 275.565 Loading class java/lang/Thread$Builder$OfVirtual
Event: 275.565 Loading class java/lang/Thread$Builder$OfVirtual done
Event: 275.574 Loading class java/util/regex/Pattern$LastMatch
Event: 275.574 Loading class java/util/regex/Pattern$LastMatch done

Classes unloaded (20 events):
Event: 46.587 Thread 0x0000020b409857d0 Unloading class 0x0000020b43922800 'java/lang/invoke/LambdaForm$DMH+0x0000020b43922800'
Event: 46.587 Thread 0x0000020b409857d0 Unloading class 0x0000020b43922000 'java/lang/invoke/LambdaForm$DMH+0x0000020b43922000'
Event: 46.587 Thread 0x0000020b409857d0 Unloading class 0x0000020b43921c00 'java/lang/invoke/LambdaForm$DMH+0x0000020b43921c00'
Event: 46.587 Thread 0x0000020b409857d0 Unloading class 0x0000020b43921800 'java/lang/invoke/LambdaForm$DMH+0x0000020b43921800'
Event: 46.587 Thread 0x0000020b409857d0 Unloading class 0x0000020b43921000 'java/lang/invoke/LambdaForm$DMH+0x0000020b43921000'
Event: 46.587 Thread 0x0000020b409857d0 Unloading class 0x0000020b43921400 'java/lang/invoke/LambdaForm$DMH+0x0000020b43921400'
Event: 46.587 Thread 0x0000020b409857d0 Unloading class 0x0000020b43920800 'java/lang/invoke/LambdaForm$DMH+0x0000020b43920800'
Event: 46.587 Thread 0x0000020b409857d0 Unloading class 0x0000020b43920400 'java/lang/invoke/LambdaForm$DMH+0x0000020b43920400'
Event: 46.587 Thread 0x0000020b409857d0 Unloading class 0x0000020b43920000 'java/lang/invoke/LambdaForm$DMH+0x0000020b43920000'
Event: 46.587 Thread 0x0000020b409857d0 Unloading class 0x0000020b4391b800 'java/lang/invoke/LambdaForm$DMH+0x0000020b4391b800'
Event: 46.587 Thread 0x0000020b409857d0 Unloading class 0x0000020b4391bc00 'java/lang/invoke/LambdaForm$DMH+0x0000020b4391bc00'
Event: 46.587 Thread 0x0000020b409857d0 Unloading class 0x0000020b4391b400 'java/lang/invoke/LambdaForm$DMH+0x0000020b4391b400'
Event: 46.587 Thread 0x0000020b409857d0 Unloading class 0x0000020b4391b000 'java/lang/invoke/LambdaForm$DMH+0x0000020b4391b000'
Event: 46.587 Thread 0x0000020b409857d0 Unloading class 0x0000020b4391ac00 'java/lang/invoke/LambdaForm$DMH+0x0000020b4391ac00'
Event: 46.587 Thread 0x0000020b409857d0 Unloading class 0x0000020b43919400 'java/lang/invoke/LambdaForm$DMH+0x0000020b43919400'
Event: 46.587 Thread 0x0000020b409857d0 Unloading class 0x0000020b43919000 'java/lang/invoke/LambdaForm$DMH+0x0000020b43919000'
Event: 46.587 Thread 0x0000020b409857d0 Unloading class 0x0000020b4391a400 'java/lang/invoke/LambdaForm$DMH+0x0000020b4391a400'
Event: 46.587 Thread 0x0000020b409857d0 Unloading class 0x0000020b4391a800 'java/lang/invoke/LambdaForm$DMH+0x0000020b4391a800'
Event: 46.587 Thread 0x0000020b409857d0 Unloading class 0x0000020b43919c00 'java/lang/invoke/LambdaForm$DMH+0x0000020b43919c00'
Event: 46.587 Thread 0x0000020b409857d0 Unloading class 0x0000020b4391a000 'java/lang/invoke/LambdaForm$DMH+0x0000020b4391a000'

Classes redefined (0 events):
No events

Internal exceptions (20 events):
Event: 268.595 Thread 0x0000020b8d9f5470 Exception <a 'sun/nio/fs/WindowsException'{0x000000079c3e4b90}> (0x000000079c3e4b90) 
thrown [s\open\src\hotspot\share\prims\jni.cpp, line 520]
Event: 268.944 Thread 0x0000020b8d9f5470 Exception <a 'sun/nio/fs/WindowsException'{0x000000079c3ea218}> (0x000000079c3ea218) 
thrown [s\open\src\hotspot\share\prims\jni.cpp, line 520]
Event: 269.493 Thread 0x0000020b8d9f5470 Exception <a 'sun/nio/fs/WindowsException'{0x000000079c3f4360}> (0x000000079c3f4360) 
thrown [s\open\src\hotspot\share\prims\jni.cpp, line 520]
Event: 269.690 Thread 0x0000020b8d9f5470 Exception <a 'sun/nio/fs/WindowsException'{0x000000079c3fdcb0}> (0x000000079c3fdcb0) 
thrown [s\open\src\hotspot\share\prims\jni.cpp, line 520]
Event: 275.470 Thread 0x0000020b87767000 Implicit null exception at 0x0000020b3280f241 to 0x0000020b3281043c
Event: 275.471 Thread 0x0000020b87767000 Implicit null exception at 0x0000020b3280d06e to 0x0000020b3280ded8
Event: 275.491 Thread 0x0000020b87767000 Implicit null exception at 0x0000020b3281534a to 0x0000020b328165c0
Event: 275.511 Thread 0x0000020b87767000 Implicit null exception at 0x0000020b3281c613 to 0x0000020b3281d214
Event: 275.519 Thread 0x0000020b87767000 Exception <a 'java/lang/NoSuchMethodError'{0x000000077225f668}: 'java.lang.Object java.lang.invoke.DirectMethodHandle$Holder.invokeSpecialIFC(java.lang.Object, java.lang.Object)'> (0x000000077225f668) 
thrown [s\open\src\hotspot\share\interpreter\linkResolver.cpp, line 774]
Event: 275.589 Thread 0x0000020b87767000 Exception <a 'sun/nio/fs/WindowsException'{0x0000000771e99da8}> (0x0000000771e99da8) 
thrown [s\open\src\hotspot\share\prims\jni.cpp, line 520]
Event: 275.590 Thread 0x0000020b87767000 Exception <a 'sun/nio/fs/WindowsException'{0x0000000771e99f80}> (0x0000000771e99f80) 
thrown [s\open\src\hotspot\share\prims\jni.cpp, line 520]
Event: 275.590 Thread 0x0000020b87767000 Exception <a 'sun/nio/fs/WindowsException'{0x0000000771e9a370}> (0x0000000771e9a370) 
thrown [s\open\src\hotspot\share\prims\jni.cpp, line 520]
Event: 275.590 Thread 0x0000020b87767000 Exception <a 'sun/nio/fs/WindowsException'{0x0000000771e9a468}> (0x0000000771e9a468) 
thrown [s\open\src\hotspot\share\prims\jni.cpp, line 520]
Event: 275.590 Thread 0x0000020b87767000 Exception <a 'sun/nio/fs/WindowsException'{0x0000000771e9ab78}> (0x0000000771e9ab78) 
thrown [s\open\src\hotspot\share\prims\jni.cpp, line 520]
Event: 275.592 Thread 0x0000020b87767000 Exception <a 'sun/nio/fs/WindowsException'{0x0000000771ea5070}> (0x0000000771ea5070) 
thrown [s\open\src\hotspot\share\prims\jni.cpp, line 520]
Event: 275.606 Thread 0x0000020b87767000 Exception <a 'sun/nio/fs/WindowsException'{0x0000000771f857c0}> (0x0000000771f857c0) 
thrown [s\open\src\hotspot\share\prims\jni.cpp, line 520]
Event: 275.607 Thread 0x0000020b87767000 Exception <a 'sun/nio/fs/WindowsException'{0x0000000771f85bb0}> (0x0000000771f85bb0) 
thrown [s\open\src\hotspot\share\prims\jni.cpp, line 520]
Event: 275.607 Thread 0x0000020b87767000 Exception <a 'sun/nio/fs/WindowsException'{0x0000000771f85ca8}> (0x0000000771f85ca8) 
thrown [s\open\src\hotspot\share\prims\jni.cpp, line 520]
Event: 275.607 Thread 0x0000020b87767000 Exception <a 'sun/nio/fs/WindowsException'{0x0000000771f863b8}> (0x0000000771f863b8) 
thrown [s\open\src\hotspot\share\prims\jni.cpp, line 520]
Event: 275.608 Thread 0x0000020b87767000 Exception <a 'sun/nio/fs/WindowsException'{0x0000000771f8f430}> (0x0000000771f8f430) 
thrown [s\open\src\hotspot\share\prims\jni.cpp, line 520]

ZGC Phase Switch (0 events):
No events

VM Operations (20 events):
Event: 263.740 Executing VM operation: Cleanup
Event: 263.741 Executing VM operation: Cleanup done
Event: 265.748 Executing VM operation: Cleanup
Event: 265.748 Executing VM operation: Cleanup done
Event: 266.752 Executing VM operation: Cleanup
Event: 266.752 Executing VM operation: Cleanup done
Event: 267.765 Executing VM operation: Cleanup
Event: 267.765 Executing VM operation: Cleanup done
Event: 268.767 Executing VM operation: Cleanup
Event: 268.767 Executing VM operation: Cleanup done
Event: 269.774 Executing VM operation: Cleanup
Event: 269.774 Executing VM operation: Cleanup done
Event: 270.777 Executing VM operation: Cleanup
Event: 270.777 Executing VM operation: Cleanup done
Event: 271.777 Executing VM operation: Cleanup
Event: 271.777 Executing VM operation: Cleanup done
Event: 272.792 Executing VM operation: Cleanup
Event: 272.792 Executing VM operation: Cleanup done
Event: 274.802 Executing VM operation: Cleanup
Event: 274.802 Executing VM operation: Cleanup done

Events (20 events):
Event: 261.591 Thread 0x0000020ba45b8960 Thread exited: 0x0000020ba45b8960
Event: 261.591 Thread 0x0000020ba45bab70 Thread exited: 0x0000020ba45bab70
Event: 262.707 Thread 0x0000020ba45b6080 Thread added: 0x0000020ba45b6080
Event: 262.707 Thread 0x0000020ba45bb910 Thread added: 0x0000020ba45bb910
Event: 263.296 Thread 0x0000020ba45b6750 Thread added: 0x0000020ba45b6750
Event: 263.296 Thread 0x0000020ba45bc6b0 Thread added: 0x0000020ba45bc6b0
Event: 263.486 Thread 0x0000020ba45bc6b0 Thread exited: 0x0000020ba45bc6b0
Event: 263.755 Thread 0x0000020ba45bb910 Thread exited: 0x0000020ba45bb910
Event: 263.755 Thread 0x0000020ba45b6080 Thread exited: 0x0000020ba45b6080
Event: 263.881 Thread 0x0000020ba45b6750 Thread exited: 0x0000020ba45b6750
Event: 268.954 Thread 0x0000020ba45b6080 Thread added: 0x0000020ba45b6080
Event: 269.102 Thread 0x0000020ba45b9030 Thread added: 0x0000020ba45b9030
Event: 269.102 Thread 0x0000020ba45bb240 Thread added: 0x0000020ba45bb240
Event: 269.690 Thread 0x0000020ba45b9030 Thread exited: 0x0000020ba45b9030
Event: 269.690 Thread 0x0000020ba45bb240 Thread exited: 0x0000020ba45bb240
Event: 269.691 Thread 0x0000020ba45b6080 Thread exited: 0x0000020ba45b6080
Event: 275.409 Thread 0x0000020ba45b6e20 Thread added: 0x0000020ba45b6e20
Event: 275.409 Thread 0x0000020ba45bb910 Thread added: 0x0000020ba45bb910
Event: 275.409 Thread 0x0000020ba45bb240 Thread added: 0x0000020ba45bb240
Event: 275.409 Thread 0x0000020ba45b8960 Thread added: 0x0000020ba45b8960


Dynamic libraries:
0x00007ff6a1230000 - 0x00007ff6a1240000 	C:\Program Files\Java\jdk-22\bin\java.exe
0x00007ffdcdcd0000 - 0x00007ffdcdee7000 	C:\WINDOWS\SYSTEM32\ntdll.dll
0x00007ffdcc380000 - 0x00007ffdcc444000 	C:\WINDOWS\System32\KERNEL32.DLL
0x00007ffdcb040000 - 0x00007ffdcb410000 	C:\WINDOWS\System32\KERNELBASE.dll
0x00007ffdcb8a0000 - 0x00007ffdcb9b1000 	C:\WINDOWS\System32\ucrtbase.dll
0x00007ffda48e0000 - 0x00007ffda48fb000 	C:\Program Files\Java\jdk-22\bin\VCRUNTIME140.dll
0x00007ffd9e880000 - 0x00007ffd9e897000 	C:\Program Files\Java\jdk-22\bin\jli.dll
0x00007ffdcdbd0000 - 0x00007ffdcdc81000 	C:\WINDOWS\System32\ADVAPI32.dll
0x00007ffdcb9c0000 - 0x00007ffdcba67000 	C:\WINDOWS\System32\msvcrt.dll
0x00007ffdccef0000 - 0x00007ffdccf97000 	C:\WINDOWS\System32\sechost.dll
0x00007ffdcb490000 - 0x00007ffdcb4b8000 	C:\WINDOWS\System32\bcrypt.dll
0x00007ffdccfa0000 - 0x00007ffdcd0b4000 	C:\WINDOWS\System32\RPCRT4.dll
0x00007ffdcc070000 - 0x00007ffdcc21e000 	C:\WINDOWS\System32\USER32.dll
0x00007ffdcb5e0000 - 0x00007ffdcb606000 	C:\WINDOWS\System32\win32u.dll
0x00007ffdbb390000 - 0x00007ffdbb622000 	C:\WINDOWS\WinSxS\amd64_microsoft.windows.common-controls_6595b64144ccf1df_6.0.22621.4830_none_270fe7d773858e80\COMCTL32.dll
0x00007ffdcc220000 - 0x00007ffdcc249000 	C:\WINDOWS\System32\GDI32.dll
0x00007ffdcb610000 - 0x00007ffdcb72b000 	C:\WINDOWS\System32\gdi32full.dll
0x00007ffdcb540000 - 0x00007ffdcb5da000 	C:\WINDOWS\System32\msvcp_win.dll
0x00007ffdc16c0000 - 0x00007ffdc16ca000 	C:\WINDOWS\SYSTEM32\VERSION.dll
0x00007ffdcccd0000 - 0x00007ffdccd01000 	C:\WINDOWS\System32\IMM32.DLL
0x00007ffdb08d0000 - 0x00007ffdb08dc000 	C:\Program Files\Java\jdk-22\bin\vcruntime140_1.dll
0x00007ffcf4870000 - 0x00007ffcf48fe000 	C:\Program Files\Java\jdk-22\bin\msvcp140.dll
0x00007ffceefc0000 - 0x00007ffcefd07000 	C:\Program Files\Java\jdk-22\bin\server\jvm.dll
0x00007ffdcd5f0000 - 0x00007ffdcd661000 	C:\WINDOWS\System32\WS2_32.dll
0x00007ffdca9f0000 - 0x00007ffdcaa3d000 	C:\WINDOWS\SYSTEM32\POWRPROF.dll
0x00007ffdc6b10000 - 0x00007ffdc6b44000 	C:\WINDOWS\SYSTEM32\WINMM.dll
0x00007ffdca8e0000 - 0x00007ffdca8f3000 	C:\WINDOWS\SYSTEM32\UMPDC.dll
0x00007ffdc9fc0000 - 0x00007ffdc9fd8000 	C:\WINDOWS\SYSTEM32\kernel.appcore.dll
0x00007ffda45a0000 - 0x00007ffda45aa000 	C:\Program Files\Java\jdk-22\bin\jimage.dll
0x00007ffdbe580000 - 0x00007ffdbe7b2000 	C:\WINDOWS\SYSTEM32\DBGHELP.DLL
0x00007ffdcbce0000 - 0x00007ffdcc070000 	C:\WINDOWS\System32\combase.dll
0x00007ffdcdaf0000 - 0x00007ffdcdbc7000 	C:\WINDOWS\System32\OLEAUT32.dll
0x00007ffdbf340000 - 0x00007ffdbf372000 	C:\WINDOWS\SYSTEM32\dbgcore.DLL
0x00007ffdcb4c0000 - 0x00007ffdcb53b000 	C:\WINDOWS\System32\bcryptPrimitives.dll
0x00007ffd9d090000 - 0x00007ffd9d0ae000 	C:\Program Files\Java\jdk-22\bin\java.dll
0x00007ffdcc450000 - 0x00007ffdcccc8000 	C:\WINDOWS\System32\SHELL32.dll
0x00007ffdcbb30000 - 0x00007ffdcbcd1000 	C:\WINDOWS\System32\ole32.dll
0x00007ffdc8ed0000 - 0x00007ffdc97e0000 	C:\WINDOWS\SYSTEM32\windows.storage.dll
0x00007ffdc8d90000 - 0x00007ffdc8ecf000 	C:\WINDOWS\SYSTEM32\wintypes.dll
0x00007ffdcd4e0000 - 0x00007ffdcd5ea000 	C:\WINDOWS\System32\SHCORE.dll
0x00007ffdcbad0000 - 0x00007ffdcbb2e000 	C:\WINDOWS\System32\shlwapi.dll
0x00007ffdcaeb0000 - 0x00007ffdcaedb000 	C:\WINDOWS\SYSTEM32\profapi.dll
0x00007ffcf1480000 - 0x00007ffcf1557000 	C:\Program Files\Java\jdk-22\bin\jsvml.dll
0x00007ffd9efb0000 - 0x00007ffd9efc0000 	C:\Program Files\Java\jdk-22\bin\net.dll
0x00007ffdca440000 - 0x00007ffdca4aa000 	C:\WINDOWS\system32\mswsock.dll
0x00007ffd93b50000 - 0x00007ffd93b66000 	C:\Program Files\Java\jdk-22\bin\nio.dll
0x00007ffd922a0000 - 0x00007ffd922b7000 	C:\Program Files\Java\jdk-22\bin\zip.dll
0x00007ffd9e6d0000 - 0x00007ffd9e6e0000 	C:\Program Files\Java\jdk-22\bin\verify.dll
0x00007ffd9e390000 - 0x00007ffd9e39a000 	C:\Program Files\Java\jdk-22\bin\management.dll
0x00007ffd98e40000 - 0x00007ffd98e4b000 	C:\Program Files\Java\jdk-22\bin\management_ext.dll
0x00007ffdcbac0000 - 0x00007ffdcbac8000 	C:\WINDOWS\System32\PSAPI.DLL
0x00007ffd80260000 - 0x00007ffd80277000 	C:\WINDOWS\system32\napinsp.dll
0x00007ffd80240000 - 0x00007ffd8025b000 	C:\WINDOWS\system32\pnrpnsp.dll
0x00007ffdc9a70000 - 0x00007ffdc9b72000 	C:\WINDOWS\SYSTEM32\DNSAPI.dll
0x00007ffdc9a40000 - 0x00007ffdc9a6d000 	C:\WINDOWS\SYSTEM32\IPHLPAPI.DLL
0x00007ffdccee0000 - 0x00007ffdccee9000 	C:\WINDOWS\System32\NSI.dll
0x00007ffd80220000 - 0x00007ffd80231000 	C:\WINDOWS\System32\winrnr.dll
0x00007ffda41e0000 - 0x00007ffda41f5000 	C:\WINDOWS\system32\wshbth.dll
0x00007ffd801f0000 - 0x00007ffd80217000 	C:\WINDOWS\system32\nlansp_c.dll
0x00007ffdc6df0000 - 0x00007ffdc6dfa000 	C:\Windows\System32\rasadhlp.dll
0x00007ffdc6940000 - 0x00007ffdc69c3000 	C:\WINDOWS\System32\fwpuclnt.dll
0x00007ffdca690000 - 0x00007ffdca6ab000 	C:\WINDOWS\SYSTEM32\CRYPTSP.dll
0x00007ffdc9f20000 - 0x00007ffdc9f55000 	C:\WINDOWS\system32\rsaenh.dll
0x00007ffdca530000 - 0x00007ffdca558000 	C:\WINDOWS\SYSTEM32\USERENV.dll
0x00007ffdca6b0000 - 0x00007ffdca6bc000 	C:\WINDOWS\SYSTEM32\CRYPTBASE.dll
0x00007ffd8cfc0000 - 0x00007ffd8d000000 	C:\Users\Eternity\AppData\Local\Temp\jna-860633282\jna14985039435431939847.dll
0x00007ffdcd3f0000 - 0x00007ffdcd4a0000 	C:\WINDOWS\System32\clbcatq.dll
0x00007ffdc1070000 - 0x00007ffdc108d000 	C:\WINDOWS\SYSTEM32\amsi.dll
0x00007ffdc0fe0000 - 0x00007ffdc1061000 	C:\ProgramData\Microsoft\Windows Defender\Platform\4.18.25010.6-0\MpOav.dll
0x00007ffdaeda0000 - 0x00007ffdaedf0000 	C:\WINDOWS\SYSTEM32\Pdh.dll
0x00007ffda47d0000 - 0x00007ffda47e0000 	C:\WINDOWS\System32\perfos.dll
0x00007ffdc8570000 - 0x00007ffdc8580000 	C:\WINDOWS\SYSTEM32\pfclient.dll
0x00007ffce7f30000 - 0x00007ffce9860000 	D:\16MC-forge\config\yes_steve_model\cache\ysm-core-2.3.2.dll
0x00007ffd977e0000 - 0x00007ffd977ee000 	C:\Program Files\Java\jdk-22\bin\sunmscapi.dll
0x00007ffdcb730000 - 0x00007ffdcb896000 	C:\WINDOWS\System32\CRYPT32.dll
0x00007ffdca8a0000 - 0x00007ffdca8cd000 	C:\WINDOWS\SYSTEM32\ncrypt.dll
0x00007ffdca860000 - 0x00007ffdca897000 	C:\WINDOWS\SYSTEM32\NTASN1.dll
0x00007ffd92180000 - 0x00007ffd92189000 	C:\Program Files\Java\jdk-22\bin\extnet.dll
0x00007ffd6a280000 - 0x00007ffd6a288000 	C:\WINDOWS\system32\wshunix.dll
0x00007ffced160000 - 0x00007ffced2ee000 	C:\Program Files\Java\jdk-22\bin\awt.dll
0x00007ffdc6360000 - 0x00007ffdc63f7000 	C:\WINDOWS\SYSTEM32\apphelp.dll
0x00007ffdc8480000 - 0x00007ffdc8531000 	C:\WINDOWS\system32\uxtheme.dll
0x0000000180000000 - 0x0000000183586000 	E:\RivaTuner Statistics Server\RTSSHooks64.dll
0x00007ffdcd670000 - 0x00007ffdcdae4000 	C:\WINDOWS\System32\SETUPAPI.dll
0x00007ffdccd80000 - 0x00007ffdccedf000 	C:\WINDOWS\System32\MSCTF.dll
0x00007ffdc86f0000 - 0x00007ffdc871b000 	C:\WINDOWS\system32\DWMAPI.DLL
0x00007ffcf3d10000 - 0x00007ffcf3e10000 	C:\WINDOWS\system32\opengl32.dll
0x00007ffd900b0000 - 0x00007ffd900dd000 	C:\WINDOWS\SYSTEM32\GLU32.dll
0x00007ffdc8580000 - 0x00007ffdc85b7000 	C:\WINDOWS\SYSTEM32\dxcore.dll
0x00007ffd8e910000 - 0x00007ffd8eab8000 	C:\WINDOWS\system32\d3d9.dll
0x00007ffdc1870000 - 0x00007ffdc1931000 	C:\WINDOWS\System32\DriverStore\FileRepository\nvtfi.inf_amd64_7ab31e81554c2680\nvldumdx.dll
0x00007ffdcacd0000 - 0x00007ffdcace2000 	C:\WINDOWS\SYSTEM32\msasn1.dll
0x00007ffdc1410000 - 0x00007ffdc1442000 	C:\WINDOWS\SYSTEM32\cryptnet.dll
0x00007ffdca7b0000 - 0x00007ffdca7fa000 	C:\WINDOWS\SYSTEM32\wldp.dll
0x00007ffdc12a0000 - 0x00007ffdc1403000 	C:\WINDOWS\SYSTEM32\drvstore.dll
0x00007ffdcac20000 - 0x00007ffdcac4c000 	C:\WINDOWS\SYSTEM32\devobj.dll
0x00007ffdcac50000 - 0x00007ffdcac9e000 	C:\WINDOWS\SYSTEM32\cfgmgr32.dll
0x00007ffdcb410000 - 0x00007ffdcb482000 	C:\WINDOWS\System32\wintrust.dll
0x00007ffdcd4a0000 - 0x00007ffdcd4bf000 	C:\WINDOWS\System32\imagehlp.dll
0x00007ffdbc440000 - 0x00007ffdbe42e000 	C:\WINDOWS\System32\DriverStore\FileRepository\nvtfi.inf_amd64_7ab31e81554c2680\nvgpucomp64.dll
0x00007ffd79290000 - 0x00007ffd7ad24000 	C:\WINDOWS\System32\DriverStore\FileRepository\nvtfi.inf_amd64_7ab31e81554c2680\nvd3dumx.dll
0x00007ffdc3ff0000 - 0x00007ffdc4039000 	C:\WINDOWS\SYSTEM32\directxdatabasehelper.dll
0x00007ffd0dc40000 - 0x00007ffd0df10000 	C:\WINDOWS\system32\nvspcap64.dll
0x00007ffdca0d0000 - 0x00007ffdca104000 	C:\WINDOWS\SYSTEM32\ntmarta.dll
0x00007ffdca4d0000 - 0x00007ffdca4f6000 	C:\WINDOWS\SYSTEM32\gpapi.dll
0x00007ffd8c660000 - 0x00007ffd8c7b5000 	C:\WINDOWS\System32\DriverStore\FileRepository\nvtfi.inf_amd64_7ab31e81554c2680\nvppex.dll
0x00007ffcf1d60000 - 0x00007ffcf1de7000 	C:\Program Files\Java\jdk-22\bin\freetype.dll
0x00007ffcec0d0000 - 0x00007ffcec1a7000 	C:\Program Files\Java\jdk-22\bin\fontmanager.dll
0x00007ffdc82a0000 - 0x00007ffdc8450000 	C:\WINDOWS\SYSTEM32\WindowsCodecs.dll
0x00007ffd98db0000 - 0x00007ffd98e0e000 	C:\WINDOWS\system32\dataexchange.dll
0x00007ffdc28a0000 - 0x00007ffdc2b45000 	C:\WINDOWS\system32\twinapi.appcore.dll
0x00007ffdb23f0000 - 0x00007ffdb2536000 	C:\WINDOWS\SYSTEM32\textinputframework.dll
0x00007ffdc5f80000 - 0x00007ffdc60b5000 	C:\WINDOWS\SYSTEM32\CoreMessaging.dll
0x00007ffdc39e0000 - 0x00007ffdc3d4c000 	C:\WINDOWS\SYSTEM32\CoreUIComponents.dll
0x00007ffdbf2a0000 - 0x00007ffdbf2b0000 	C:\WINDOWS\system32\wbem\wbemprox.dll
0x00007ffdc2820000 - 0x00007ffdc28a0000 	C:\WINDOWS\SYSTEM32\wbemcomn.dll
0x00007ffdb9f80000 - 0x00007ffdb9f94000 	C:\WINDOWS\system32\wbem\wbemsvc.dll
0x00007ffdb9fa0000 - 0x00007ffdba098000 	C:\WINDOWS\system32\wbem\fastprox.dll

dbghelp: loaded successfully - version: 4.0.5 - missing functions: none
symbol engine: initialized successfully - sym options: 0x614 - pdb path: .;C:\Program Files\Java\jdk-22\bin;C:\WINDOWS\SYSTEM32;C:\WINDOWS\WinSxS\amd64_microsoft.windows.common-controls_6595b64144ccf1df_6.0.22621.4830_none_270fe7d773858e80;C:\Program Files\Java\jdk-22\bin\server;C:\Users\Eternity\AppData\Local\Temp\jna-860633282;C:\ProgramData\Microsoft\Windows Defender\Platform\4.18.25010.6-0;D:\16MC-forge\config\yes_steve_model\cache;E:\RivaTuner Statistics Server;C:\WINDOWS\System32\DriverStore\FileRepository\nvtfi.inf_amd64_7ab31e81554c2680;C:\WINDOWS\system32\wbem

VM Arguments:
jvm_args: -Xmx4G --module-path=libraries/cpw/mods/bootstraplauncher/1.1.2/bootstraplauncher-1.1.2.jar;libraries/cpw/mods/securejarhandler/2.1.10/securejarhandler-2.1.10.jar;libraries/org/ow2/asm/asm-commons/9.7.1/asm-commons-9.7.1.jar;libraries/org/ow2/asm/asm-util/9.7.1/asm-util-9.7.1.jar;libraries/org/ow2/asm/asm-analysis/9.7.1/asm-analysis-9.7.1.jar;libraries/org/ow2/asm/asm-tree/9.7.1/asm-tree-9.7.1.jar;libraries/org/ow2/asm/asm/9.7.1/asm-9.7.1.jar;libraries/net/minecraftforge/JarJarFileSystems/0.3.19/JarJarFileSystems-0.3.19.jar --add-modules=ALL-MODULE-PATH --add-opens=java.base/java.util.jar=cpw.mods.securejarhandler --add-opens=java.base/java.lang.invoke=cpw.mods.securejarhandler --add-exports=java.base/sun.security.util=cpw.mods.securejarhandler --add-exports=jdk.naming.dns/com.sun.jndi.dns=java.naming -Djava.net.preferIPv6Addresses=system -DignoreList=bootstraplauncher-1.1.2.jar,securejarhandler-2.1.10.jar,asm-commons-9.7.1.jar,asm-util-9.7.1.jar,asm-analysis-9.7.1.jar,asm-tree-9.7.1.jar,asm-9.7.1.jar,JarJarFileSystems-0.3.19.jar -DlibraryDirectory=libraries -DlegacyClassPath=libraries/cpw/mods/securejarhandler/2.1.10/securejarhandler-2.1.10.jar;libraries/org/ow2/asm/asm/9.7.1/asm-9.7.1.jar;libraries/org/ow2/asm/asm-commons/9.7.1/asm-commons-9.7.1.jar;libraries/org/ow2/asm/asm-tree/9.7.1/asm-tree-9.7.1.jar;libraries/org/ow2/asm/asm-util/9.7.1/asm-util-9.7.1.jar;libraries/org/ow2/asm/asm-analysis/9.7.1/asm-analysis-9.7.1.jar;libraries/net/minecraftforge/accesstransformers/8.0.4/accesstransformers-8.0.4.jar;libraries/org/antlr/antlr4-runtime/4.9.1/antlr4-runtime-4.9.1.jar;libraries/net/minecraftforge/eventbus/6.0.5/eventbus-6.0.5.jar;libraries/net/minecraftforge/forgespi/7.0.1/forgespi-7.0.1.jar;libraries/net/minecraftforge/coremods/5.2.4/coremods-5.2.4.jar;libraries/cpw/mods/modlauncher/10.0.9/modlauncher-10.0.9.jar;libraries/net/minecraftforge/unsafe/0.2.0/unsafe-0.2.0.jar;libraries/net/minecraftforge/mergetool/1.1.5/mergetool-1.1.5-api.jar;libraries/com/electronwill/night-config/core/3.6.4/core-3.6.4.jar;libraries/com/electronwill/night-config/toml/3.6.4/toml-3.6.4.jar;libraries/org/apache/maven/maven-artifact/3.8.5/maven-artifact-3.8.5.jar;libraries/net/jodah/typetools/0.6.3/typetools-0.6.3.jar;libraries/net/minecrell/terminalconsoleappender/1.2.0/terminalconsoleappender-1.2.0.jar;libraries/org/jline/jline-reader/3.12.1/jline-reader-3.12.1.jar;libraries/org/jline/jline-terminal/3.12.1/jline-terminal-3.12.1.jar;libraries/org/spongepowered/mixin/0.8.5/mixin-0.8.5.jar;libraries/org/openjdk/nashorn/nashorn-core/15.4/nashorn-core-15.4.jar;libraries/net/minecraftforge/JarJarSelector/0.3.19/JarJarSelector-0.3.19.jar;libraries/net/minecraftforge/JarJarMetadata/0.3.19/JarJarMetadata-0.3.19.jar;libraries/net/minecraftforge/fmlloader/1.20.1-47.3.33/fmlloader-1.20.1-47.3.33.jar;libraries/net/minecraft/server/1.20.1-20230612.114412/server-1.20.1-20230612.114412-extra.jar;libraries/com/github/oshi/oshi-core/6.2.2/oshi-core-6.2.2.jar;libraries/com/google/code/gson/gson/2.10/gson-2.10.jar;libraries/com/google/guava/failureaccess/1.0
java_command: cpw.mods.bootstraplauncher.BootstrapLauncher --launchTarget forgeserver --fml.forgeVersion 47.3.33 --fml.mcVersion 1.20.1 --fml.forgeGroup net.minecraftforge --fml.mcpVersion 20230612.114412
java_class_path (initial): .
Launcher Type: SUN_STANDARD

[Global flags]
     intx CICompilerCount                          = 12                                        {product} {ergonomic}
     uint ConcGCThreads                            = 3                                         {product} {ergonomic}
     uint G1ConcRefinementThreads                  = 13                                        {product} {ergonomic}
   size_t G1HeapRegionSize                         = 2097152                                   {product} {ergonomic}
   size_t InitialHeapSize                          = 268435456                                 {product} {ergonomic}
   size_t MarkStackSize                            = 4194304                                   {product} {ergonomic}
   size_t MaxHeapSize                              = 4294967296                                {product} {command line}
   size_t MaxNewSize                               = 2575302656                                {product} {ergonomic}
   size_t MinHeapDeltaBytes                        = 2097152                                   {product} {ergonomic}
   size_t MinHeapSize                              = 8388608                                   {product} {ergonomic}
    uintx NonNMethodCodeHeapSize                   = 7602480                                {pd product} {ergonomic}
    uintx NonProfiledCodeHeapSize                  = 122027880                              {pd product} {ergonomic}
    uintx ProfiledCodeHeapSize                     = 122027880                              {pd product} {ergonomic}
    uintx ReservedCodeCacheSize                    = 251658240                              {pd product} {ergonomic}
     bool SegmentedCodeCache                       = true                                      {product} {ergonomic}
   size_t SoftMaxHeapSize                          = 4294967296                             {manageable} {ergonomic}
     bool UseCompressedOops                        = true                           {product lp64_product} {ergonomic}
     bool UseG1GC                                  = true                                      {product} {ergonomic}
     bool UseLargePagesIndividualAllocation        = false                                  {pd product} {ergonomic}

Logging:
Log output configuration:
 #0: stdout all=warning uptime,level,tags foldmultilines=false
 #1: stderr all=off uptime,level,tags foldmultilines=false

Environment Variables:
PATH=C:\Program Files\Common Files\Oracle\Java\javapath;C:\Program Files (x86)\Common Files\Oracle\Java\java8path;C:\Program Files (x86)\Common Files\Oracle\Java\javapath;C:\Windows\system32;C:\Windows;C:\Windows\System32\Wbem;C:\Windows\System32\WindowsPowerShell\v1.0\;C:\Windows\System32\OpenSSH\;C:\Program Files (x86)\NVIDIA Corporation\PhysX\Common;C:\Program Files\NVIDIA Corporation\NVIDIA NvDLISR;C:\Program Files\Bandizip\;C:\Program Files\dotnet\;C:\WINDOWS\system32;C:\WINDOWS;C:\WINDOWS\System32\Wbem;C:\WINDOWS\System32\WindowsPowerShell\v1.0\;C:\WINDOWS\System32\OpenSSH\;C:\Users\流春去欲尽\AppData\Local\Microsoft\WindowsApps;%USERPROFILE%\AppData\Local\Microsoft\WindowsApps;C:\Users\Eternity\AppData\Local\GitHubDesktop\bin
USERNAME=流春去欲尽
OS=Windows_NT
PROCESSOR_IDENTIFIER=AMD64 Family 25 Model 80 Stepping 0, AuthenticAMD
TMP=C:\Users\Eternity\AppData\Local\Temp
TEMP=C:\Users\Eternity\AppData\Local\Temp




Periodic native trim disabled

---------------  S Y S T E M  ---------------

OS:
 Windows 11 , 64 bit Build 22621 (10.0.22621.4830)
OS uptime: 0 days 1:30 hours

CPU: total 16 (initial active 16) (16 cores per cpu, 2 threads per core) family 25 model 80 stepping 0 microcode 0x0, cx8, cmov, fxsr, ht, mmx, 3dnowpref, sse, sse2, sse3, ssse3, sse4a, sse4.1, sse4.2, popcnt, lzcnt, tsc, tscinvbit, avx, avx2, aes, erms, clmul, bmi1, bmi2, adx, sha, fma, vzeroupper, clflush, clflushopt, rdtscp, rdpid, fsrm, f16c, pku, cet_ss
Processor Information for all 16 processors :
  Max Mhz: 3301, Current Mhz: 3301, Mhz Limit: 3301

Memory: 4k page, system-wide physical 16286M (4726M free)
TotalPageFile size 24670M (AvailPageFile size 33M)
current process WorkingSet (physical memory assigned to process): 1607M, peak: 3410M
current process commit charge ("private bytes"): 3534M, peak: 3550M

vm_info: Java HotSpot(TM) 64-Bit Server VM (22.0.1+8-16) for windows-amd64 JRE (22.0.1+8-16), built on 2024-03-12T10:33:16Z by "mach5one" with MS VC++ 17.6 (VS2022)

END.
