[034月2025 21:06:21.758] [main/INFO] [cpw.mods.modlauncher.Launcher/MODLAUNCHER]: ModLauncher running: args [--launchTarget, forgeserver, --fml.forgeVersion, 47.3.33, --fml.mcVersion, 1.20.1, --fml.forgeGroup, net.minecraftforge, --fml.mcpVersion, 20230612.114412]
[034月2025 21:06:21.778] [main/INFO] [cpw.mods.modlauncher.Launcher/MODLAUNCHER]: ModLauncher 10.0.9+10.0.9+main.dcd20f30 starting: java version 21.0.6 by Oracle Corporation; OS Windows 10 arch amd64 version 10.0
[034月2025 21:06:23.349] [main/INFO] [net.minecraftforge.fml.loading.ImmediateWindowHandler/]: ImmediateWindowProvider not loading because launch target is forgeserver
[034月2025 21:06:23.470] [main/INFO] [mixin/]: SpongePowered MIXIN Subsystem Version=0.8.5 Source=union:/E:/16MCserver/16MC-forge/libraries/org/spongepowered/mixin/0.8.5/mixin-0.8.5.jar%2365!/ Service=ModLauncher Env=SERVER
[034月2025 21:06:24.415] [main/WARN] [net.minecraftforge.fml.loading.moddiscovery.ModFileParser/LOADING]: Mod file E:\16MCserver\16MC-forge\libraries\net\minecraftforge\fmlcore\1.20.1-47.3.33\fmlcore-1.20.1-47.3.33.jar is missing mods.toml file
[034月2025 21:06:24.427] [main/WARN] [net.minecraftforge.fml.loading.moddiscovery.ModFileParser/LOADING]: Mod file E:\16MCserver\16MC-forge\libraries\net\minecraftforge\javafmllanguage\1.20.1-47.3.33\javafmllanguage-1.20.1-47.3.33.jar is missing mods.toml file
[034月2025 21:06:24.437] [main/WARN] [net.minecraftforge.fml.loading.moddiscovery.ModFileParser/LOADING]: Mod file E:\16MCserver\16MC-forge\libraries\net\minecraftforge\lowcodelanguage\1.20.1-47.3.33\lowcodelanguage-1.20.1-47.3.33.jar is missing mods.toml file
[034月2025 21:06:24.446] [main/WARN] [net.minecraftforge.fml.loading.moddiscovery.ModFileParser/LOADING]: Mod file E:\16MCserver\16MC-forge\libraries\net\minecraftforge\mclanguage\1.20.1-47.3.33\mclanguage-1.20.1-47.3.33.jar is missing mods.toml file
[034月2025 21:06:25.026] [main/WARN] [net.minecraftforge.jarjar.selection.JarSelector/]: Attempted to select two dependency jars from JarJar which have the same identification: Mod File:  and Mod File: . Using Mod File: 
[034月2025 21:06:25.031] [main/INFO] [net.minecraftforge.fml.loading.moddiscovery.JarInJarDependencyLocator/]: Found 13 dependencies adding them to mods collection
[034月2025 21:06:32.169] [main/INFO] [mixin/]: Compatibility level set to JAVA_17
[034月2025 21:06:32.557] [main/INFO] [cpw.mods.modlauncher.LaunchServiceHandler/MODLAUNCHER]: Launching target 'forgeserver' with arguments []
[034月2025 21:06:34.041] [main/WARN] [mixin/]: Reference map 'coroutil.refmap.json' for coroutil.mixins.json could not be read. If this is a development environment you can ignore this message
[034月2025 21:06:34.334] [main/INFO] [Puzzles Lib/]: Loading 64 mods:
	- apotheosis 7.4.6
	- apotheosis_modern_ragnarok 3.0.0+mc1.20.1+tacz1.1.4
		\-- gunsmithlib 2.0.0+mc1.20.1+tacz1.1.4
	- appleskin 2.5.1+mc1.20.1
	- aquaculture 2.5.3
	- aquaculturedelight 1.1.0
	- architectury 9.2.14
	- artifacts 9.5.13
		\-- expandability 9.0.4
	- attributeslib 1.3.7
	- balm 7.3.17
		\-- kuma_api 20.1.9-SNAPSHOT
	- bookshelf 20.2.13
	- caelus 3.2.0+1.20.1
	- carryon 2.1.2.7
		\-- mixinextras 0.2.0-beta.6
	- citadel 2.6.1
	- cloth_config 11.1.136
	- clumps 12.0.0.4
	- commonnetworking 1.0.5-1.20.1
	- corgilib 4.0.3.3
	- coroutil 1.20.1-1.3.7
	- crockpot 1.0.6
	- curios 5.11.1+1.20.1
	- curtain 1.3.2
	- domesticationinnovation 1.7.1
	- dungeons_arise 2.1.58-1.20.x
	- enhancedcelestials 1.20.1-5.0.2.3
	- farmersdelight 1.20.1-1.2.7
	- forge 47.3.33
	- ftbessentials 2001.2.2
	- ftblibrary 2001.2.9
	- ftbultimine 2001.1.5
	- icarus 2.11.0
	- immersive_melodies 0.3.0+1.20.1
	- improvedmobs 1.20.1-1.13.2
	- infernalmobs 1.20.1.6
	- jade 11.12.3+forge
	- jei 15.20.0.106
	- journeymap 5.10.3
	- kotlinforforge 4.11.0
	- libipn 4.0.2
	- minecraft 1.20.1
	- mutantmonsters 8.0.7
	- netmusic 0.0NONE
	- parcool 3.3.1.1
	- patchouli 1.20.1-84.1-FORGE
	- placebo 8.6.2
	- puzzleslib 8.1.25
		\-- puzzlesaccessapi 8.0.7
	- quark 0.0NONE
	- resourcefulconfig 2.1.2
	- secureexplosion 1.1.0
	- sit 1.3.5
	- sophisticatedbackpacks 3.23.5.1200
	- sophisticatedcore 1.2.14.875
	- tacz 1.1.4-hotfix
	- tenshilib 1.20.1-1.7.6
	- toms_storage 1.7.0
	- touhou_little_maid 1.1.14
	- waystones 14.1.9
	- yes_steve_model 2.3.2
	- zeta 1.0-24
	- zombieawareness 1.20.1-1.13.1
[034月2025 21:06:35.589] [main/INFO] [net.minecraftforge.coremod.CoreMod.placebo/COREMODLOG]: Patching IForgeItemStack#getEnchantmentLevel
[034月2025 21:06:35.697] [main/INFO] [net.minecraftforge.coremod.CoreMod.placebo/COREMODLOG]: Patching IForgeItemStack#getEnchantmentLevel
[034月2025 21:06:37.557] [main/INFO] [net.minecraftforge.coremod.CoreMod.apotheosis/COREMODLOG]: Replaced 2 calls to Enchantment#getMaxLevel() in net/minecraft/world/inventory/AnvilMenu
[034月2025 21:06:37.630] [main/INFO] [net.minecraftforge.coremod.CoreMod.placebo/COREMODLOG]: Patching IForgeItemStack#getEnchantmentLevel
[034月2025 21:06:37.633] [main/INFO] [net.minecraftforge.coremod.CoreMod.placebo/COREMODLOG]: Patching IForgeItemStack#getEnchantmentLevel
[034月2025 21:06:37.691] [main/WARN] [mixin/]: Error loading class: com/hollingsworth/arsnouveau/common/items/SpellCrossbow (java.lang.ClassNotFoundException: com.hollingsworth.arsnouveau.common.items.SpellCrossbow)
[034月2025 21:06:37.963] [main/INFO] [net.minecraftforge.coremod.CoreMod.apotheosis/COREMODLOG]: Patching FishingHook#catchingFish
[034月2025 21:06:38.622] [main/INFO] [net.minecraftforge.coremod.CoreMod.apotheosis/COREMODLOG]: Replaced 2 calls to Enchantment#getMaxLevel() in net/minecraft/world/item/CreativeModeTabs
[034月2025 21:06:38.805] [main/INFO] [net.minecraftforge.coremod.CoreMod.apotheosis/COREMODLOG]: Replaced 1 calls to Enchantment#getMaxLevel() in net/minecraft/world/entity/npc/VillagerTrades$EnchantBookForEmeralds
[034月2025 21:06:38.819] [main/INFO] [net.minecraftforge.coremod.CoreMod.apotheosis/COREMODLOG]: Replaced 1 calls to Enchantment#isTreasureOnly() in net/minecraft/world/entity/npc/VillagerTrades$EnchantBookForEmeralds
[034月2025 21:06:38.838] [main/INFO] [net.minecraftforge.coremod.CoreMod.apotheosis/COREMODLOG]: Replaced 1 calls to Enchantment#isTradeable() in net/minecraft/world/entity/npc/VillagerTrades$EnchantBookForEmeralds
[034月2025 21:06:38.864] [main/INFO] [net.minecraftforge.coremod.CoreMod.apotheosis/COREMODLOG]: Replaced 1 calls to Enchantment#getMaxLevel() in net/minecraft/world/level/storage/loot/functions/EnchantRandomlyFunction
[034月2025 21:06:38.866] [main/INFO] [net.minecraftforge.coremod.CoreMod.apotheosis/COREMODLOG]: Replaced 1 calls to Enchantment#isDiscoverable() in net/minecraft/world/level/storage/loot/functions/EnchantRandomlyFunction
[034月2025 21:06:38.951] [main/WARN] [mixin/]: Error loading class: noobanidus/mods/lootr/config/ConfigManager (java.lang.ClassNotFoundException: noobanidus.mods.lootr.config.ConfigManager)
[034月2025 21:06:39.520] [main/INFO] [MixinExtras|Service/]: Initializing MixinExtras via com.llamalad7.mixinextras.service.MixinExtrasServiceImpl(version=0.4.1).
[034月2025 21:06:45.986] [main/INFO] [net.minecraftforge.coremod.CoreMod.apotheosis/COREMODLOG]: Replaced 2 calls to Enchantment#getMaxLevel() in net/minecraft/world/item/CreativeModeTabs
[034月2025 21:06:46.546] [main/INFO] [net.minecraftforge.coremod.CoreMod.apotheosis/COREMODLOG]: Replaced 1 calls to Enchantment#getMaxLevel() in org/violetmoon/quark/content/experimental/module/GameNerfsModule
[034月2025 21:06:48.748] [main/INFO] [net.minecraftforge.coremod.CoreMod.apotheosis/COREMODLOG]: Replaced 5 calls to Enchantment#getMaxLevel() in org/violetmoon/quark/content/tools/module/AncientTomesModule
[034月2025 21:06:48.855] [main/INFO] [net.minecraftforge.coremod.CoreMod.placebo/COREMODLOG]: Patching IForgeItemStack#getEnchantmentLevel
[034月2025 21:06:48.856] [main/INFO] [net.minecraftforge.coremod.CoreMod.placebo/COREMODLOG]: Patching IForgeItemStack#getEnchantmentLevel
[034月2025 21:06:49.450] [main/INFO] [net.minecraftforge.coremod.CoreMod.apotheosis/COREMODLOG]: Replaced 2 calls to Enchantment#getMaxLevel() in net/minecraft/world/inventory/AnvilMenu
[034月2025 21:06:53.622] [main/INFO] [net.minecraftforge.coremod.CoreMod.apotheosis/COREMODLOG]: Patching FishingHook#catchingFish
[034月2025 21:06:54.409] [main/INFO] [net.minecraftforge.coremod.CoreMod.apotheosis/COREMODLOG]: Replaced 1 calls to Enchantment#getMaxLevel() in net/minecraft/world/level/storage/loot/functions/EnchantRandomlyFunction
[034月2025 21:06:54.410] [main/INFO] [net.minecraftforge.coremod.CoreMod.apotheosis/COREMODLOG]: Replaced 1 calls to Enchantment#isDiscoverable() in net/minecraft/world/level/storage/loot/functions/EnchantRandomlyFunction
[034月2025 21:06:56.551] [modloading-worker-0/INFO] [Puzzles Lib/]: Constructing common components for mutantmonsters:main
[034月2025 21:06:56.823] [modloading-worker-0/INFO] [coroutil/]: forge loader environment detected
[034月2025 21:06:57.144] [modloading-worker-0/INFO] [Bookshelf/]: Fixing MC-151457. Crafting remainder for minecraft:pufferfish_bucket is now minecraft:bucket.
[034月2025 21:06:57.146] [modloading-worker-0/INFO] [Bookshelf/]: Fixing MC-151457. Crafting remainder for minecraft:salmon_bucket is now minecraft:bucket.
[034月2025 21:06:57.148] [modloading-worker-0/INFO] [Bookshelf/]: Fixing MC-151457. Crafting remainder for minecraft:cod_bucket is now minecraft:bucket.
[034月2025 21:06:57.149] [modloading-worker-0/INFO] [Bookshelf/]: Fixing MC-151457. Crafting remainder for minecraft:tropical_fish_bucket is now minecraft:bucket.
[034月2025 21:06:57.150] [modloading-worker-0/INFO] [Bookshelf/]: Fixing MC-151457. Crafting remainder for minecraft:axolotl_bucket is now minecraft:bucket.
[034月2025 21:06:57.151] [modloading-worker-0/INFO] [Bookshelf/]: Fixing MC-151457. Crafting remainder for minecraft:powder_snow_bucket is now minecraft:bucket.
[034月2025 21:06:57.152] [modloading-worker-0/INFO] [Bookshelf/]: Fixing MC-151457. Crafting remainder for minecraft:tadpole_bucket is now minecraft:bucket.
[034月2025 21:06:57.188] [modloading-worker-0/INFO] [dev.architectury.networking.forge.NetworkManagerImpl/]: Registering C2S receiver with id architectury:sync_ids
[034月2025 21:06:57.195] [modloading-worker-0/INFO] [dev.architectury.networking.forge.NetworkManagerImpl/]: Registering C2S receiver with id artifacts:networking_channel/42a7ad70b1cc371599a0eff744096b8a
[034月2025 21:06:57.208] [modloading-worker-0/INFO] [dev.architectury.networking.forge.NetworkManagerImpl/]: Registering C2S receiver with id artifacts:networking_channel/74a5e841822a3a87854ae896a33430d6
[034月2025 21:06:57.227] [modloading-worker-0/INFO] [dev.architectury.networking.forge.NetworkManagerImpl/]: Registering C2S receiver with id artifacts:networking_channel/eb3d1e2748533430848cadf0f37c7e9c
[034月2025 21:06:57.247] [modloading-worker-0/INFO] [dev.architectury.networking.forge.NetworkManagerImpl/]: Registering C2S receiver with id artifacts:networking_channel/91c8520f19f93b3e8b6a727568e194ab
[034月2025 21:06:57.253] [modloading-worker-0/INFO] [dev.architectury.networking.forge.NetworkManagerImpl/]: Registering C2S receiver with id artifacts:networking_channel/8c2784d778293fd482ed84b8aa5fedb9
[034月2025 21:06:57.262] [modloading-worker-0/INFO] [dev.architectury.networking.forge.NetworkManagerImpl/]: Registering C2S receiver with id artifacts:networking_channel/ea038224ea783d40b2863f52239e2604
[034月2025 21:06:57.273] [modloading-worker-0/INFO] [dev.architectury.networking.forge.NetworkManagerImpl/]: Registering C2S receiver with id artifacts:networking_channel/97ad64b7ecaf33209991c4f031501a58
[034月2025 21:06:58.124] [modloading-worker-0/INFO] [net.minecraftforge.common.ForgeMod/FORGEMOD]: Forge mod loading, version 47.3.33, for MC 1.20.1 with MCP 20230612.114412
[034月2025 21:06:58.139] [modloading-worker-0/INFO] [net.minecraftforge.common.MinecraftForge/FORGE]: MinecraftForge v47.3.33 Initialized
[034月2025 21:07:02.268] [modloading-worker-0/INFO] [dev.architectury.networking.forge.NetworkManagerImpl/]: Registering C2S receiver with id ftbultimine:key_pressed
[034月2025 21:07:02.306] [modloading-worker-0/INFO] [dev.architectury.networking.forge.NetworkManagerImpl/]: Registering C2S receiver with id ftbultimine:mode_changed
[034月2025 21:07:02.323] [modloading-worker-0/INFO] [dev.architectury.networking.forge.NetworkManagerImpl/]: Registering C2S receiver with id ftbultimine:sync_config_to_server
[034月2025 21:07:03.139] [modloading-worker-0/INFO] [dev.architectury.networking.forge.NetworkManagerImpl/]: Registering C2S receiver with id ftblibrary:edit_nbt_response
[034月2025 21:07:03.275] [modloading-worker-0/INFO] [Puzzles Lib/]: Constructing common components for puzzleslib:main
[034月2025 21:07:03.576] [modloading-worker-0/INFO] [be.florens.expandability.ExpandAbility/]: ExpandAbility here, who dis?
[034月2025 21:07:03.818] [modloading-worker-0/INFO] [net.minecraftforge.coremod.CoreMod.apotheosis/COREMODLOG]: Replaced 5 calls to Enchantment#getMaxLevel() in org/violetmoon/quark/content/tools/module/AncientTomesModule
[034月2025 21:07:03.904] [modloading-worker-0/INFO] [net.minecraftforge.coremod.CoreMod.apotheosis/COREMODLOG]: Replaced 1 calls to Enchantment#getMaxLevel() in org/violetmoon/quark/content/experimental/module/GameNerfsModule
[034月2025 21:07:04.056] [modloading-worker-0/INFO] [thedarkcolour.kotlinforforge.test.KotlinForForge/]: Kotlin For Forge Enabled!
[034月2025 21:07:04.071] [modloading-worker-0/INFO] [libIPN/]: [libIPN] libIPN - init in Kotlin
[034月2025 21:07:04.147] [modloading-worker-0/INFO] [quark-zeta/]: Discovered 164 modules to load.
[034月2025 21:07:04.148] [modloading-worker-0/INFO] [quark-zeta/]: Constructing module Abacus...
[034月2025 21:07:04.162] [modloading-worker-0/INFO] [quark-zeta/]: Constructing module Adjustable Chat...
[034月2025 21:07:04.163] [modloading-worker-0/INFO] [quark-zeta/]: Constructing module Ambient Discs...
[034月2025 21:07:04.171] [modloading-worker-0/INFO] [quark-zeta/]: Constructing module Ancient Tomes...
[034月2025 21:07:04.179] [modloading-worker-0/INFO] [net.minecraftforge.coremod.CoreMod.apotheosis/COREMODLOG]: Replaced 3 calls to Enchantment#getMaxLevel() in org/violetmoon/quark/content/tools/item/AncientTomeItem
[034月2025 21:07:04.201] [modloading-worker-0/INFO] [quark-zeta/]: Constructing module Ancient Wood...
[034月2025 21:07:04.235] [modloading-worker-0/INFO] [quark-zeta/]: Constructing module Armed Armor Stands...
[034月2025 21:07:04.253] [modloading-worker-0/INFO] [quark-zeta/]: Constructing module Auto Walk Keybind...
[034月2025 21:07:04.255] [modloading-worker-0/INFO] [quark-zeta/]: Constructing module Automatic Recipe Unlock...
[034月2025 21:07:04.268] [modloading-worker-0/INFO] [quark-zeta/]: Constructing module Automatic Tool Restock...
[034月2025 21:07:04.278] [modloading-worker-0/INFO] [quark-zeta/]: Constructing module Azalea Wood...
[034月2025 21:07:04.279] [modloading-worker-0/INFO] [quark-zeta/]: Constructing module Back Button Keybind...
[034月2025 21:07:04.280] [modloading-worker-0/INFO] [quark-zeta/]: Constructing module Backpack...
[034月2025 21:07:04.294] [modloading-worker-0/INFO] [quark-zeta/]: Constructing module Beacon Redirection...
[034月2025 21:07:04.297] [modloading-worker-0/INFO] [quark-zeta/]: Constructing module Better Elytra Rocket...
[034月2025 21:07:04.299] [modloading-worker-0/INFO] [quark-zeta/]: Constructing module Big Stone Clusters...
[034月2025 21:07:04.367] [modloading-worker-0/INFO] [quark-zeta/]: Constructing module Blossom Trees...
[034月2025 21:07:04.372] [modloading-worker-0/INFO] [quark-zeta/]: Constructing module Bottled Cloud...
[034月2025 21:07:04.380] [modloading-worker-0/INFO] [quark-zeta/]: Constructing module Buckets Show Inhabitants...
[034月2025 21:07:04.391] [modloading-worker-0/INFO] [quark-zeta/]: Constructing module Camera...
[034月2025 21:07:04.406] [modloading-worker-0/INFO] [quark-zeta/]: Constructing module Campfires Boost Elytra...
[034月2025 21:07:04.411] [modloading-worker-0/INFO] [quark-zeta/]: Constructing module Celebratory Lamps...
[034月2025 21:07:04.414] [modloading-worker-0/INFO] [quark-zeta/]: Constructing module Chains Connect Blocks...
[034月2025 21:07:04.418] [modloading-worker-0/INFO] [quark-zeta/]: Constructing module Chest Searching...
[034月2025 21:07:04.426] [modloading-worker-0/INFO] [quark-zeta/]: Constructing module Chorus Vegetation...
[034月2025 21:07:04.441] [modloading-worker-0/INFO] [quark-zeta/]: Constructing module Chute...
[034月2025 21:07:04.474] [modloading-worker-0/INFO] [quark-zeta/]: Constructing module Climate Control Remover...
[034月2025 21:07:04.478] [modloading-worker-0/INFO] [quark-zeta/]: Constructing module Color Runes...
[034月2025 21:07:04.485] [modloading-worker-0/INFO] [quark-zeta/]: Constructing module Compasses Work Everywhere...
[034月2025 21:07:04.488] [modloading-worker-0/INFO] [quark-zeta/]: Constructing module Compressed Blocks...
[034月2025 21:07:04.491] [modloading-worker-0/INFO] [quark-zeta/]: Constructing module Coral On Cactus...
[034月2025 21:07:04.492] [modloading-worker-0/INFO] [quark-zeta/]: Constructing module Corundum...
[034月2025 21:07:04.553] [modloading-worker-0/INFO] [quark-zeta/]: Constructing module Crabs...
[034月2025 21:07:04.559] [modloading-worker-0/ERROR] [zeta/]: Client event interface org.violetmoon.zeta.client.event.load.ZClientSetup was found in a non client only class!
[034月2025 21:07:04.560] [modloading-worker-0/INFO] [quark-zeta/]: Constructing module Crafter...
[034月2025 21:07:04.563] [modloading-worker-0/ERROR] [zeta/]: Client event interface org.violetmoon.zeta.client.event.load.ZClientSetup was found in a non client only class!
[034月2025 21:07:04.564] [modloading-worker-0/INFO] [quark-zeta/]: Constructing module Crate...
[034月2025 21:07:04.569] [modloading-worker-0/INFO] [quark-zeta/]: Constructing module Diamond Repair...
[034月2025 21:07:04.573] [modloading-worker-0/INFO] [quark-zeta/]: Constructing module Dispensers Place Blocks...
[034月2025 21:07:04.575] [modloading-worker-0/INFO] [quark-zeta/]: Constructing module Double Door Opening...
[034月2025 21:07:04.577] [modloading-worker-0/INFO] [quark-zeta/]: Constructing module Dragon Scales...
[034月2025 21:07:04.580] [modloading-worker-0/INFO] [quark-zeta/]: Constructing module Duskbound Blocks...
[034月2025 21:07:04.582] [modloading-worker-0/INFO] [quark-zeta/]: Constructing module Dyeable Item Frames...
[034月2025 21:07:04.586] [modloading-worker-0/INFO] [quark-zeta/]: Constructing module Easy Transfering...
[034月2025 21:07:04.589] [modloading-worker-0/INFO] [quark-zeta/]: Constructing module Elytra Indicator...
[034月2025 21:07:04.590] [modloading-worker-0/INFO] [quark-zeta/]: Constructing module Emotes...
[034月2025 21:07:04.593] [modloading-worker-0/INFO] [quark-zeta/]: Constructing module Enchantment Predicates...
[034月2025 21:07:04.594] [modloading-worker-0/INFO] [quark-zeta/]: Constructing module Enchantments Begone...
[034月2025 21:07:04.597] [modloading-worker-0/INFO] [quark-zeta/]: Constructing module Ender Watcher...
[034月2025 21:07:04.599] [modloading-worker-0/INFO] [quark-zeta/]: Constructing module Endermosh Music Disc...
[034月2025 21:07:04.601] [modloading-worker-0/INFO] [quark-zeta/]: Constructing module Enhanced Ladders...
[034月2025 21:07:04.602] [modloading-worker-0/INFO] [quark-zeta/]: Constructing module Expanded Item Interactions...
[034月2025 21:07:04.605] [modloading-worker-0/ERROR] [zeta/]: Client event interface org.violetmoon.zeta.client.event.load.ZClientSetup was found in a non client only class!
[034月2025 21:07:04.607] [modloading-worker-0/INFO] [quark-zeta/]: Constructing module Fairy Rings...
[034月2025 21:07:04.609] [modloading-worker-0/INFO] [quark-zeta/]: Constructing module Fallen Logs...
[034月2025 21:07:04.611] [modloading-worker-0/INFO] [quark-zeta/]: Constructing module Feeding Trough...
[034月2025 21:07:04.615] [modloading-worker-0/ERROR] [zeta/]: Client event interface org.violetmoon.zeta.client.event.load.ZClientSetup was found in a non client only class!
[034月2025 21:07:04.616] [modloading-worker-0/INFO] [quark-zeta/]: Constructing module Forgotten...
[034月2025 21:07:04.629] [modloading-worker-0/INFO] [quark-zeta/]: Constructing module Foxhound...
[034月2025 21:07:04.632] [modloading-worker-0/INFO] [quark-zeta/]: Constructing module Framed Glass...
[034月2025 21:07:04.633] [modloading-worker-0/INFO] [quark-zeta/]: Constructing module Game Nerfs...
[034月2025 21:07:04.639] [modloading-worker-0/INFO] [quark-zeta/]: Constructing module Glass Item Frame...
[034月2025 21:07:04.643] [modloading-worker-0/ERROR] [zeta/]: Client event interface org.violetmoon.zeta.client.event.load.ZClientSetup was found in a non client only class!
[034月2025 21:07:04.643] [modloading-worker-0/INFO] [quark-zeta/]: Constructing module Glass Shard...
[034月2025 21:07:04.646] [modloading-worker-0/INFO] [quark-zeta/]: Constructing module Glimmering Weald...
[034月2025 21:07:04.668] [modloading-worker-0/INFO] [quark-zeta/]: Constructing module Gold Bars...
[034月2025 21:07:04.671] [modloading-worker-0/INFO] [quark-zeta/]: Constructing module Gold Tools Have Fortune...
[034月2025 21:07:04.675] [modloading-worker-0/INFO] [quark-zeta/]: Constructing module Grab Chickens...
[034月2025 21:07:04.678] [modloading-worker-0/INFO] [quark-zeta/]: Constructing module Grate...
[034月2025 21:07:04.683] [modloading-worker-0/INFO] [quark-zeta/]: Constructing module Gravisand...
[034月2025 21:07:04.687] [modloading-worker-0/INFO] [quark-zeta/]: Constructing module Greener Grass...
[034月2025 21:07:04.691] [modloading-worker-0/INFO] [quark-zeta/]: Constructing module Hedges...
[034月2025 21:07:04.693] [modloading-worker-0/INFO] [quark-zeta/]: Constructing module Hoe Harvesting...
[034月2025 21:07:04.695] [modloading-worker-0/INFO] [quark-zeta/]: Constructing module Hollow Logs...
[034月2025 21:07:04.698] [modloading-worker-0/INFO] [quark-zeta/]: Constructing module Horses Swim...
[034月2025 21:07:04.700] [modloading-worker-0/INFO] [quark-zeta/]: Constructing module Hotbar Changer...
[034月2025 21:07:04.701] [modloading-worker-0/INFO] [quark-zeta/]: Constructing module Improved Sponges...
[034月2025 21:07:04.702] [modloading-worker-0/INFO] [quark-zeta/]: Constructing module Improved Tooltips...
[034月2025 21:07:04.705] [modloading-worker-0/INFO] [quark-zeta/]: Constructing module Industrial Palette...
[034月2025 21:07:04.711] [modloading-worker-0/INFO] [quark-zeta/]: Constructing module Inventory Sorting...
[034月2025 21:07:04.712] [modloading-worker-0/INFO] [quark-zeta/]: Constructing module Iron Rod...
[034月2025 21:07:04.730] [modloading-worker-0/INFO] [quark-zeta/]: Constructing module Item Sharing...
[034月2025 21:07:04.732] [modloading-worker-0/INFO] [quark-zeta/]: Constructing module Japanese Palette...
[034月2025 21:07:04.734] [modloading-worker-0/INFO] [quark-zeta/]: Constructing module Leaf Carpet...
[034月2025 21:07:04.740] [modloading-worker-0/INFO] [quark-zeta/]: Constructing module Lock Rotation...
[034月2025 21:07:04.743] [modloading-worker-0/INFO] [quark-zeta/]: Constructing module Long Range Pick Block...
[034月2025 21:07:04.744] [modloading-worker-0/INFO] [quark-zeta/]: Constructing module Magma Keeps Concrete Powder...
[034月2025 21:07:04.746] [modloading-worker-0/INFO] [quark-zeta/]: Constructing module Magnets...
[034月2025 21:07:04.752] [modloading-worker-0/ERROR] [zeta/]: Client event interface org.violetmoon.zeta.client.event.load.ZClientSetup was found in a non client only class!
[034月2025 21:07:04.753] [modloading-worker-0/INFO] [quark-zeta/]: Constructing module Map Washing...
[034月2025 21:07:04.755] [modloading-worker-0/INFO] [quark-zeta/]: Constructing module Matrix Enchanting...
[034月2025 21:07:04.768] [modloading-worker-0/ERROR] [zeta/]: Client event interface org.violetmoon.zeta.client.event.load.ZClientSetup was found in a non client only class!
[034月2025 21:07:04.769] [modloading-worker-0/INFO] [quark-zeta/]: Constructing module Metal Buttons...
[034月2025 21:07:04.775] [modloading-worker-0/INFO] [quark-zeta/]: Constructing module Microcrafting Helper...
[034月2025 21:07:04.778] [modloading-worker-0/INFO] [quark-zeta/]: Constructing module Midori...
[034月2025 21:07:04.779] [modloading-worker-0/INFO] [quark-zeta/]: Constructing module Monster Box...
[034月2025 21:07:04.781] [modloading-worker-0/INFO] [quark-zeta/]: Constructing module More Banner Layers...
[034月2025 21:07:04.783] [modloading-worker-0/INFO] [quark-zeta/]: Constructing module More Brick Types...
[034月2025 21:07:04.785] [modloading-worker-0/INFO] [quark-zeta/]: Constructing module More Mud Blocks...
[034月2025 21:07:04.786] [modloading-worker-0/INFO] [quark-zeta/]: Constructing module More Note Block Sounds...
[034月2025 21:07:04.789] [modloading-worker-0/INFO] [quark-zeta/]: Constructing module More Potted Plants...
[034月2025 21:07:04.790] [modloading-worker-0/ERROR] [zeta/]: Client event interface org.violetmoon.zeta.client.event.load.ZClientSetup was found in a non client only class!
[034月2025 21:07:04.790] [modloading-worker-0/INFO] [quark-zeta/]: Constructing module More Villagers...
[034月2025 21:07:04.792] [modloading-worker-0/INFO] [quark-zeta/]: Constructing module Narrator Readout...
[034月2025 21:07:04.792] [modloading-worker-0/INFO] [quark-zeta/]: Constructing module Nether Brick Fence Gate...
[034月2025 21:07:04.793] [modloading-worker-0/INFO] [quark-zeta/]: Constructing module Nether Obsidian Spikes...
[034月2025 21:07:04.795] [modloading-worker-0/INFO] [quark-zeta/]: Constructing module New Stone Types...
[034月2025 21:07:04.801] [modloading-worker-0/INFO] [quark-zeta/]: Constructing module No Durability On Cosmetics...
[034月2025 21:07:04.802] [modloading-worker-0/INFO] [quark-zeta/]: Constructing module No More Lava Pockets...
[034月2025 21:07:04.803] [modloading-worker-0/INFO] [quark-zeta/]: Constructing module Obsidian Plate...
[034月2025 21:07:04.806] [modloading-worker-0/INFO] [quark-zeta/]: Constructing module Overlay Shader...
[034月2025 21:07:04.806] [modloading-worker-0/INFO] [quark-zeta/]: Constructing module Parrot Eggs...
[034月2025 21:07:04.808] [modloading-worker-0/ERROR] [zeta/]: Client event interface org.violetmoon.zeta.client.event.load.ZClientSetup was found in a non client only class!
[034月2025 21:07:04.808] [modloading-worker-0/INFO] [quark-zeta/]: Constructing module Pat The Dogs...
[034月2025 21:07:04.811] [modloading-worker-0/INFO] [quark-zeta/]: Constructing module Pathfinder Maps...
[034月2025 21:07:04.816] [modloading-worker-0/INFO] [quark-zeta/]: Constructing module Permafrost...
[034月2025 21:07:04.818] [modloading-worker-0/INFO] [quark-zeta/]: Constructing module Petals On Water...
[034月2025 21:07:04.823] [modloading-worker-0/INFO] [quark-zeta/]: Constructing module Pickarang...
[034月2025 21:07:04.827] [modloading-worker-0/INFO] [quark-zeta/]: Constructing module Pig Litters...
[034月2025 21:07:04.829] [modloading-worker-0/INFO] [quark-zeta/]: Constructing module Pipes...
[034月2025 21:07:04.837] [modloading-worker-0/INFO] [quark-zeta/]: Constructing module Pistons Move Tile Entities...
[034月2025 21:07:04.840] [modloading-worker-0/INFO] [quark-zeta/]: Constructing module Poison Potato Usage...
[034月2025 21:07:04.841] [modloading-worker-0/INFO] [quark-zeta/]: Constructing module Quick Armor Swapping...
[034月2025 21:07:04.842] [modloading-worker-0/INFO] [quark-zeta/]: Constructing module Rainbow Lamps...
[034月2025 21:07:04.843] [modloading-worker-0/INFO] [quark-zeta/]: Constructing module Raw Metal Bricks...
[034月2025 21:07:04.844] [modloading-worker-0/INFO] [quark-zeta/]: Constructing module Reacharound Placing...
[034月2025 21:07:04.845] [modloading-worker-0/INFO] [quark-zeta/]: Constructing module Redstone Randomizer...
[034月2025 21:07:04.849] [modloading-worker-0/INFO] [quark-zeta/]: Constructing module Renewable Spore Blossoms...
[034月2025 21:07:04.850] [modloading-worker-0/INFO] [quark-zeta/]: Constructing module Replace Scaffolding...
[034月2025 21:07:04.852] [modloading-worker-0/INFO] [quark-zeta/]: Constructing module Rope...
[034月2025 21:07:04.855] [modloading-worker-0/INFO] [quark-zeta/]: Constructing module Safer Creatures...
[034月2025 21:07:04.857] [modloading-worker-0/INFO] [quark-zeta/]: Constructing module Seed Pouch...
[034月2025 21:07:04.861] [modloading-worker-0/INFO] [quark-zeta/]: Constructing module Shear Vines...
[034月2025 21:07:04.885] [modloading-worker-0/INFO] [quark-zeta/]: Constructing module Shiba...
[034月2025 21:07:04.887] [modloading-worker-0/ERROR] [zeta/]: Client event interface org.violetmoon.zeta.client.event.load.ZClientSetup was found in a non client only class!
[034月2025 21:07:04.888] [modloading-worker-0/INFO] [quark-zeta/]: Constructing module Shingles...
[034月2025 21:07:04.889] [modloading-worker-0/INFO] [quark-zeta/]: Constructing module Shulker Packing...
[034月2025 21:07:04.890] [modloading-worker-0/INFO] [quark-zeta/]: Constructing module Simple Harvest...
[034月2025 21:07:04.893] [modloading-worker-0/INFO] [quark-zeta/]: Constructing module Skull Pikes...
[034月2025 21:07:04.897] [modloading-worker-0/ERROR] [zeta/]: Client event interface org.violetmoon.zeta.client.event.load.ZClientSetup was found in a non client only class!
[034月2025 21:07:04.898] [modloading-worker-0/INFO] [quark-zeta/]: Constructing module Slabs To Blocks...
[034月2025 21:07:04.901] [modloading-worker-0/INFO] [quark-zeta/]: Constructing module Slime In A Bucket...
[034月2025 21:07:04.904] [modloading-worker-0/INFO] [quark-zeta/]: Constructing module Slimes To Magma Cubes...
[034月2025 21:07:04.905] [modloading-worker-0/INFO] [quark-zeta/]: Constructing module Snow Golem Player Heads...
[034月2025 21:07:04.906] [modloading-worker-0/INFO] [quark-zeta/]: Constructing module Soul Candles...
[034月2025 21:07:04.907] [modloading-worker-0/INFO] [quark-zeta/]: Constructing module Soul Sandstone...
[034月2025 21:07:04.908] [modloading-worker-0/INFO] [quark-zeta/]: Constructing module Spawner Replacer...
[034月2025 21:07:04.909] [modloading-worker-0/INFO] [quark-zeta/]: Constructing module Spiral Spires...
[034月2025 21:07:04.911] [modloading-worker-0/INFO] [quark-zeta/]: Constructing module Stonelings...
[034月2025 21:07:04.913] [modloading-worker-0/ERROR] [zeta/]: Client event interface org.violetmoon.zeta.client.event.load.ZClientSetup was found in a non client only class!
[034月2025 21:07:04.914] [modloading-worker-0/INFO] [quark-zeta/]: Constructing module Stools...
[034月2025 21:07:04.916] [modloading-worker-0/ERROR] [zeta/]: Client event interface org.violetmoon.zeta.client.event.load.ZClientSetup was found in a non client only class!
[034月2025 21:07:04.916] [modloading-worker-0/INFO] [quark-zeta/]: Constructing module Sturdy Stone...
[034月2025 21:07:04.919] [modloading-worker-0/INFO] [quark-zeta/]: Constructing module Thatch...
[034月2025 21:07:04.922] [modloading-worker-0/INFO] [quark-zeta/]: Constructing module Tiny Potato...
[034月2025 21:07:04.925] [modloading-worker-0/INFO] [quark-zeta/]: Constructing module Torch Arrow...
[034月2025 21:07:04.934] [modloading-worker-0/INFO] [quark-zeta/]: Constructing module Toretoise...
[034月2025 21:07:04.936] [modloading-worker-0/ERROR] [zeta/]: Client event interface org.violetmoon.zeta.client.event.load.ZClientSetup was found in a non client only class!
[034月2025 21:07:04.937] [modloading-worker-0/INFO] [quark-zeta/]: Constructing module Totem Of Holding...
[034月2025 21:07:04.939] [modloading-worker-0/INFO] [quark-zeta/]: Constructing module Trowel...
[034月2025 21:07:04.941] [modloading-worker-0/INFO] [quark-zeta/]: Constructing module Usage Ticker...
[034月2025 21:07:04.942] [modloading-worker-0/INFO] [quark-zeta/]: Constructing module Uses For Curses...
[034月2025 21:07:04.943] [modloading-worker-0/INFO] [quark-zeta/]: Constructing module Utility Recipes...
[034月2025 21:07:04.944] [modloading-worker-0/INFO] [quark-zeta/]: Constructing module Variant Animal Textures...
[034月2025 21:07:04.945] [modloading-worker-0/INFO] [quark-zeta/]: Constructing module Variant Bookshelves...
[034月2025 21:07:04.947] [modloading-worker-0/INFO] [quark-zeta/]: Constructing module Variant Chests...
[034月2025 21:07:04.968] [modloading-worker-0/INFO] [quark-zeta/]: Constructing module Variant Furnaces...
[034月2025 21:07:04.978] [modloading-worker-0/INFO] [quark-zeta/]: Constructing module Variant Ladders...
[034月2025 21:07:04.979] [modloading-worker-0/INFO] [quark-zeta/]: Constructing module Variant Selector...
[034月2025 21:07:04.983] [modloading-worker-0/INFO] [quark-zeta/]: Constructing module Vertical Planks...
[034月2025 21:07:04.984] [modloading-worker-0/INFO] [quark-zeta/]: Constructing module Vertical Slabs...
[034月2025 21:07:05.005] [modloading-worker-0/INFO] [quark-zeta/]: Constructing module Vexes Die With Their Masters...
[034月2025 21:07:05.006] [modloading-worker-0/INFO] [quark-zeta/]: Constructing module Villager Rerolling Rework...
[034月2025 21:07:05.010] [modloading-worker-0/INFO] [quark-zeta/]: Constructing module Villagers Follow Emeralds...
[034月2025 21:07:05.011] [modloading-worker-0/INFO] [quark-zeta/]: Constructing module Wooden Posts...
[034月2025 21:07:05.013] [modloading-worker-0/INFO] [quark-zeta/]: Constructing module Wool Shuts Up Minecarts...
[034月2025 21:07:05.014] [modloading-worker-0/INFO] [quark-zeta/]: Constructing module Wraith...
[034月2025 21:07:05.017] [modloading-worker-0/ERROR] [zeta/]: Client event interface org.violetmoon.zeta.client.event.load.ZClientSetup was found in a non client only class!
[034月2025 21:07:05.018] [modloading-worker-0/INFO] [quark-zeta/]: Constructing module Zombie Villagers On Normal...
[034月2025 21:07:05.019] [modloading-worker-0/INFO] [quark-zeta/]: Constructing module More Stone Variants...
[034月2025 21:07:05.020] [modloading-worker-0/INFO] [quark-zeta/]: Constructed 164 modules.
[034月2025 21:07:05.605] [main/INFO] [net.minecraftforge.coremod.CoreMod.apotheosis/COREMODLOG]: Replaced 1 calls to Enchantment#getMaxLevel() in org/violetmoon/quark/content/tools/loot/EnchantTome
[034月2025 21:07:14.521] [main/INFO] [Puzzles Lib/]: Loading common config for mutantmonsters
[034月2025 21:07:14.526] [Thread-3/INFO] [Puzzles Lib/]: Reloading common config for mutantmonsters
[034月2025 21:07:14.673] [main/INFO] [zeta/]: 'zeta' is enabling Zeta's piston structure resolver.
[034月2025 21:07:14.682] [main/INFO] [com.tom.storagemod.StorageMod/]: Loaded Tom's Simple Storage config file toms_storage-common.toml
[034月2025 21:07:14.965] [modloading-worker-0/WARN] [citadel/]: Failed to load patreon contributor perks
[034月2025 21:07:14.982] [Quark Contributor Loading Thread/ERROR] [quark/]: Failed to load patreon information
java.net.UnknownHostException: raw.githubusercontent.com
	at sun.nio.ch.NioSocketImpl.connect(NioSocketImpl.java:567) ~[?:?]
	at java.net.SocksSocketImpl.connect(SocksSocketImpl.java:327) ~[?:?]
	at java.net.Socket.connect(Socket.java:751) ~[?:?]
	at sun.security.ssl.SSLSocketImpl.connect(SSLSocketImpl.java:304) ~[?:?]
	at sun.net.NetworkClient.doConnect(NetworkClient.java:178) ~[?:?]
	at sun.net.www.http.HttpClient.openServer(HttpClient.java:531) ~[?:?]
	at sun.net.www.http.HttpClient.openServer(HttpClient.java:636) ~[?:?]
	at sun.net.www.protocol.https.HttpsClient.<init>(HttpsClient.java:264) ~[?:?]
	at sun.net.www.protocol.https.HttpsClient.New(HttpsClient.java:377) ~[?:?]
	at sun.net.www.protocol.https.AbstractDelegateHttpsURLConnection.getNewHttpClient(AbstractDelegateHttpsURLConnection.java:193) ~[?:?]
	at sun.net.www.protocol.http.HttpURLConnection.plainConnect0(HttpURLConnection.java:1252) ~[?:?]
	at sun.net.www.protocol.http.HttpURLConnection.plainConnect(HttpURLConnection.java:1138) ~[?:?]
	at sun.net.www.protocol.https.AbstractDelegateHttpsURLConnection.connect(AbstractDelegateHttpsURLConnection.java:179) ~[?:?]
	at sun.net.www.protocol.http.HttpURLConnection.getInputStream0(HttpURLConnection.java:1690) ~[?:?]
	at sun.net.www.protocol.http.HttpURLConnection.getInputStream(HttpURLConnection.java:1614) ~[?:?]
	at sun.net.www.protocol.https.HttpsURLConnectionImpl.getInputStream(HttpsURLConnectionImpl.java:223) ~[?:?]
	at org.violetmoon.quark.base.handler.ContributorRewardHandler$ThreadContributorListLoader.run(ContributorRewardHandler.java:111) ~[%5B夸克%5D%20Quark-4.0-460.jar%23162!/:?]
[034月2025 21:07:15.029] [modloading-worker-0/INFO] [CorgiLib/]: Initializing network...
[034月2025 21:07:15.037] [modloading-worker-0/INFO] [corgitaco.enhancedcelestials.EnhancedCelestials/]: Initialized enhancedcelestials network!
[034月2025 21:07:15.038] [modloading-worker-0/INFO] [com.tom.storagemod.StorageMod/]: Tom's Storage Setup starting
[034月2025 21:07:15.058] [modloading-worker-0/INFO] [CorgiLib/]: Initialized network!
[034月2025 21:07:15.062] [modloading-worker-0/INFO] [com.tom.storagemod.StorageMod/]: Initilaized Network Handler
[034月2025 21:07:15.146] [Forge Version Check/INFO] [net.minecraftforge.fml.VersionChecker/]: [mutantmonsters] Starting version check at https://raw.githubusercontent.com/Fuzss/modresources/main/update/mutantmonsters.json
[034月2025 21:07:15.355] [Forge Version Check/WARN] [net.minecraftforge.fml.VersionChecker/]: Failed to process update information
java.net.ConnectException: null
	at jdk.internal.net.http.HttpClientImpl.send(HttpClientImpl.java:951) ~[java.net.http:?]
	at jdk.internal.net.http.HttpClientFacade.send(HttpClientFacade.java:133) ~[java.net.http:?]
	at net.minecraftforge.fml.VersionChecker$1.openUrlString(VersionChecker.java:142) ~[fmlcore-1.20.1-47.3.33.jar%23216!/:?]
	at net.minecraftforge.fml.VersionChecker$1.process(VersionChecker.java:180) ~[fmlcore-1.20.1-47.3.33.jar%23216!/:?]
	at java.lang.Iterable.forEach(Iterable.java:75) ~[?:?]
	at net.minecraftforge.fml.VersionChecker$1.run(VersionChecker.java:117) ~[fmlcore-1.20.1-47.3.33.jar%23216!/:?]
Caused by: java.net.ConnectException
	at jdk.internal.net.http.common.Utils.toConnectException(Utils.java:1041) ~[java.net.http:?]
	at jdk.internal.net.http.PlainHttpConnection.connectAsync(PlainHttpConnection.java:227) ~[java.net.http:?]
	at jdk.internal.net.http.AsyncSSLConnection.connectAsync(AsyncSSLConnection.java:56) ~[java.net.http:?]
	at jdk.internal.net.http.Http2Connection.createAsync(Http2Connection.java:527) ~[java.net.http:?]
	at jdk.internal.net.http.Http2ClientImpl.getConnectionFor(Http2ClientImpl.java:138) ~[java.net.http:?]
	at jdk.internal.net.http.ExchangeImpl.get(ExchangeImpl.java:94) ~[java.net.http:?]
	at jdk.internal.net.http.Exchange.establishExchange(Exchange.java:391) ~[java.net.http:?]
	at jdk.internal.net.http.Exchange.responseAsyncImpl0(Exchange.java:584) ~[java.net.http:?]
	at jdk.internal.net.http.Exchange.responseAsyncImpl(Exchange.java:428) ~[java.net.http:?]
	at jdk.internal.net.http.Exchange.responseAsync(Exchange.java:420) ~[java.net.http:?]
	at jdk.internal.net.http.MultiExchange.responseAsyncImpl(MultiExchange.java:413) ~[java.net.http:?]
	at jdk.internal.net.http.MultiExchange.lambda$responseAsyncImpl$7(MultiExchange.java:454) ~[java.net.http:?]
	at java.util.concurrent.CompletableFuture.uniHandle(CompletableFuture.java:934) ~[?:?]
	at java.util.concurrent.CompletableFuture.uniHandleStage(CompletableFuture.java:950) ~[?:?]
	at java.util.concurrent.CompletableFuture.handle(CompletableFuture.java:2372) ~[?:?]
	at jdk.internal.net.http.MultiExchange.responseAsyncImpl(MultiExchange.java:444) ~[java.net.http:?]
	at jdk.internal.net.http.MultiExchange.lambda$responseAsync0$2(MultiExchange.java:346) ~[java.net.http:?]
	at java.util.concurrent.CompletableFuture$UniCompose.tryFire(CompletableFuture.java:1150) ~[?:?]
	at java.util.concurrent.CompletableFuture.postComplete(CompletableFuture.java:510) ~[?:?]
	at java.util.concurrent.CompletableFuture$AsyncSupply.run(CompletableFuture.java:1773) ~[?:?]
	at jdk.internal.net.http.HttpClientImpl$DelegatingExecutor.execute(HttpClientImpl.java:177) ~[java.net.http:?]
	at java.util.concurrent.CompletableFuture.completeAsync(CompletableFuture.java:2719) ~[?:?]
	at jdk.internal.net.http.MultiExchange.responseAsync(MultiExchange.java:299) ~[java.net.http:?]
	at jdk.internal.net.http.HttpClientImpl.sendAsync(HttpClientImpl.java:1049) ~[java.net.http:?]
	at jdk.internal.net.http.HttpClientImpl.send(HttpClientImpl.java:930) ~[java.net.http:?]
	... 5 more
Caused by: java.nio.channels.UnresolvedAddressException
	at sun.nio.ch.Net.checkAddress(Net.java:137) ~[?:?]
	at sun.nio.ch.Net.checkAddress(Net.java:145) ~[?:?]
	at sun.nio.ch.SocketChannelImpl.checkRemote(SocketChannelImpl.java:842) ~[?:?]
	at sun.nio.ch.SocketChannelImpl.connect(SocketChannelImpl.java:865) ~[?:?]
	at jdk.internal.net.http.PlainHttpConnection.lambda$connectAsync$1(PlainHttpConnection.java:210) ~[java.net.http:?]
	at java.security.AccessController.doPrivileged(AccessController.java:571) ~[?:?]
	at jdk.internal.net.http.PlainHttpConnection.connectAsync(PlainHttpConnection.java:212) ~[java.net.http:?]
	at jdk.internal.net.http.AsyncSSLConnection.connectAsync(AsyncSSLConnection.java:56) ~[java.net.http:?]
	at jdk.internal.net.http.Http2Connection.createAsync(Http2Connection.java:527) ~[java.net.http:?]
	at jdk.internal.net.http.Http2ClientImpl.getConnectionFor(Http2ClientImpl.java:138) ~[java.net.http:?]
	at jdk.internal.net.http.ExchangeImpl.get(ExchangeImpl.java:94) ~[java.net.http:?]
	at jdk.internal.net.http.Exchange.establishExchange(Exchange.java:391) ~[java.net.http:?]
	at jdk.internal.net.http.Exchange.responseAsyncImpl0(Exchange.java:584) ~[java.net.http:?]
	at jdk.internal.net.http.Exchange.responseAsyncImpl(Exchange.java:428) ~[java.net.http:?]
	at jdk.internal.net.http.Exchange.responseAsync(Exchange.java:420) ~[java.net.http:?]
	at jdk.internal.net.http.MultiExchange.responseAsyncImpl(MultiExchange.java:413) ~[java.net.http:?]
	at jdk.internal.net.http.MultiExchange.lambda$responseAsyncImpl$7(MultiExchange.java:454) ~[java.net.http:?]
	at java.util.concurrent.CompletableFuture.uniHandle(CompletableFuture.java:934) ~[?:?]
	at java.util.concurrent.CompletableFuture.uniHandleStage(CompletableFuture.java:950) ~[?:?]
	at java.util.concurrent.CompletableFuture.handle(CompletableFuture.java:2372) ~[?:?]
	at jdk.internal.net.http.MultiExchange.responseAsyncImpl(MultiExchange.java:444) ~[java.net.http:?]
	at jdk.internal.net.http.MultiExchange.lambda$responseAsync0$2(MultiExchange.java:346) ~[java.net.http:?]
	at java.util.concurrent.CompletableFuture$UniCompose.tryFire(CompletableFuture.java:1150) ~[?:?]
	at java.util.concurrent.CompletableFuture.postComplete(CompletableFuture.java:510) ~[?:?]
	at java.util.concurrent.CompletableFuture$AsyncSupply.run(CompletableFuture.java:1773) ~[?:?]
	at jdk.internal.net.http.HttpClientImpl$DelegatingExecutor.execute(HttpClientImpl.java:177) ~[java.net.http:?]
	at java.util.concurrent.CompletableFuture.completeAsync(CompletableFuture.java:2719) ~[?:?]
	at jdk.internal.net.http.MultiExchange.responseAsync(MultiExchange.java:299) ~[java.net.http:?]
	at jdk.internal.net.http.HttpClientImpl.sendAsync(HttpClientImpl.java:1049) ~[java.net.http:?]
	at jdk.internal.net.http.HttpClientImpl.send(HttpClientImpl.java:930) ~[java.net.http:?]
	... 5 more
[034月2025 21:07:15.360] [Forge Version Check/INFO] [net.minecraftforge.fml.VersionChecker/]: [clumps] Starting version check at https://updates.blamejared.com/get?n=clumps&gv=1.20.1
[034月2025 21:07:15.703] [main/INFO] [journeymap/]: Initializing Packet Registries
[034月2025 21:07:15.786] [main/INFO] [tacz/SYNCED_ENTITY_DATA_TAC_COPY]: Registered synced data key tacz:shoot_cool_down for minecraft:living_entity
[034月2025 21:07:15.786] [main/INFO] [tacz/SYNCED_ENTITY_DATA_TAC_COPY]: Registered synced data key tacz:melee_cool_down for minecraft:living_entity
[034月2025 21:07:15.788] [main/INFO] [tacz/SYNCED_ENTITY_DATA_TAC_COPY]: Registered synced data key tacz:reload_state for minecraft:living_entity
[034月2025 21:07:15.789] [main/INFO] [tacz/SYNCED_ENTITY_DATA_TAC_COPY]: Registered synced data key tacz:aiming_progress for minecraft:living_entity
[034月2025 21:07:15.789] [main/INFO] [tacz/SYNCED_ENTITY_DATA_TAC_COPY]: Registered synced data key tacz:draw_cool_down for minecraft:living_entity
[034月2025 21:07:15.790] [main/INFO] [tacz/SYNCED_ENTITY_DATA_TAC_COPY]: Registered synced data key tacz:is_aiming for minecraft:living_entity
[034月2025 21:07:15.791] [main/INFO] [tacz/SYNCED_ENTITY_DATA_TAC_COPY]: Registered synced data key tacz:sprint_time for minecraft:living_entity
[034月2025 21:07:15.792] [main/INFO] [tacz/SYNCED_ENTITY_DATA_TAC_COPY]: Registered synced data key tacz:is_bolting for minecraft:living_entity
[034月2025 21:07:16.614] [modloading-worker-0/INFO] [Jade/]: Start loading plugin at net.blay09.mods.waystones.compat.JadeIntegration
[034月2025 21:07:16.632] [modloading-worker-0/INFO] [Jade/]: Start loading plugin at com.sihenzhang.crockpot.integration.jade.ModIntegrationJade
[034月2025 21:07:16.638] [modloading-worker-0/INFO] [Jade/]: Start loading plugin at dev.shadowsoffire.apotheosis.spawn.compat.SpawnerHwylaPlugin
[034月2025 21:07:16.641] [modloading-worker-0/INFO] [Jade/]: Start loading plugin at dev.shadowsoffire.apotheosis.ench.compat.EnchHwylaPlugin
[034月2025 21:07:16.643] [modloading-worker-0/INFO] [Jade/]: Start loading plugin at dev.shadowsoffire.apotheosis.adventure.compat.AdventureHwylaPlugin
[034月2025 21:07:16.646] [modloading-worker-0/INFO] [Jade/]: Start loading plugin at net.blay09.mods.balm.forge.compat.hudinfo.ForgeJadeModCompat
[034月2025 21:07:16.648] [modloading-worker-0/INFO] [Jade/]: Start loading plugin at snownee.jade.addon.vanilla.VanillaPlugin
[034月2025 21:07:16.670] [modloading-worker-0/INFO] [Jade/]: Start loading plugin at snownee.jade.addon.universal.UniversalPlugin
[034月2025 21:07:16.680] [modloading-worker-0/INFO] [Jade/]: Start loading plugin at snownee.jade.addon.core.CorePlugin
[034月2025 21:07:16.684] [modloading-worker-0/INFO] [Jade/]: Start loading plugin at com.github.tartaricacid.touhoulittlemaid.compat.jade.JadePlugin
[034月2025 21:07:24.458] [main/INFO] [com.mojang.authlib.yggdrasil.YggdrasilAuthenticationService/]: Environment: authHost='https://authserver.mojang.com', accountsHost='https://api.mojang.com', sessionHost='https://sessionserver.mojang.com', servicesHost='https://api.minecraftservices.com', name='PROD'
[034月2025 21:07:30.365] [Forge Version Check/WARN] [net.minecraftforge.fml.VersionChecker/]: Failed to process update information
java.net.http.HttpConnectTimeoutException: HTTP connect timed out
	at jdk.internal.net.http.HttpClientImpl.send(HttpClientImpl.java:945) ~[java.net.http:?]
	at jdk.internal.net.http.HttpClientFacade.send(HttpClientFacade.java:133) ~[java.net.http:?]
	at net.minecraftforge.fml.VersionChecker$1.openUrlString(VersionChecker.java:142) ~[fmlcore-1.20.1-47.3.33.jar%23216!/:?]
	at net.minecraftforge.fml.VersionChecker$1.process(VersionChecker.java:180) ~[fmlcore-1.20.1-47.3.33.jar%23216!/:?]
	at java.lang.Iterable.forEach(Iterable.java:75) ~[?:?]
	at net.minecraftforge.fml.VersionChecker$1.run(VersionChecker.java:117) ~[fmlcore-1.20.1-47.3.33.jar%23216!/:?]
Caused by: java.net.http.HttpConnectTimeoutException: HTTP connect timed out
	at jdk.internal.net.http.MultiExchange.toTimeoutException(MultiExchange.java:585) ~[java.net.http:?]
	at jdk.internal.net.http.MultiExchange.getExceptionalCF(MultiExchange.java:532) ~[java.net.http:?]
	at jdk.internal.net.http.MultiExchange.lambda$responseAsyncImpl$7(MultiExchange.java:452) ~[java.net.http:?]
	at java.util.concurrent.CompletableFuture.uniHandle(CompletableFuture.java:934) ~[?:?]
	at java.util.concurrent.CompletableFuture$UniHandle.tryFire(CompletableFuture.java:911) ~[?:?]
	at java.util.concurrent.CompletableFuture.postComplete(CompletableFuture.java:510) ~[?:?]
	at java.util.concurrent.CompletableFuture.completeExceptionally(CompletableFuture.java:2194) ~[?:?]
	at jdk.internal.net.http.common.SSLFlowDelegate.stopOnError(SSLFlowDelegate.java:999) ~[java.net.http:?]
	at java.util.concurrent.CompletableFuture.uniExceptionally(CompletableFuture.java:990) ~[?:?]
	at java.util.concurrent.CompletableFuture$UniExceptionally.tryFire(CompletableFuture.java:974) ~[?:?]
	at java.util.concurrent.CompletableFuture.postComplete(CompletableFuture.java:510) ~[?:?]
	at java.util.concurrent.CompletableFuture.completeExceptionally(CompletableFuture.java:2194) ~[?:?]
	at jdk.internal.net.http.common.SubscriberWrapper$DownstreamPusher.run1(SubscriberWrapper.java:295) ~[java.net.http:?]
	at jdk.internal.net.http.common.SubscriberWrapper$DownstreamPusher.run(SubscriberWrapper.java:259) ~[java.net.http:?]
	at jdk.internal.net.http.common.SequentialScheduler$LockingRestartableTask.run(SequentialScheduler.java:182) ~[java.net.http:?]
	at jdk.internal.net.http.common.SequentialScheduler$CompleteRestartableTask.run(SequentialScheduler.java:149) ~[java.net.http:?]
	at jdk.internal.net.http.common.SequentialScheduler$SchedulableTask.run(SequentialScheduler.java:207) ~[java.net.http:?]
	at jdk.internal.net.http.common.SequentialScheduler.runOrSchedule(SequentialScheduler.java:280) ~[java.net.http:?]
	at jdk.internal.net.http.common.SequentialScheduler.runOrSchedule(SequentialScheduler.java:233) ~[java.net.http:?]
	at jdk.internal.net.http.common.SubscriberWrapper.errorCommon(SubscriberWrapper.java:421) ~[java.net.http:?]
	at jdk.internal.net.http.common.SSLFlowDelegate$Reader.errorCommon(SSLFlowDelegate.java:370) ~[java.net.http:?]
	at jdk.internal.net.http.common.SubscriberWrapper.onError(SubscriberWrapper.java:412) ~[java.net.http:?]
	at jdk.internal.net.http.SocketTube$InternalReadPublisher$ReadSubscription.signalCompletion(SocketTube.java:645) ~[java.net.http:?]
	at jdk.internal.net.http.SocketTube$InternalReadPublisher$InternalReadSubscription.read(SocketTube.java:829) ~[java.net.http:?]
	at jdk.internal.net.http.SocketTube$SocketFlowTask.run(SocketTube.java:181) ~[java.net.http:?]
	at jdk.internal.net.http.common.SequentialScheduler$SchedulableTask.run(SequentialScheduler.java:207) ~[java.net.http:?]
	at jdk.internal.net.http.common.SequentialScheduler.runOrSchedule(SequentialScheduler.java:280) ~[java.net.http:?]
	at jdk.internal.net.http.common.SequentialScheduler.runOrSchedule(SequentialScheduler.java:233) ~[java.net.http:?]
	at jdk.internal.net.http.SocketTube$InternalReadPublisher$InternalReadSubscription.signalError(SocketTube.java:778) ~[java.net.http:?]
	at jdk.internal.net.http.SocketTube.signalClosed(SocketTube.java:159) ~[java.net.http:?]
	at jdk.internal.net.http.PlainHttpConnection.close(PlainHttpConnection.java:428) ~[java.net.http:?]
	at jdk.internal.net.http.AsyncSSLConnection.close(AsyncSSLConnection.java:116) ~[java.net.http:?]
	at jdk.internal.net.http.Exchange$ConnectionAborter.closeConnection(Exchange.java:202) ~[java.net.http:?]
	at jdk.internal.net.http.Exchange$ConnectionAborter.closeConnection(Exchange.java:185) ~[java.net.http:?]
	at jdk.internal.net.http.Exchange.cancel(Exchange.java:293) ~[java.net.http:?]
	at jdk.internal.net.http.MultiExchange.cancel(MultiExchange.java:265) ~[java.net.http:?]
	at jdk.internal.net.http.ResponseTimerEvent.handle(ResponseTimerEvent.java:71) ~[java.net.http:?]
	at jdk.internal.net.http.HttpClientImpl.purgeTimeoutsAndReturnNextDeadline(HttpClientImpl.java:1780) ~[java.net.http:?]
	at jdk.internal.net.http.HttpClientImpl$SelectorManager.run(HttpClientImpl.java:1378) ~[java.net.http:?]
Caused by: java.net.ConnectException: HTTP connect timed out
	at jdk.internal.net.http.MultiExchange.toTimeoutException(MultiExchange.java:586) ~[java.net.http:?]
	at jdk.internal.net.http.MultiExchange.getExceptionalCF(MultiExchange.java:532) ~[java.net.http:?]
	at jdk.internal.net.http.MultiExchange.lambda$responseAsyncImpl$7(MultiExchange.java:452) ~[java.net.http:?]
	at java.util.concurrent.CompletableFuture.uniHandle(CompletableFuture.java:934) ~[?:?]
	at java.util.concurrent.CompletableFuture$UniHandle.tryFire(CompletableFuture.java:911) ~[?:?]
	at java.util.concurrent.CompletableFuture.postComplete(CompletableFuture.java:510) ~[?:?]
	at java.util.concurrent.CompletableFuture.completeExceptionally(CompletableFuture.java:2194) ~[?:?]
	at jdk.internal.net.http.common.SSLFlowDelegate.stopOnError(SSLFlowDelegate.java:999) ~[java.net.http:?]
	at java.util.concurrent.CompletableFuture.uniExceptionally(CompletableFuture.java:990) ~[?:?]
	at java.util.concurrent.CompletableFuture$UniExceptionally.tryFire(CompletableFuture.java:974) ~[?:?]
	at java.util.concurrent.CompletableFuture.postComplete(CompletableFuture.java:510) ~[?:?]
	at java.util.concurrent.CompletableFuture.completeExceptionally(CompletableFuture.java:2194) ~[?:?]
	at jdk.internal.net.http.common.SubscriberWrapper$DownstreamPusher.run1(SubscriberWrapper.java:295) ~[java.net.http:?]
	at jdk.internal.net.http.common.SubscriberWrapper$DownstreamPusher.run(SubscriberWrapper.java:259) ~[java.net.http:?]
	at jdk.internal.net.http.common.SequentialScheduler$LockingRestartableTask.run(SequentialScheduler.java:182) ~[java.net.http:?]
	at jdk.internal.net.http.common.SequentialScheduler$CompleteRestartableTask.run(SequentialScheduler.java:149) ~[java.net.http:?]
	at jdk.internal.net.http.common.SequentialScheduler$SchedulableTask.run(SequentialScheduler.java:207) ~[java.net.http:?]
	at jdk.internal.net.http.common.SequentialScheduler.runOrSchedule(SequentialScheduler.java:280) ~[java.net.http:?]
	at jdk.internal.net.http.common.SequentialScheduler.runOrSchedule(SequentialScheduler.java:233) ~[java.net.http:?]
	at jdk.internal.net.http.common.SubscriberWrapper.errorCommon(SubscriberWrapper.java:421) ~[java.net.http:?]
	at jdk.internal.net.http.common.SSLFlowDelegate$Reader.errorCommon(SSLFlowDelegate.java:370) ~[java.net.http:?]
	at jdk.internal.net.http.common.SubscriberWrapper.onError(SubscriberWrapper.java:412) ~[java.net.http:?]
	at jdk.internal.net.http.SocketTube$InternalReadPublisher$ReadSubscription.signalCompletion(SocketTube.java:645) ~[java.net.http:?]
	at jdk.internal.net.http.SocketTube$InternalReadPublisher$InternalReadSubscription.read(SocketTube.java:829) ~[java.net.http:?]
	at jdk.internal.net.http.SocketTube$SocketFlowTask.run(SocketTube.java:181) ~[java.net.http:?]
	at jdk.internal.net.http.common.SequentialScheduler$SchedulableTask.run(SequentialScheduler.java:207) ~[java.net.http:?]
	at jdk.internal.net.http.common.SequentialScheduler.runOrSchedule(SequentialScheduler.java:280) ~[java.net.http:?]
	at jdk.internal.net.http.common.SequentialScheduler.runOrSchedule(SequentialScheduler.java:233) ~[java.net.http:?]
	at jdk.internal.net.http.SocketTube$InternalReadPublisher$InternalReadSubscription.signalError(SocketTube.java:778) ~[java.net.http:?]
	at jdk.internal.net.http.SocketTube.signalClosed(SocketTube.java:159) ~[java.net.http:?]
	at jdk.internal.net.http.PlainHttpConnection.close(PlainHttpConnection.java:428) ~[java.net.http:?]
	at jdk.internal.net.http.AsyncSSLConnection.close(AsyncSSLConnection.java:116) ~[java.net.http:?]
	at jdk.internal.net.http.Exchange$ConnectionAborter.closeConnection(Exchange.java:202) ~[java.net.http:?]
	at jdk.internal.net.http.Exchange$ConnectionAborter.closeConnection(Exchange.java:185) ~[java.net.http:?]
	at jdk.internal.net.http.Exchange.cancel(Exchange.java:293) ~[java.net.http:?]
	at jdk.internal.net.http.MultiExchange.cancel(MultiExchange.java:265) ~[java.net.http:?]
	at jdk.internal.net.http.ResponseTimerEvent.handle(ResponseTimerEvent.java:71) ~[java.net.http:?]
	at jdk.internal.net.http.HttpClientImpl.purgeTimeoutsAndReturnNextDeadline(HttpClientImpl.java:1780) ~[java.net.http:?]
	at jdk.internal.net.http.HttpClientImpl$SelectorManager.run(HttpClientImpl.java:1378) ~[java.net.http:?]
[034月2025 21:07:30.375] [Forge Version Check/INFO] [net.minecraftforge.fml.VersionChecker/]: [journeymap] Starting version check at https://forge.curseupdate.com/32274/journeymap
[034月2025 21:07:34.102] [main/WARN] [net.minecraft.server.packs.VanillaPackResourcesBuilder/]: Assets URL 'union:/E:/16MCserver/16MC-forge/libraries/net/minecraft/server/1.20.1-20230612.114412/server-1.20.1-20230612.114412-srg.jar%23215!/assets/.mcassetsroot' uses unexpected schema
[034月2025 21:07:34.116] [main/WARN] [net.minecraft.server.packs.VanillaPackResourcesBuilder/]: Assets URL 'union:/E:/16MCserver/16MC-forge/libraries/net/minecraft/server/1.20.1-20230612.114412/server-1.20.1-20230612.114412-srg.jar%23215!/data/.mcassetsroot' uses unexpected schema
[034月2025 21:07:37.242] [Forge Version Check/INFO] [net.minecraftforge.fml.VersionChecker/]: [journeymap] Found status: UP_TO_DATE Current: 5.10.3 Target: null
[034月2025 21:07:37.243] [Forge Version Check/INFO] [net.minecraftforge.fml.VersionChecker/]: [bookshelf] Starting version check at https://updates.blamejared.com/get?n=bookshelf&gv=1.20.1
[034月2025 21:07:48.333] [main/INFO] [net.minecraftforge.coremod.CoreMod.apotheosis/COREMODLOG]: Replaced 2 calls to Enchantment#getMaxLevel() in net/minecraft/server/commands/EnchantCommand
[034月2025 21:07:49.177] [Worker-Main-7/ERROR] [net.minecraft.tags.TagLoader/]: Couldn't load tag create:upright_on_belt as it is missing following references: crockpot:powcake (from [烹饪锅] CrockPot-1.20.1-1.0.6-release.jar)
[034月2025 21:07:50.287] [main/INFO] [placebo/]: Registered 34 additional loot tables.
[034月2025 21:07:50.336] [main/INFO] [net.minecraft.world.item.crafting.RecipeManager/]: Skipping loading recipe crockpot:parrot_feeding/integration/thermal/radish_seeds as it's serializer returned null
[034月2025 21:07:50.351] [main/WARN] [quark-zeta/]: Non-existent flag calcite being used
[034月2025 21:07:50.352] [main/WARN] [quark-zeta/]: Non-existent flag granite being used
[034月2025 21:07:50.363] [main/INFO] [net.minecraft.world.item.crafting.RecipeManager/]: Skipping loading recipe crockpot:parrot_feeding/integration/thermal/green_bean_seeds as it's serializer returned null
[034月2025 21:07:50.403] [main/WARN] [quark-zeta/]: Non-existent flag tuff being used
[034月2025 21:07:50.411] [main/WARN] [quark-zeta/]: Non-existent flag tuff being used
[034月2025 21:07:50.414] [main/WARN] [quark-zeta/]: Non-existent flag calcite being used
[034月2025 21:07:50.418] [main/INFO] [net.minecraft.world.item.crafting.RecipeManager/]: Skipping loading recipe crockpot:food_values/integration_set/nethersdelight/fungus_colony as it's serializer returned null
[034月2025 21:07:50.425] [main/WARN] [quark-zeta/]: Non-existent flag tuff being used
[034月2025 21:07:50.428] [main/INFO] [net.minecraft.world.item.crafting.RecipeManager/]: Skipping loading recipe crockpot:food_values/integration_set/nourished_nether/hoglin_meat as it's serializer returned null
[034月2025 21:07:50.430] [main/WARN] [quark-zeta/]: Non-existent flag calcite being used
[034月2025 21:07:50.433] [main/INFO] [net.minecraft.world.item.crafting.RecipeManager/]: Skipping loading recipe crockpot:parrot_feeding/integration/thermal/hops_seeds as it's serializer returned null
[034月2025 21:07:50.436] [main/INFO] [net.minecraft.world.item.crafting.RecipeManager/]: Skipping loading recipe crockpot:food_values/integration_set/bonappetit/fried_egg as it's serializer returned null
[034月2025 21:07:50.445] [main/INFO] [net.minecraft.world.item.crafting.RecipeManager/]: Skipping loading recipe crockpot:food_values/integration_set/pandoras_creatures/bufflon_beef as it's serializer returned null
[034月2025 21:07:50.446] [main/WARN] [quark-zeta/]: Non-existent flag dripstone being used
[034月2025 21:07:50.447] [main/INFO] [net.minecraft.world.item.crafting.RecipeManager/]: Skipping loading recipe crockpot:food_values/integration_set/betterend/fruits-s as it's serializer returned null
[034月2025 21:07:50.451] [main/INFO] [net.minecraft.world.item.crafting.RecipeManager/]: Skipping loading recipe crockpot:food_values/integration_set/abnormals_delight/pike_slice as it's serializer returned null
[034月2025 21:07:50.456] [main/INFO] [net.minecraft.world.item.crafting.RecipeManager/]: Skipping loading recipe crockpot:food_values/integration_set/delightful/no-value as it's serializer returned null
[034月2025 21:07:50.459] [main/INFO] [net.minecraft.world.item.crafting.RecipeManager/]: Skipping loading recipe crockpot:food_values/integration_set/miners_delight/squid as it's serializer returned null
[034月2025 21:07:50.465] [main/INFO] [net.minecraft.world.item.crafting.RecipeManager/]: Skipping loading recipe crockpot:parrot_feeding/integration/vintagedelight/oat_seeds as it's serializer returned null
[034月2025 21:07:50.469] [main/INFO] [net.minecraft.world.item.crafting.RecipeManager/]: Skipping loading recipe crockpot:parrot_feeding/integration/abnormals/sweet_berry_pips as it's serializer returned null
[034月2025 21:07:50.472] [main/INFO] [net.minecraft.world.item.crafting.RecipeManager/]: Skipping loading recipe crockpot:food_values/integration_set/born_in_chaos_v1/monsterfish-s as it's serializer returned null
[034月2025 21:07:50.477] [main/INFO] [net.minecraft.world.item.crafting.RecipeManager/]: Skipping loading recipe crockpot:food_values/integration_set/unnamedanimalmod/mangrove_fruit as it's serializer returned null
[034月2025 21:07:50.481] [main/WARN] [quark-zeta/]: Non-existent flag tuff being used
[034月2025 21:07:50.482] [main/INFO] [net.minecraft.world.item.crafting.RecipeManager/]: Skipping loading recipe crockpot:food_values/integration_set/atum/quail_egg as it's serializer returned null
[034月2025 21:07:50.483] [main/WARN] [quark-zeta/]: Non-existent flag andesite being used
[034月2025 21:07:50.485] [main/INFO] [net.minecraft.world.item.crafting.RecipeManager/]: Skipping loading recipe crockpot:food_values/integration_set/betterend/veggies-s as it's serializer returned null
[034月2025 21:07:50.488] [main/INFO] [net.minecraft.world.item.crafting.RecipeManager/]: Skipping loading recipe crockpot:food_values/integration_set/culturaldelights/veggies-s as it's serializer returned null
[034月2025 21:07:50.489] [main/INFO] [net.minecraft.world.item.crafting.RecipeManager/]: Skipping loading recipe crockpot:food_values/integration_set/unnamedanimalmod/musk_ox_shank as it's serializer returned null
[034月2025 21:07:50.490] [main/INFO] [net.minecraft.world.item.crafting.RecipeManager/]: Skipping loading recipe crockpot:food_values/integration_set/atum/camel as it's serializer returned null
[034月2025 21:07:50.492] [main/INFO] [net.minecraft.world.item.crafting.RecipeManager/]: Skipping loading recipe crockpot:food_values/integration_set/ecologics/coconut_slice as it's serializer returned null
[034月2025 21:07:50.494] [main/INFO] [net.minecraft.world.item.crafting.RecipeManager/]: Skipping loading recipe crockpot:food_values/integration_set/farm_and_charm/bacon as it's serializer returned null
[034月2025 21:07:50.495] [main/WARN] [quark-zeta/]: Non-existent flag dripstone being used
[034月2025 21:07:50.497] [main/INFO] [net.minecraft.world.item.crafting.RecipeManager/]: Skipping loading recipe crockpot:food_values/integration_set/beachparty/mussel_meat as it's serializer returned null
[034月2025 21:07:50.501] [main/INFO] [net.minecraft.world.item.crafting.RecipeManager/]: Skipping loading recipe crockpot:food_values/integration_set/blue_skies/crescent_fruit as it's serializer returned null
[034月2025 21:07:50.503] [main/INFO] [net.minecraft.world.item.crafting.RecipeManager/]: Skipping loading recipe crockpot:food_values/integration_set/meadow/buffalo_meat as it's serializer returned null
[034月2025 21:07:50.508] [main/INFO] [net.minecraft.world.item.crafting.RecipeManager/]: Skipping loading recipe crockpot:food_values/integration_set/silents_mechanisms/salmon_jerky as it's serializer returned null
[034月2025 21:07:50.514] [main/WARN] [quark-zeta/]: Non-existent flag granite being used
[034月2025 21:07:50.516] [main/INFO] [net.minecraft.world.item.crafting.RecipeManager/]: Skipping loading recipe crockpot:food_values/integration_set/vanillacookbook/baked_apple as it's serializer returned null
[034月2025 21:07:50.522] [main/INFO] [net.minecraft.world.item.crafting.RecipeManager/]: Skipping loading recipe crockpot:food_values/integration_set/croptopia/fishmeats-s as it's serializer returned null
[034月2025 21:07:50.545] [main/INFO] [net.minecraft.world.item.crafting.RecipeManager/]: Skipping loading recipe crockpot:food_values/integration_set/upgrade_aquatic/prismarine_rod as it's serializer returned null
[034月2025 21:07:50.547] [main/INFO] [net.minecraft.world.item.crafting.RecipeManager/]: Skipping loading recipe crockpot:food_values/integration_set/bonappetit/scallion as it's serializer returned null
[034月2025 21:07:50.550] [main/WARN] [quark-zeta/]: Non-existent flag calcite being used
[034月2025 21:07:50.553] [main/INFO] [net.minecraft.world.item.crafting.RecipeManager/]: Skipping loading recipe crockpot:food_values/integration_set/pamhc2crops/veggies-s as it's serializer returned null
[034月2025 21:07:50.556] [main/INFO] [net.minecraft.world.item.crafting.RecipeManager/]: Skipping loading recipe crockpot:food_values/integration_set/forbidden_arcanus/tentacle as it's serializer returned null
[034月2025 21:07:50.558] [main/WARN] [quark-zeta/]: Non-existent flag calcite being used
[034月2025 21:07:50.559] [main/INFO] [net.minecraft.world.item.crafting.RecipeManager/]: Skipping loading recipe crockpot:food_values/integration_set/rats/ratfish as it's serializer returned null
[034月2025 21:07:50.561] [main/INFO] [net.minecraft.world.item.crafting.RecipeManager/]: Skipping loading recipe crockpot:food_values/integration_set/watersource/coconut as it's serializer returned null
[034月2025 21:07:50.562] [main/WARN] [quark-zeta/]: Non-existent flag dripstone being used
[034月2025 21:07:50.563] [main/INFO] [net.minecraft.world.item.crafting.RecipeManager/]: Skipping loading recipe crockpot:food_values/integration_set/delightful/meats-s as it's serializer returned null
[034月2025 21:07:50.564] [main/WARN] [quark-zeta/]: Non-existent flag diorite being used
[034月2025 21:07:50.565] [main/INFO] [net.minecraft.world.item.crafting.RecipeManager/]: Skipping loading recipe crockpot:food_values/integration_set/mythicbotany/dream_cherry as it's serializer returned null
[034月2025 21:07:50.566] [main/INFO] [net.minecraft.world.item.crafting.RecipeManager/]: Skipping loading recipe crockpot:food_values/integration_set/nethersdelight/strider_slice as it's serializer returned null
[034月2025 21:07:50.569] [main/INFO] [net.minecraft.world.item.crafting.RecipeManager/]: Skipping loading recipe crockpot:food_values/integration_set/aethersdelight/fried_moa_egg as it's serializer returned null
[034月2025 21:07:50.570] [main/INFO] [net.minecraft.world.item.crafting.RecipeManager/]: Skipping loading recipe crockpot:food_values/integration_set/twilightforest/experiment_115 as it's serializer returned null
[034月2025 21:07:50.573] [main/INFO] [net.minecraft.world.item.crafting.RecipeManager/]: Skipping loading recipe crockpot:food_values/integration_set/alexscaves/mussel as it's serializer returned null
[034月2025 21:07:50.574] [main/INFO] [net.minecraft.world.item.crafting.RecipeManager/]: Skipping loading recipe crockpot:food_values/integration_set/byg/monsterveggies-s as it's serializer returned null
[034月2025 21:07:50.576] [main/INFO] [net.minecraft.world.item.crafting.RecipeManager/]: Skipping loading recipe crockpot:food_values/integration_set/finsandtails/night_light_squid as it's serializer returned null
[034月2025 21:07:50.578] [main/INFO] [net.minecraft.world.item.crafting.RecipeManager/]: Skipping loading recipe crockpot:food_values/integration_set/futurepack/erse as it's serializer returned null
[034月2025 21:07:50.579] [main/INFO] [net.minecraft.world.item.crafting.RecipeManager/]: Skipping loading recipe crockpot:food_values/integration_set/fruitsdelight/fruits as it's serializer returned null
[034月2025 21:07:50.580] [main/WARN] [quark-zeta/]: Non-existent flag andesite being used
[034月2025 21:07:50.586] [main/INFO] [net.minecraft.world.item.crafting.RecipeManager/]: Skipping loading recipe crockpot:food_values/integration_set/twilightforest/meats as it's serializer returned null
[034月2025 21:07:50.590] [main/INFO] [net.minecraft.world.item.crafting.RecipeManager/]: Skipping loading recipe crockpot:food_values/integration_set/biomemakeover/veggies-s as it's serializer returned null
[034月2025 21:07:50.590] [main/WARN] [quark-zeta/]: Non-existent flag diorite being used
[034月2025 21:07:50.593] [main/INFO] [net.minecraft.world.item.crafting.RecipeManager/]: Skipping loading recipe crockpot:food_values/integration_set/aethersdelight/moa as it's serializer returned null
[034月2025 21:07:50.594] [main/INFO] [net.minecraft.world.item.crafting.RecipeManager/]: Skipping loading recipe crockpot:food_values/integration_set/untamedwilds/food_aardvark_cucumber as it's serializer returned null
[034月2025 21:07:50.595] [main/INFO] [net.minecraft.world.item.crafting.RecipeManager/]: Skipping loading recipe crockpot:food_values/integration_set/aether/skyroot_powder_snow_bucket as it's serializer returned null
[034月2025 21:07:50.596] [main/WARN] [quark-zeta/]: Non-existent flag diorite being used
[034月2025 21:07:50.598] [main/INFO] [net.minecraft.world.item.crafting.RecipeManager/]: Skipping loading recipe crockpot:food_values/integration_set/vanillacookbook/cooked_egg as it's serializer returned null
[034月2025 21:07:50.599] [main/WARN] [quark-zeta/]: Non-existent flag dripstone being used
[034月2025 21:07:50.601] [main/WARN] [quark-zeta/]: Non-existent flag diorite being used
[034月2025 21:07:50.606] [main/INFO] [net.minecraft.world.item.crafting.RecipeManager/]: Skipping loading recipe crockpot:parrot_feeding/integration/thermal/onion_seeds as it's serializer returned null
[034月2025 21:07:50.608] [main/INFO] [net.minecraft.world.item.crafting.RecipeManager/]: Skipping loading recipe crockpot:food_values/integration_set/ob_aquamirae/spinefish as it's serializer returned null
[034月2025 21:07:50.609] [main/INFO] [net.minecraft.world.item.crafting.RecipeManager/]: Skipping loading recipe crockpot:food_values/integration_set/nourished_end/stalker_eye as it's serializer returned null
[034月2025 21:07:50.610] [main/INFO] [net.minecraft.world.item.crafting.RecipeManager/]: Skipping loading recipe crockpot:food_values/integration_set/projectvibrantjourneys/juniper_berries as it's serializer returned null
[034月2025 21:07:50.612] [main/INFO] [net.minecraft.world.item.crafting.RecipeManager/]: Skipping loading recipe crockpot:parrot_feeding/integration/sushigocrafting/wasabi_seeds as it's serializer returned null
[034月2025 21:07:50.616] [main/INFO] [net.minecraft.world.item.crafting.RecipeManager/]: Skipping loading recipe crockpot:food_values/integration_set/nethersdelight/propelpearl as it's serializer returned null
[034月2025 21:07:50.620] [main/INFO] [net.minecraft.world.item.crafting.RecipeManager/]: Skipping loading recipe crockpot:food_values/integration_set/netherexp/hogham as it's serializer returned null
[034月2025 21:07:50.622] [main/INFO] [net.minecraft.world.item.crafting.RecipeManager/]: Skipping loading recipe crockpot:food_values/integration_set/upgrade_aquatic/lionfish as it's serializer returned null
[034月2025 21:07:50.623] [main/INFO] [net.minecraft.world.item.crafting.RecipeManager/]: Skipping loading recipe crockpot:food_values/integration_set/regions_unexplored/alpha_dandelion as it's serializer returned null
[034月2025 21:07:50.625] [main/WARN] [quark-zeta/]: Non-existent flag tuff being used
[034月2025 21:07:50.627] [main/INFO] [net.minecraft.world.item.crafting.RecipeManager/]: Skipping loading recipe crockpot:food_values/integration_set/survivalplus/baked_apple as it's serializer returned null
[034月2025 21:07:50.630] [main/INFO] [net.minecraft.world.item.crafting.RecipeManager/]: Skipping loading recipe crockpot:parrot_feeding/integration/thermal/spinach_seeds as it's serializer returned null
[034月2025 21:07:50.636] [main/INFO] [net.minecraft.world.item.crafting.RecipeManager/]: Skipping loading recipe crockpot:food_values/integration_set/sushigocrafting/cucumber as it's serializer returned null
[034月2025 21:07:50.638] [main/INFO] [net.minecraft.world.item.crafting.RecipeManager/]: Skipping loading recipe crockpot:food_values/integration_set/croptopia/bacon as it's serializer returned null
[034月2025 21:07:50.638] [main/INFO] [net.minecraft.world.item.crafting.RecipeManager/]: Skipping loading recipe crockpot:parrot_feeding/integration/hauntedharvest/kernels as it's serializer returned null
[034月2025 21:07:50.639] [main/WARN] [quark-zeta/]: Non-existent flag calcite being used
[034月2025 21:07:50.641] [main/INFO] [net.minecraft.world.item.crafting.RecipeManager/]: Skipping loading recipe crockpot:food_values/integration_set/ecologics/prickly_pear as it's serializer returned null
[034月2025 21:07:50.641] [main/INFO] [net.minecraft.world.item.crafting.RecipeManager/]: Skipping loading recipe crockpot:food_values/integration_set/wildernature/meats-s as it's serializer returned null
[034月2025 21:07:50.644] [main/WARN] [quark-zeta/]: Non-existent flag dripstone being used
[034月2025 21:07:50.644] [main/WARN] [quark-zeta/]: Non-existent flag tuff being used
[034月2025 21:07:50.646] [main/INFO] [net.minecraft.world.item.crafting.RecipeManager/]: Skipping loading recipe crockpot:food_values/integration_set/alexscaves/dinosaur_chop as it's serializer returned null
[034月2025 21:07:50.647] [main/INFO] [net.minecraft.world.item.crafting.RecipeManager/]: Skipping loading recipe crockpot:food_values/integration_set/alexsmobs/cosmic_cod as it's serializer returned null
[034月2025 21:07:50.648] [main/INFO] [net.minecraft.world.item.crafting.RecipeManager/]: Skipping loading recipe crockpot:parrot_feeding/integration/thermal/tomato_seeds as it's serializer returned null
[034月2025 21:07:50.651] [main/INFO] [net.minecraft.world.item.crafting.RecipeManager/]: Skipping loading recipe crockpot:parrot_feeding/integration/blue_skies/pine_fruit_seeds as it's serializer returned null
[034月2025 21:07:50.655] [main/INFO] [net.minecraft.world.item.crafting.RecipeManager/]: Skipping loading recipe crockpot:food_values/integration_set/mynethersdelight/fungus_colony as it's serializer returned null
[034月2025 21:07:50.656] [main/INFO] [net.minecraft.world.item.crafting.RecipeManager/]: Skipping loading recipe crockpot:food_values/integration_set/projectvibrantjourneys/glowcap as it's serializer returned null
[034月2025 21:07:50.657] [main/INFO] [net.minecraft.world.item.crafting.RecipeManager/]: Skipping loading recipe crockpot:food_values/integration_set/farmersplus/meats-s as it's serializer returned null
[034月2025 21:07:50.660] [main/INFO] [net.minecraft.world.item.crafting.RecipeManager/]: Skipping loading recipe crockpot:food_values/integration_set/undergarden/veggies as it's serializer returned null
[034月2025 21:07:50.661] [main/INFO] [net.minecraft.world.item.crafting.RecipeManager/]: Skipping loading recipe crockpot:food_values/integration_set/alexsmobs/fishmeats as it's serializer returned null
[034月2025 21:07:50.662] [main/INFO] [net.minecraft.world.item.crafting.RecipeManager/]: Skipping loading recipe crockpot:food_values/integration_set/blue_skies/winter_leaves as it's serializer returned null
[034月2025 21:07:50.665] [main/WARN] [quark-zeta/]: Non-existent flag tuff being used
[034月2025 21:07:50.669] [main/INFO] [net.minecraft.world.item.crafting.RecipeManager/]: Skipping loading recipe crockpot:parrot_feeding/integration/abnormals/mint_sprout as it's serializer returned null
[034月2025 21:07:50.672] [main/INFO] [net.minecraft.world.item.crafting.RecipeManager/]: Skipping loading recipe crockpot:food_values/integration_set/delightful/fruits as it's serializer returned null
[034月2025 21:07:50.676] [main/INFO] [net.minecraft.world.item.crafting.RecipeManager/]: Skipping loading recipe crockpot:food_values/integration_set/fruitsdelight/durian as it's serializer returned null
[034月2025 21:07:50.677] [main/INFO] [net.minecraft.world.item.crafting.RecipeManager/]: Skipping loading recipe crockpot:food_values/integration_set/unusualfishmod/no-value as it's serializer returned null
[034月2025 21:07:50.678] [main/WARN] [quark-zeta/]: Non-existent flag calcite being used
[034月2025 21:07:50.679] [main/INFO] [net.minecraft.world.item.crafting.RecipeManager/]: Skipping loading recipe crockpot:food_values/integration_set/animalium/piranha_steak as it's serializer returned null
[034月2025 21:07:50.684] [main/INFO] [net.minecraft.world.item.crafting.RecipeManager/]: Skipping loading recipe crockpot:food_values/integration_set/nourished_end/luck_root as it's serializer returned null
[034月2025 21:07:50.685] [main/INFO] [net.minecraft.world.item.crafting.RecipeManager/]: Skipping loading recipe crockpot:food_values/integration_set/farmersplus/boiled_egg as it's serializer returned null
[034月2025 21:07:50.687] [main/WARN] [quark-zeta/]: Non-existent flag calcite being used
[034月2025 21:07:50.687] [main/INFO] [net.minecraft.world.item.crafting.RecipeManager/]: Skipping loading recipe crockpot:food_values/integration_set/biomeswevegone/fruits as it's serializer returned null
[034月2025 21:07:50.688] [main/INFO] [net.minecraft.world.item.crafting.RecipeManager/]: Skipping loading recipe crockpot:food_values/integration_set/food_enhancements/monstermeats as it's serializer returned null
[034月2025 21:07:50.689] [main/WARN] [quark-zeta/]: Non-existent flag tuff being used
[034月2025 21:07:50.690] [main/INFO] [net.minecraft.world.item.crafting.RecipeManager/]: Skipping loading recipe crockpot:food_values/integration_set/abnormals_delight/duck_fillet as it's serializer returned null
[034月2025 21:07:50.691] [main/INFO] [net.minecraft.world.item.crafting.RecipeManager/]: Skipping loading recipe crockpot:food_values/integration_set/hexerei/belladonna_berries as it's serializer returned null
[034月2025 21:07:50.692] [main/INFO] [net.minecraft.world.item.crafting.RecipeManager/]: Skipping loading recipe crockpot:food_values/integration_set/vanillatweaks/friedegg as it's serializer returned null
[034月2025 21:07:50.693] [main/WARN] [quark-zeta/]: Non-existent flag tuff being used
[034月2025 21:07:50.694] [main/INFO] [net.minecraft.world.item.crafting.RecipeManager/]: Skipping loading recipe crockpot:food_values/integration_set/pamhc2foodextended/no-value as it's serializer returned null
[034月2025 21:07:50.699] [main/INFO] [net.minecraft.world.item.crafting.RecipeManager/]: Skipping loading recipe crockpot:food_values/integration_set/born_in_chaos_v1/monstermeat-s as it's serializer returned null
[034月2025 21:07:50.700] [main/INFO] [net.minecraft.world.item.crafting.RecipeManager/]: Skipping loading recipe crockpot:food_values/integration_set/collectorsreap/fruits-s as it's serializer returned null
[034月2025 21:07:50.701] [main/WARN] [quark-zeta/]: Non-existent flag calcite being used
[034月2025 21:07:50.703] [main/INFO] [net.minecraft.world.item.crafting.RecipeManager/]: Skipping loading recipe crockpot:food_values/integration_set/fruitful/baked_apple as it's serializer returned null
[034月2025 21:07:50.704] [main/WARN] [quark-zeta/]: Non-existent flag calcite being used
[034月2025 21:07:50.705] [main/WARN] [quark-zeta/]: Non-existent flag granite being used
[034月2025 21:07:50.706] [main/INFO] [net.minecraft.world.item.crafting.RecipeManager/]: Skipping loading recipe crockpot:food_values/integration_set/mysticalworld/aubergine as it's serializer returned null
[034月2025 21:07:50.707] [main/INFO] [net.minecraft.world.item.crafting.RecipeManager/]: Skipping loading recipe crockpot:food_values/integration_set/survivalplus/veggies as it's serializer returned null
[034月2025 21:07:50.708] [main/INFO] [net.minecraft.world.item.crafting.RecipeManager/]: Skipping loading recipe crockpot:food_values/integration_set/aether_redux/zanberry as it's serializer returned null
[034月2025 21:07:50.710] [main/INFO] [net.minecraft.world.item.crafting.RecipeManager/]: Skipping loading recipe crockpot:food_values/integration_set/culturaldelights/squid as it's serializer returned null
[034月2025 21:07:50.710] [main/INFO] [net.minecraft.world.item.crafting.RecipeManager/]: Skipping loading recipe crockpot:food_values/integration_set/darkerdepths/glowshroom as it's serializer returned null
[034月2025 21:07:50.711] [main/INFO] [net.minecraft.world.item.crafting.RecipeManager/]: Skipping loading recipe crockpot:food_values/integration_set/betterdefaultbiomes/frog_leg as it's serializer returned null
[034月2025 21:07:50.714] [main/INFO] [net.minecraft.world.item.crafting.RecipeManager/]: Skipping loading recipe crockpot:food_values/integration_set/unusualprehistory/austro as it's serializer returned null
[034月2025 21:07:50.715] [main/INFO] [net.minecraft.world.item.crafting.RecipeManager/]: Skipping loading recipe crockpot:parrot_feeding/integration/sushigocrafting/rice_seeds as it's serializer returned null
[034月2025 21:07:50.716] [main/INFO] [net.minecraft.world.item.crafting.RecipeManager/]: Skipping loading recipe crockpot:food_values/integration_set/alexsmobs/banana as it's serializer returned null
[034月2025 21:07:50.717] [main/WARN] [quark-zeta/]: Non-existent flag dripstone being used
[034月2025 21:07:50.720] [main/INFO] [net.minecraft.world.item.crafting.RecipeManager/]: Skipping loading recipe crockpot:food_values/integration_set/dropthemeat/fishes as it's serializer returned null
[034月2025 21:07:50.721] [main/INFO] [net.minecraft.world.item.crafting.RecipeManager/]: Skipping loading recipe crockpot:food_values/integration_set/enhanced_mushrooms/roasted_mushrooms as it's serializer returned null
[034月2025 21:07:50.723] [main/INFO] [net.minecraft.world.item.crafting.RecipeManager/]: Skipping loading recipe crockpot:food_values/integration_set/croptopia/veggies as it's serializer returned null
[034月2025 21:07:50.724] [main/INFO] [net.minecraft.world.item.crafting.RecipeManager/]: Skipping loading recipe crockpot:food_values/integration_set/veggie_way/no-value as it's serializer returned null
[034月2025 21:07:50.726] [main/INFO] [net.minecraft.world.item.crafting.RecipeManager/]: Skipping loading recipe crockpot:food_values/integration_set/snowpig/frozen_ham as it's serializer returned null
[034月2025 21:07:50.728] [main/INFO] [net.minecraft.world.item.crafting.RecipeManager/]: Skipping loading recipe crockpot:food_values/integration_set/vanillafoodpantry/bear as it's serializer returned null
[034月2025 21:07:50.733] [main/INFO] [net.minecraft.world.item.crafting.RecipeManager/]: Skipping loading recipe crockpot:parrot_feeding/integration/abnormals/glow_berry_pips as it's serializer returned null
[034月2025 21:07:50.734] [main/INFO] [net.minecraft.world.item.crafting.RecipeManager/]: Skipping loading recipe crockpot:food_values/integration_set/ends_delight/veggies-s as it's serializer returned null
[034月2025 21:07:50.736] [main/INFO] [net.minecraft.world.item.crafting.RecipeManager/]: Skipping loading recipe crockpot:food_values/integration_set/vanillafoodpantry/crystalized_honey as it's serializer returned null
[034月2025 21:07:50.737] [main/INFO] [net.minecraft.world.item.crafting.RecipeManager/]: Skipping loading recipe crockpot:food_values/integration_set/betteranimalsplus/fishmeats-s as it's serializer returned null
[034月2025 21:07:50.738] [main/INFO] [net.minecraft.world.item.crafting.RecipeManager/]: Skipping loading recipe crockpot:food_values/integration_set/endergetic/bolloom_fruit as it's serializer returned null
[034月2025 21:07:50.739] [main/INFO] [net.minecraft.world.item.crafting.RecipeManager/]: Skipping loading recipe crockpot:parrot_feeding/integration/thermal/peanut_seeds as it's serializer returned null
[034月2025 21:07:50.742] [main/INFO] [net.minecraft.world.item.crafting.RecipeManager/]: Skipping loading recipe crockpot:parrot_feeding/integration/thermal/corn_seeds as it's serializer returned null
[034月2025 21:07:50.745] [main/INFO] [net.minecraft.world.item.crafting.RecipeManager/]: Skipping loading recipe crockpot:food_values/integration_set/lightmeals/fishes-s as it's serializer returned null
[034月2025 21:07:50.746] [main/INFO] [net.minecraft.world.item.crafting.RecipeManager/]: Skipping loading recipe crockpot:food_values/integration_set/vanillacookbook/cooked_sniffer_egg as it's serializer returned null
[034月2025 21:07:50.747] [main/INFO] [net.minecraft.world.item.crafting.RecipeManager/]: Skipping loading recipe crockpot:food_values/integration_set/abnormals_delight/venison_shanks as it's serializer returned null
[034月2025 21:07:50.750] [main/WARN] [quark-zeta/]: Non-existent flag andesite being used
[034月2025 21:07:50.752] [main/INFO] [net.minecraft.world.item.crafting.RecipeManager/]: Skipping loading recipe crockpot:food_values/integration_set/twilightforest/torchberries as it's serializer returned null
[034月2025 21:07:50.754] [main/INFO] [net.minecraft.world.item.crafting.RecipeManager/]: Skipping loading recipe crockpot:parrot_feeding/integration/thermal/amaranth_seeds as it's serializer returned null
[034月2025 21:07:50.755] [main/INFO] [net.minecraft.world.item.crafting.RecipeManager/]: Skipping loading recipe crockpot:food_values/integration_set/untitledduckmod/goose as it's serializer returned null
[034月2025 21:07:50.760] [main/WARN] [quark-zeta/]: Non-existent flag andesite being used
[034月2025 21:07:50.762] [main/INFO] [net.minecraft.world.item.crafting.RecipeManager/]: Skipping loading recipe crockpot:food_values/integration_set/outer_end/azure_berries as it's serializer returned null
[034月2025 21:07:50.767] [main/WARN] [quark-zeta/]: Non-existent flag dripstone being used
[034月2025 21:07:50.769] [main/INFO] [net.minecraft.world.item.crafting.RecipeManager/]: Skipping loading recipe crockpot:food_values/integration_set/collectorsreap/urchin as it's serializer returned null
[034月2025 21:07:50.770] [main/WARN] [quark-zeta/]: Non-existent flag tuff being used
[034月2025 21:07:50.771] [main/INFO] [net.minecraft.world.item.crafting.RecipeManager/]: Skipping loading recipe crockpot:food_values/integration_set/alexsmobs/kangaroo_meat as it's serializer returned null
[034月2025 21:07:50.777] [main/INFO] [net.minecraft.world.item.crafting.RecipeManager/]: Skipping loading recipe crockpot:food_values/integration_set/mynethersdelight/boiled_egg as it's serializer returned null
[034月2025 21:07:50.784] [main/INFO] [net.minecraft.world.item.crafting.RecipeManager/]: Skipping loading recipe crockpot:food_values/integration_set/autumnity/turkey as it's serializer returned null
[034月2025 21:07:50.787] [main/INFO] [net.minecraft.world.item.crafting.RecipeManager/]: Skipping loading recipe crockpot:food_values/integration_set/grimoireofgaia/rotten_heart as it's serializer returned null
[034月2025 21:07:50.788] [main/WARN] [quark-zeta/]: Non-existent flag tuff being used
[034月2025 21:07:50.789] [main/INFO] [net.minecraft.world.item.crafting.RecipeManager/]: Skipping loading recipe crockpot:food_values/integration_set/phantasm/pream_berry as it's serializer returned null
[034月2025 21:07:50.792] [main/WARN] [quark-zeta/]: Non-existent flag dripstone being used
[034月2025 21:07:50.793] [main/WARN] [quark-zeta/]: Non-existent flag calcite being used
[034月2025 21:07:50.795] [main/INFO] [net.minecraft.world.item.crafting.RecipeManager/]: Skipping loading recipe crockpot:food_values/integration_set/dropthemeat/meats-s as it's serializer returned null
[034月2025 21:07:50.796] [main/WARN] [quark-zeta/]: Non-existent flag calcite being used
[034月2025 21:07:50.802] [main/WARN] [quark-zeta/]: Non-existent flag granite being used
[034月2025 21:07:50.805] [main/INFO] [net.minecraft.world.item.crafting.RecipeManager/]: Skipping loading recipe crockpot:food_values/integration_set/biomeswevegone/oddion_bulb as it's serializer returned null
[034月2025 21:07:50.808] [main/INFO] [net.minecraft.world.item.crafting.RecipeManager/]: Skipping loading recipe crockpot:food_values/integration_set/iceandfire/ice_dragon_flesh as it's serializer returned null
[034月2025 21:07:50.810] [main/WARN] [quark-zeta/]: Non-existent flag dripstone being used
[034月2025 21:07:50.813] [main/INFO] [net.minecraft.world.item.crafting.RecipeManager/]: Skipping loading recipe crockpot:food_values/integration_set/unnamedanimalmod/fried_prairie_chicken_egg as it's serializer returned null
[034月2025 21:07:50.814] [main/INFO] [net.minecraft.world.item.crafting.RecipeManager/]: Skipping loading recipe crockpot:parrot_feeding/integration/thermal/tea_seeds as it's serializer returned null
[034月2025 21:07:50.819] [main/INFO] [net.minecraft.world.item.crafting.RecipeManager/]: Skipping loading recipe crockpot:food_values/integration_set/pandoras_creatures/seahorse as it's serializer returned null
[034月2025 21:07:50.821] [main/INFO] [net.minecraft.world.item.crafting.RecipeManager/]: Skipping loading recipe crockpot:food_values/integration_set/finsandtails/fishmeats-s as it's serializer returned null
[034月2025 21:07:50.824] [main/WARN] [quark-zeta/]: Non-existent flag granite being used
[034月2025 21:07:50.828] [main/INFO] [net.minecraft.world.item.crafting.RecipeManager/]: Skipping loading recipe crockpot:food_values/integration_set/betterend/cave_pumpkin as it's serializer returned null
[034月2025 21:07:50.832] [main/INFO] [net.minecraft.world.item.crafting.RecipeManager/]: Skipping loading recipe crockpot:food_values/integration_set/finsandtails/fishmeats-l as it's serializer returned null
[034月2025 21:07:50.843] [main/WARN] [quark-zeta/]: Non-existent flag andesite being used
[034月2025 21:07:50.845] [main/INFO] [net.minecraft.world.item.crafting.RecipeManager/]: Skipping loading recipe crockpot:food_values/integration_set/braziliandelight/fruits as it's serializer returned null
[034月2025 21:07:50.846] [main/INFO] [net.minecraft.world.item.crafting.RecipeManager/]: Skipping loading recipe crockpot:food_values/integration_set/lightmeals/cooked_turtle_egg as it's serializer returned null
[034月2025 21:07:50.848] [main/INFO] [net.minecraft.world.item.crafting.RecipeManager/]: Skipping loading recipe crockpot:food_values/integration_set/collectorsreap/baked_portobello_cap as it's serializer returned null
[034月2025 21:07:50.850] [main/INFO] [net.minecraft.world.item.crafting.RecipeManager/]: Skipping loading recipe crockpot:food_values/integration_set/croptopia/fishes as it's serializer returned null
[034月2025 21:07:50.864] [main/INFO] [net.minecraft.world.item.crafting.RecipeManager/]: Skipping loading recipe crockpot:food_values/integration_set/deep_aether/aerglow_fish as it's serializer returned null
[034月2025 21:07:50.867] [main/INFO] [net.minecraft.world.item.crafting.RecipeManager/]: Skipping loading recipe crockpot:food_values/integration_set/nourished_end/starfruit as it's serializer returned null
[034月2025 21:07:50.869] [main/WARN] [quark-zeta/]: Non-existent flag tuff being used
[034月2025 21:07:50.871] [main/INFO] [net.minecraft.world.item.crafting.RecipeManager/]: Skipping loading recipe crockpot:food_values/integration_set/terraincognita/roots as it's serializer returned null
[034月2025 21:07:50.875] [main/WARN] [quark-zeta/]: Non-existent flag dripstone being used
[034月2025 21:07:50.878] [main/INFO] [net.minecraft.world.item.crafting.RecipeManager/]: Skipping loading recipe crockpot:parrot_feeding/integration/abnormals/strawberry_pips_2 as it's serializer returned null
[034月2025 21:07:50.883] [main/INFO] [net.minecraft.world.item.crafting.RecipeManager/]: Skipping loading recipe crockpot:parrot_feeding/integration/abnormals/strawberry_pips_1 as it's serializer returned null
[034月2025 21:07:50.885] [main/INFO] [net.minecraft.world.item.crafting.RecipeManager/]: Skipping loading recipe crockpot:food_values/integration_set/thermal/veggies as it's serializer returned null
[034月2025 21:07:50.892] [main/INFO] [net.minecraft.world.item.crafting.RecipeManager/]: Skipping loading recipe crockpot:food_values/integration_set/croptopia/sea_lettuce as it's serializer returned null
[034月2025 21:07:50.894] [main/WARN] [quark-zeta/]: Non-existent flag tuff being used
[034月2025 21:07:50.910] [main/INFO] [net.minecraft.world.item.crafting.RecipeManager/]: Skipping loading recipe crockpot:food_values/integration_set/dropthemeat/monstermeat-s as it's serializer returned null
[034月2025 21:07:50.911] [main/INFO] [net.minecraft.world.item.crafting.RecipeManager/]: Skipping loading recipe crockpot:food_values/integration_set/nethersdelight/hoglin_ear as it's serializer returned null
[034月2025 21:07:50.913] [main/INFO] [net.minecraft.world.item.crafting.RecipeManager/]: Skipping loading recipe crockpot:food_values/integration_set/croptopia/frog_legs as it's serializer returned null
[034月2025 21:07:50.917] [main/WARN] [quark-zeta/]: Non-existent flag calcite being used
[034月2025 21:07:50.922] [main/INFO] [net.minecraft.world.item.crafting.RecipeManager/]: Skipping loading recipe crockpot:parrot_feeding/integration/thermal/bell_pepper_seeds as it's serializer returned null
[034月2025 21:07:50.924] [main/WARN] [quark-zeta/]: Non-existent flag tuff being used
[034月2025 21:07:50.925] [main/INFO] [net.minecraft.world.item.crafting.RecipeManager/]: Skipping loading recipe crockpot:food_values/integration_set/alexscaves/sea_pig as it's serializer returned null
[034月2025 21:07:50.926] [main/INFO] [net.minecraft.world.item.crafting.RecipeManager/]: Skipping loading recipe crockpot:food_values/integration_set/iceandfire/hippogryph_egg as it's serializer returned null
[034月2025 21:07:50.928] [main/WARN] [quark-zeta/]: Non-existent flag tuff being used
[034月2025 21:07:50.929] [main/WARN] [quark-zeta/]: Non-existent flag dripstone being used
[034月2025 21:07:50.930] [main/INFO] [net.minecraft.world.item.crafting.RecipeManager/]: Skipping loading recipe crockpot:food_values/integration_set/insatiable/game_meat as it's serializer returned null
[034月2025 21:07:50.932] [main/INFO] [net.minecraft.world.item.crafting.RecipeManager/]: Skipping loading recipe crockpot:food_values/integration_set/dropthemeat/fishmeats-s as it's serializer returned null
[034月2025 21:07:50.933] [main/INFO] [net.minecraft.world.item.crafting.RecipeManager/]: Skipping loading recipe crockpot:food_values/integration_set/upgrade_aquatic/pickerelweed as it's serializer returned null
[034月2025 21:07:50.939] [main/INFO] [net.minecraft.world.item.crafting.RecipeManager/]: Skipping loading recipe crockpot:food_values/integration_set/neapolitan/strawberries as it's serializer returned null
[034月2025 21:07:50.940] [main/INFO] [net.minecraft.world.item.crafting.RecipeManager/]: Skipping loading recipe crockpot:food_values/integration_set/veggie_way/fried_egg as it's serializer returned null
[034月2025 21:07:50.943] [main/INFO] [net.minecraft.world.item.crafting.RecipeManager/]: Skipping loading recipe crockpot:food_values/integration_set/foodexpansion/cooked_mushroom as it's serializer returned null
[034月2025 21:07:50.945] [main/INFO] [net.minecraft.world.item.crafting.RecipeManager/]: Skipping loading recipe crockpot:food_values/integration_set/betterdefaultbiomes/frozen_flesh as it's serializer returned null
[034月2025 21:07:50.962] [main/WARN] [quark-zeta/]: Non-existent flag diorite being used
[034月2025 21:07:50.965] [main/WARN] [quark-zeta/]: Non-existent flag andesite being used
[034月2025 21:07:50.968] [main/INFO] [net.minecraft.world.item.crafting.RecipeManager/]: Skipping loading recipe crockpot:food_values/integration_set/dropthemeat/fishmeats-l as it's serializer returned null
[034月2025 21:07:50.971] [main/INFO] [net.minecraft.world.item.crafting.RecipeManager/]: Skipping loading recipe crockpot:food_values/integration_set/endreborn/ogana as it's serializer returned null
[034月2025 21:07:50.972] [main/INFO] [net.minecraft.world.item.crafting.RecipeManager/]: Skipping loading recipe crockpot:parrot_feeding/integration/thermal/coffee_seeds as it's serializer returned null
[034月2025 21:07:50.976] [main/WARN] [quark-zeta/]: Non-existent flag tuff being used
[034月2025 21:07:50.978] [main/INFO] [net.minecraft.world.item.crafting.RecipeManager/]: Skipping loading recipe crockpot:food_values/integration_set/foodexpansion/bat_wing as it's serializer returned null
[034月2025 21:07:50.982] [main/INFO] [net.minecraft.world.item.crafting.RecipeManager/]: Skipping loading recipe crockpot:food_values/integration_set/njs/cooked_tropical_fish as it's serializer returned null
[034月2025 21:07:50.984] [main/INFO] [net.minecraft.world.item.crafting.RecipeManager/]: Skipping loading recipe crockpot:food_values/integration_set/regions_unexplored/duskmelon_slice as it's serializer returned null
[034月2025 21:07:50.986] [main/INFO] [net.minecraft.world.item.crafting.RecipeManager/]: Skipping loading recipe crockpot:food_values/integration_set/forbidden_arcanus/cherry_peach as it's serializer returned null
[034月2025 21:07:50.989] [main/INFO] [net.minecraft.world.item.crafting.RecipeManager/]: Skipping loading recipe crockpot:food_values/integration_set/wyrmroost/apex_meat as it's serializer returned null
[034月2025 21:07:50.990] [main/INFO] [net.minecraft.world.item.crafting.RecipeManager/]: Skipping loading recipe crockpot:food_values/integration_set/untamedwilds/food_pachyderm as it's serializer returned null
[034月2025 21:07:50.991] [main/INFO] [net.minecraft.world.item.crafting.RecipeManager/]: Skipping loading recipe crockpot:food_values/integration_set/untitledduckmod/duck as it's serializer returned null
[034月2025 21:07:50.992] [main/WARN] [quark-zeta/]: Non-existent flag dripstone being used
[034月2025 21:07:50.993] [main/INFO] [net.minecraft.world.item.crafting.RecipeManager/]: Skipping loading recipe crockpot:food_values/integration_set/autumnity/foul_berries as it's serializer returned null
[034月2025 21:07:50.993] [main/INFO] [net.minecraft.world.item.crafting.RecipeManager/]: Skipping loading recipe crockpot:food_values/integration_set/ends_delight/shulker_meat as it's serializer returned null
[034月2025 21:07:50.995] [main/INFO] [net.minecraft.world.item.crafting.RecipeManager/]: Skipping loading recipe crockpot:food_values/integration_set/mysticalworld/squid as it's serializer returned null
[034月2025 21:07:51.002] [main/INFO] [net.minecraft.world.item.crafting.RecipeManager/]: Skipping loading recipe crockpot:food_values/integration_set/unusualprehistory/coty as it's serializer returned null
[034月2025 21:07:51.003] [main/WARN] [quark-zeta/]: Non-existent flag diorite being used
[034月2025 21:07:51.004] [main/INFO] [net.minecraft.world.item.crafting.RecipeManager/]: Skipping loading recipe crockpot:food_values/integration_set/simplefarming/cooked_egg as it's serializer returned null
[034月2025 21:07:51.005] [main/INFO] [net.minecraft.world.item.crafting.RecipeManager/]: Skipping loading recipe crockpot:food_values/integration_set/lightmeals/meats-s as it's serializer returned null
[034月2025 21:07:51.005] [main/INFO] [net.minecraft.world.item.crafting.RecipeManager/]: Skipping loading recipe crockpot:food_values/integration_set/additionaladditions/fried_egg as it's serializer returned null
[034月2025 21:07:51.006] [main/INFO] [net.minecraft.world.item.crafting.RecipeManager/]: Skipping loading recipe crockpot:food_values/integration_set/twilightforest/mushgloom as it's serializer returned null
[034月2025 21:07:51.008] [main/WARN] [quark-zeta/]: Non-existent flag dripstone being used
[034月2025 21:07:51.008] [main/INFO] [net.minecraft.world.item.crafting.RecipeManager/]: Skipping loading recipe crockpot:food_values/integration_set/vanillafoodpantry/no-value as it's serializer returned null
[034月2025 21:07:51.010] [main/INFO] [net.minecraft.world.item.crafting.RecipeManager/]: Skipping loading recipe crockpot:food_values/integration_set/foodexpansion/squid as it's serializer returned null
[034月2025 21:07:51.010] [main/INFO] [net.minecraft.world.item.crafting.RecipeManager/]: Skipping loading recipe crockpot:food_values/integration_set/unusualfishmod/fishmeats-l as it's serializer returned null
[034月2025 21:07:51.014] [main/WARN] [quark-zeta/]: Non-existent flag andesite being used
[034月2025 21:07:51.016] [main/WARN] [quark-zeta/]: Non-existent flag calcite being used
[034月2025 21:07:51.017] [main/WARN] [quark-zeta/]: Non-existent flag dripstone being used
[034月2025 21:07:51.020] [main/INFO] [net.minecraft.world.item.crafting.RecipeManager/]: Skipping loading recipe crockpot:food_values/integration_set/vanillafoodpantry/phantom_meat as it's serializer returned null
[034月2025 21:07:51.022] [main/INFO] [net.minecraft.world.item.crafting.RecipeManager/]: Skipping loading recipe crockpot:food_values/integration_set/collectorsreap/platinum_bass as it's serializer returned null
[034月2025 21:07:51.024] [main/INFO] [net.minecraft.world.item.crafting.RecipeManager/]: Skipping loading recipe crockpot:food_values/integration_set/iceandfire/meats as it's serializer returned null
[034月2025 21:07:51.025] [main/INFO] [net.minecraft.world.item.crafting.RecipeManager/]: Skipping loading recipe crockpot:food_values/integration_set/deep_aether/quail as it's serializer returned null
[034月2025 21:07:51.027] [main/INFO] [net.minecraft.world.item.crafting.RecipeManager/]: Skipping loading recipe crockpot:food_values/integration_set/aether/skyroot_milk_bucket as it's serializer returned null
[034月2025 21:07:51.028] [main/WARN] [quark-zeta/]: Non-existent flag diorite being used
[034月2025 21:07:51.033] [main/INFO] [net.minecraft.world.item.crafting.RecipeManager/]: Skipping loading recipe crockpot:crock_pot_cooking/integration/turkey_dinner_with_autumnity_turkey_piece as it's serializer returned null
[034月2025 21:07:51.049] [main/WARN] [quark-zeta/]: Non-existent flag granite being used
[034月2025 21:07:51.054] [main/INFO] [net.minecraft.world.item.crafting.RecipeManager/]: Skipping loading recipe crockpot:food_values/integration_set/environmental/duck as it's serializer returned null
[034月2025 21:07:51.057] [main/INFO] [net.minecraft.world.item.crafting.RecipeManager/]: Skipping loading recipe crockpot:food_values/integration_set/neapolitan/banana_bundle as it's serializer returned null
[034月2025 21:07:51.059] [main/INFO] [net.minecraft.world.item.crafting.RecipeManager/]: Skipping loading recipe crockpot:food_values/integration_set/croptopia/calamari as it's serializer returned null
[034月2025 21:07:51.063] [main/INFO] [net.minecraft.world.item.crafting.RecipeManager/]: Skipping loading recipe crockpot:food_values/integration_set/xlfoodmod/fried_egg as it's serializer returned null
[034月2025 21:07:51.064] [main/WARN] [quark-zeta/]: Non-existent flag calcite being used
[034月2025 21:07:51.068] [main/INFO] [net.minecraft.world.item.crafting.RecipeManager/]: Skipping loading recipe crockpot:food_values/integration_set/blue_skies/ventium_milk_bucket as it's serializer returned null
[034月2025 21:07:51.069] [main/INFO] [net.minecraft.world.item.crafting.RecipeManager/]: Skipping loading recipe crockpot:food_values/integration_set/mynethersdelight/hoglin_sausage as it's serializer returned null
[034月2025 21:07:51.070] [main/INFO] [net.minecraft.world.item.crafting.RecipeManager/]: Skipping loading recipe crockpot:food_values/integration_set/seasonals/roasted_pumpkin as it's serializer returned null
[034月2025 21:07:51.072] [main/INFO] [net.minecraft.world.item.crafting.RecipeManager/]: Skipping loading recipe crockpot:food_values/integration_set/deep_aether/quail_egg as it's serializer returned null
[034月2025 21:07:51.073] [main/WARN] [quark-zeta/]: Non-existent flag tuff being used
[034月2025 21:07:51.073] [main/INFO] [net.minecraft.world.item.crafting.RecipeManager/]: Skipping loading recipe crockpot:food_values/integration_set/foodexpansion/meats-s as it's serializer returned null
[034月2025 21:07:51.075] [main/INFO] [net.minecraft.world.item.crafting.RecipeManager/]: Skipping loading recipe crockpot:food_values/integration_set/farm_and_charm/chicken_parts as it's serializer returned null
[034月2025 21:07:51.076] [main/INFO] [net.minecraft.world.item.crafting.RecipeManager/]: Skipping loading recipe crockpot:food_values/integration_set/alexscaves/dinosaur_nugget as it's serializer returned null
[034月2025 21:07:51.079] [main/WARN] [quark-zeta/]: Non-existent flag calcite being used
[034月2025 21:07:51.080] [main/WARN] [quark-zeta/]: Non-existent flag andesite being used
[034月2025 21:07:51.081] [main/INFO] [net.minecraft.world.item.crafting.RecipeManager/]: Skipping loading recipe crockpot:food_values/integration_set/pamhc2crops/no-value as it's serializer returned null
[034月2025 21:07:51.084] [main/INFO] [net.minecraft.world.item.crafting.RecipeManager/]: Skipping loading recipe crockpot:food_values/integration_set/biomemakeover/bat_wing as it's serializer returned null
[034月2025 21:07:51.085] [main/INFO] [net.minecraft.world.item.crafting.RecipeManager/]: Skipping loading recipe crockpot:food_values/integration_set/inspirations/heartbeet as it's serializer returned null
[034月2025 21:07:51.086] [main/INFO] [net.minecraft.world.item.crafting.RecipeManager/]: Skipping loading recipe crockpot:food_values/integration_set/alexscaves/lanternfish as it's serializer returned null
[034月2025 21:07:51.087] [main/INFO] [net.minecraft.world.item.crafting.RecipeManager/]: Skipping loading recipe crockpot:food_values/integration_set/biomemakeover/bulbus_root as it's serializer returned null
[034月2025 21:07:51.088] [main/WARN] [quark-zeta/]: Non-existent flag diorite being used
[034月2025 21:07:51.089] [main/INFO] [net.minecraft.world.item.crafting.RecipeManager/]: Skipping loading recipe crockpot:food_values/integration_set/rankine/no-value as it's serializer returned null
[034月2025 21:07:51.090] [main/INFO] [net.minecraft.world.item.crafting.RecipeManager/]: Skipping loading recipe crockpot:food_values/integration_set/foodexpansion/cactus_fruit as it's serializer returned null
[034月2025 21:07:51.091] [main/INFO] [net.minecraft.world.item.crafting.RecipeManager/]: Skipping loading recipe crockpot:food_values/integration_set/upgrade_aquatic/pike as it's serializer returned null
[034月2025 21:07:51.092] [main/INFO] [net.minecraft.world.item.crafting.RecipeManager/]: Skipping loading recipe crockpot:food_values/integration_set/twilightdelight/experiment_113 as it's serializer returned null
[034月2025 21:07:51.095] [main/INFO] [net.minecraft.world.item.crafting.RecipeManager/]: Skipping loading recipe crockpot:food_values/integration_set/wyrmroost/common_meat as it's serializer returned null
[034月2025 21:07:51.097] [main/INFO] [net.minecraft.world.item.crafting.RecipeManager/]: Skipping loading recipe crockpot:food_values/integration_set/collectorsreap/portobello_colony as it's serializer returned null
[034月2025 21:07:51.097] [main/INFO] [net.minecraft.world.item.crafting.RecipeManager/]: Skipping loading recipe crockpot:food_values/integration_set/iceandfire/deathworm_egg_giant as it's serializer returned null
[034月2025 21:07:51.098] [main/INFO] [net.minecraft.world.item.crafting.RecipeManager/]: Skipping loading recipe crockpot:food_values/integration_set/twilightdelight/experiment_110 as it's serializer returned null
[034月2025 21:07:51.099] [main/INFO] [net.minecraft.world.item.crafting.RecipeManager/]: Skipping loading recipe crockpot:food_values/integration_set/food_enhancements/fried_egg as it's serializer returned null
[034月2025 21:07:51.101] [main/INFO] [net.minecraft.world.item.crafting.RecipeManager/]: Skipping loading recipe crockpot:food_values/integration_set/upgrade_aquatic/mulberry as it's serializer returned null
[034月2025 21:07:51.102] [main/INFO] [net.minecraft.world.item.crafting.RecipeManager/]: Skipping loading recipe crockpot:food_values/integration_set/forbidden_arcanus/bat_wing as it's serializer returned null
[034月2025 21:07:51.103] [main/WARN] [quark-zeta/]: Non-existent flag tuff being used
[034月2025 21:07:51.104] [main/WARN] [quark-zeta/]: Non-existent flag tuff being used
[034月2025 21:07:51.104] [main/INFO] [net.minecraft.world.item.crafting.RecipeManager/]: Skipping loading recipe crockpot:food_values/integration_set/lightmeals/meats as it's serializer returned null
[034月2025 21:07:51.106] [main/WARN] [quark-zeta/]: Non-existent flag andesite being used
[034月2025 21:07:51.107] [main/INFO] [net.minecraft.world.item.crafting.RecipeManager/]: Skipping loading recipe crockpot:food_values/integration_set/miners_delight/bat_wing as it's serializer returned null
[034月2025 21:07:51.109] [main/WARN] [quark-zeta/]: Non-existent flag dripstone being used
[034月2025 21:07:51.112] [main/WARN] [quark-zeta/]: Non-existent flag andesite being used
[034月2025 21:07:51.112] [main/WARN] [quark-zeta/]: Non-existent flag calcite being used
[034月2025 21:07:51.113] [main/INFO] [net.minecraft.world.item.crafting.RecipeManager/]: Skipping loading recipe crockpot:food_values/integration_set/greekfantasy/pomegranate as it's serializer returned null
[034月2025 21:07:51.114] [main/WARN] [quark-zeta/]: Non-existent flag dripstone being used
[034月2025 21:07:51.115] [main/INFO] [net.minecraft.world.item.crafting.RecipeManager/]: Skipping loading recipe crockpot:food_values/integration_set/bayou_blues/gooseberries as it's serializer returned null
[034月2025 21:07:51.116] [main/INFO] [net.minecraft.world.item.crafting.RecipeManager/]: Skipping loading recipe crockpot:food_values/integration_set/terraincognita/fiddlehead as it's serializer returned null
[034月2025 21:07:51.117] [main/INFO] [net.minecraft.world.item.crafting.RecipeManager/]: Skipping loading recipe crockpot:food_values/integration_set/mynethersdelight/strider_slice as it's serializer returned null
[034月2025 21:07:51.118] [main/INFO] [net.minecraft.world.item.crafting.RecipeManager/]: Skipping loading recipe crockpot:food_values/integration_set/lightmeals/egg as it's serializer returned null
[034月2025 21:07:51.119] [main/INFO] [net.minecraft.world.item.crafting.RecipeManager/]: Skipping loading recipe crockpot:food_values/integration_set/animalium/rat_meat as it's serializer returned null
[034月2025 21:07:51.120] [main/INFO] [net.minecraft.world.item.crafting.RecipeManager/]: Skipping loading recipe crockpot:food_values/integration_set/unnamedanimalmod/frog_legs as it's serializer returned null
[034月2025 21:07:51.123] [main/INFO] [net.minecraft.world.item.crafting.RecipeManager/]: Skipping loading recipe crockpot:food_values/integration_set/biomeswevegone/blueberries as it's serializer returned null
[034月2025 21:07:51.127] [main/INFO] [net.minecraft.world.item.crafting.RecipeManager/]: Skipping loading recipe crockpot:food_values/integration_set/alexsmobs/blobfish as it's serializer returned null
[034月2025 21:07:51.131] [main/INFO] [net.minecraft.world.item.crafting.RecipeManager/]: Skipping loading recipe crockpot:food_values/integration_set/nature_expansion/sloeberries as it's serializer returned null
[034月2025 21:07:51.132] [main/INFO] [net.minecraft.world.item.crafting.RecipeManager/]: Skipping loading recipe crockpot:food_values/integration_set/ends_delight/dragon_meat as it's serializer returned null
[034月2025 21:07:51.134] [main/INFO] [net.minecraft.world.item.crafting.RecipeManager/]: Skipping loading recipe crockpot:food_values/integration_set/rankine/coconut as it's serializer returned null
[034月2025 21:07:51.136] [main/INFO] [net.minecraft.world.item.crafting.RecipeManager/]: Skipping loading recipe crockpot:food_values/integration_set/environmental/venison as it's serializer returned null
[034月2025 21:07:51.139] [main/INFO] [net.minecraft.world.item.crafting.RecipeManager/]: Skipping loading recipe crockpot:food_values/integration_set/grimoireofgaia/meat as it's serializer returned null
[034月2025 21:07:51.139] [main/INFO] [net.minecraft.world.item.crafting.RecipeManager/]: Skipping loading recipe crockpot:food_values/integration_set/mysticalworld/cooked_beetroot as it's serializer returned null
[034月2025 21:07:51.141] [main/WARN] [quark-zeta/]: Non-existent flag tuff being used
[034月2025 21:07:51.143] [main/WARN] [quark-zeta/]: Non-existent flag dripstone being used
[034月2025 21:07:51.144] [main/INFO] [net.minecraft.world.item.crafting.RecipeManager/]: Skipping loading recipe crockpot:food_values/integration_set/simplefarming/veggies as it's serializer returned null
[034月2025 21:07:51.144] [main/INFO] [net.minecraft.world.item.crafting.RecipeManager/]: Skipping loading recipe crockpot:food_values/integration_set/neapolitan/banana as it's serializer returned null
[034月2025 21:07:51.148] [main/INFO] [net.minecraft.world.item.crafting.RecipeManager/]: Skipping loading recipe crockpot:food_values/integration_set/habitat/fairy_ring_mushroom as it's serializer returned null
[034月2025 21:07:51.149] [main/INFO] [net.minecraft.world.item.crafting.RecipeManager/]: Skipping loading recipe crockpot:food_values/integration_set/braziliandelight/veggies as it's serializer returned null
[034月2025 21:07:51.150] [main/INFO] [net.minecraft.world.item.crafting.RecipeManager/]: Skipping loading recipe crockpot:food_values/integration_set/regions_unexplored/salmonberry as it's serializer returned null
[034月2025 21:07:51.151] [main/INFO] [net.minecraft.world.item.crafting.RecipeManager/]: Skipping loading recipe crockpot:food_values/integration_set/pamhc2foodcore/eggs as it's serializer returned null
[034月2025 21:07:51.153] [main/WARN] [quark-zeta/]: Non-existent flag dripstone being used
[034月2025 21:07:51.157] [main/INFO] [net.minecraft.world.item.crafting.RecipeManager/]: Skipping loading recipe crockpot:food_values/integration_set/atmospheric/aloe_leaves as it's serializer returned null
[034月2025 21:07:51.161] [main/INFO] [net.minecraft.world.item.crafting.RecipeManager/]: Skipping loading recipe crockpot:food_values/integration_set/windswept/fruits-s as it's serializer returned null
[034月2025 21:07:51.162] [main/INFO] [net.minecraft.world.item.crafting.RecipeManager/]: Skipping loading recipe crockpot:food_values/integration_set/njs/squid as it's serializer returned null
[034月2025 21:07:51.163] [main/WARN] [quark-zeta/]: Non-existent flag tuff being used
[034月2025 21:07:51.164] [main/WARN] [quark-zeta/]: Non-existent flag diorite being used
[034月2025 21:07:51.165] [main/INFO] [net.minecraft.world.item.crafting.RecipeManager/]: Skipping loading recipe crockpot:food_values/integration_set/alexsmobs/eggs-l as it's serializer returned null
[034月2025 21:07:51.166] [main/WARN] [quark-zeta/]: Non-existent flag calcite being used
[034月2025 21:07:51.167] [main/INFO] [net.minecraft.world.item.crafting.RecipeManager/]: Skipping loading recipe crockpot:food_values/integration_set/xercamod/item_fried_egg as it's serializer returned null
[034月2025 21:07:51.170] [main/INFO] [net.minecraft.world.item.crafting.RecipeManager/]: Skipping loading recipe crockpot:food_values/integration_set/pamhc2trees/fruits-s as it's serializer returned null
[034月2025 21:07:51.173] [main/WARN] [quark-zeta/]: Non-existent flag granite being used
[034月2025 21:07:51.174] [main/WARN] [quark-zeta/]: Non-existent flag calcite being used
[034月2025 21:07:51.177] [main/INFO] [net.minecraft.world.item.crafting.RecipeManager/]: Skipping loading recipe crockpot:food_values/integration_set/njs/cooked_brown_mushroom as it's serializer returned null
[034月2025 21:07:51.181] [main/INFO] [net.minecraft.world.item.crafting.RecipeManager/]: Skipping loading recipe crockpot:food_values/integration_set/snowpig/frozen_porkchop as it's serializer returned null
[034月2025 21:07:51.181] [main/WARN] [quark-zeta/]: Non-existent flag dripstone being used
[034月2025 21:07:51.184] [main/INFO] [net.minecraft.world.item.crafting.RecipeManager/]: Skipping loading recipe crockpot:food_values/integration_set/biomemakeover/petals as it's serializer returned null
[034月2025 21:07:51.186] [main/INFO] [net.minecraft.world.item.crafting.RecipeManager/]: Skipping loading recipe crockpot:food_values/integration_set/meadow/wooden_milk_bucket as it's serializer returned null
[034月2025 21:07:51.189] [main/INFO] [net.minecraft.world.item.crafting.RecipeManager/]: Skipping loading recipe crockpot:food_values/integration_set/mynethersdelight/hoglin_loin as it's serializer returned null
[034月2025 21:07:51.190] [main/INFO] [net.minecraft.world.item.crafting.RecipeManager/]: Skipping loading recipe crockpot:food_values/integration_set/veggie_way/cooked_carrot as it's serializer returned null
[034月2025 21:07:51.196] [main/WARN] [quark-zeta/]: Non-existent flag tuff being used
[034月2025 21:07:51.197] [main/INFO] [net.minecraft.world.item.crafting.RecipeManager/]: Skipping loading recipe crockpot:food_values/integration_set/atum/date as it's serializer returned null
[034月2025 21:07:51.199] [main/INFO] [net.minecraft.world.item.crafting.RecipeManager/]: Skipping loading recipe crockpot:food_values/integration_set/simplefarming/meats-s as it's serializer returned null
[034月2025 21:07:51.209] [main/INFO] [net.minecraft.world.item.crafting.RecipeManager/]: Skipping loading recipe crockpot:food_values/integration_set/food_enhancements/boiled_egg as it's serializer returned null
[034月2025 21:07:51.211] [main/INFO] [net.minecraft.world.item.crafting.RecipeManager/]: Skipping loading recipe crockpot:food_values/integration_set/simplefarming/meats-m as it's serializer returned null
[034月2025 21:07:51.212] [main/WARN] [quark-zeta/]: Non-existent flag andesite being used
[034月2025 21:07:51.213] [main/INFO] [net.minecraft.world.item.crafting.RecipeManager/]: Skipping loading recipe crockpot:food_values/integration_set/wyrmroost/desert_wyrm as it's serializer returned null
[034月2025 21:07:51.214] [main/INFO] [net.minecraft.world.item.crafting.RecipeManager/]: Skipping loading recipe crockpot:food_values/integration_set/environmental/fried_egg as it's serializer returned null
[034月2025 21:07:51.215] [main/INFO] [net.minecraft.world.item.crafting.RecipeManager/]: Skipping loading recipe crockpot:food_values/integration_set/undergarden/monsterveggies-s as it's serializer returned null
[034月2025 21:07:51.219] [main/INFO] [net.minecraft.world.item.crafting.RecipeManager/]: Skipping loading recipe crockpot:food_values/integration_set/betteranimalsplus/calamari as it's serializer returned null
[034月2025 21:07:51.224] [main/INFO] [net.minecraft.world.item.crafting.RecipeManager/]: Skipping loading recipe crockpot:food_values/integration_set/vanillacookbook/cooked_turtle_egg as it's serializer returned null
[034月2025 21:07:51.227] [main/INFO] [net.minecraft.world.item.crafting.RecipeManager/]: Skipping loading recipe crockpot:food_values/integration_set/aethersdelight/cooked_parsnip as it's serializer returned null
[034月2025 21:07:51.229] [main/INFO] [net.minecraft.world.item.crafting.RecipeManager/]: Skipping loading recipe crockpot:food_values/integration_set/aether/no-value as it's serializer returned null
[034月2025 21:07:51.231] [main/WARN] [quark-zeta/]: Non-existent flag dripstone being used
[034月2025 21:07:51.237] [main/WARN] [quark-zeta/]: Non-existent flag tuff being used
[034月2025 21:07:51.242] [main/WARN] [quark-zeta/]: Non-existent flag tuff being used
[034月2025 21:07:51.243] [main/INFO] [net.minecraft.world.item.crafting.RecipeManager/]: Skipping loading recipe crockpot:food_values/integration_set/phantasm/oblifruit as it's serializer returned null
[034月2025 21:07:51.244] [main/WARN] [quark-zeta/]: Non-existent flag dripstone being used
[034月2025 21:07:51.249] [main/INFO] [net.minecraft.world.item.crafting.RecipeManager/]: Skipping loading recipe crockpot:food_values/integration_set/farmlife/tribull_shank as it's serializer returned null
[034月2025 21:07:51.251] [main/WARN] [quark-zeta/]: Non-existent flag tuff being used
[034月2025 21:07:51.254] [main/WARN] [quark-zeta/]: Non-existent flag dripstone being used
[034月2025 21:07:51.258] [main/INFO] [net.minecraft.world.item.crafting.RecipeManager/]: Skipping loading recipe crockpot:food_values/integration_set/netherexp/cerebrage as it's serializer returned null
[034月2025 21:07:51.265] [main/INFO] [net.minecraft.world.item.crafting.RecipeManager/]: Skipping loading recipe crockpot:food_values/integration_set/vanillafoodpantry/meats-s as it's serializer returned null
[034月2025 21:07:51.266] [main/INFO] [net.minecraft.world.item.crafting.RecipeManager/]: Skipping loading recipe crockpot:food_values/integration_set/unusualprehistory/scau as it's serializer returned null
[034月2025 21:07:51.272] [main/INFO] [net.minecraft.world.item.crafting.RecipeManager/]: Skipping loading recipe crockpot:food_values/integration_set/miners_delight/tentacles as it's serializer returned null
[034月2025 21:07:51.275] [main/INFO] [net.minecraft.world.item.crafting.RecipeManager/]: Skipping loading recipe crockpot:food_values/integration_set/biomeswevegone/white_puffball_cap as it's serializer returned null
[034月2025 21:07:51.278] [main/WARN] [quark-zeta/]: Non-existent flag tuff being used
[034月2025 21:07:51.280] [main/WARN] [quark-zeta/]: Non-existent flag tuff being used
[034月2025 21:07:51.284] [main/INFO] [net.minecraft.world.item.crafting.RecipeManager/]: Skipping loading recipe crockpot:food_values/integration_set/farm_and_charm/lamb_ham as it's serializer returned null
[034月2025 21:07:51.288] [main/INFO] [net.minecraft.world.item.crafting.RecipeManager/]: Skipping loading recipe crockpot:food_values/integration_set/culturaldelights/avocado as it's serializer returned null
[034月2025 21:07:51.290] [main/INFO] [net.minecraft.world.item.crafting.RecipeManager/]: Skipping loading recipe crockpot:food_values/integration_set/byg/crimson_berries as it's serializer returned null
[034月2025 21:07:51.292] [main/INFO] [net.minecraft.world.item.crafting.RecipeManager/]: Skipping loading recipe crockpot:food_values/integration_set/undergarden/blisterberry as it's serializer returned null
[034月2025 21:07:51.296] [main/INFO] [net.minecraft.world.item.crafting.RecipeManager/]: Skipping loading recipe crockpot:food_values/integration_set/inferno/raw_hogchop as it's serializer returned null
[034月2025 21:07:51.297] [main/INFO] [net.minecraft.world.item.crafting.RecipeManager/]: Skipping loading recipe crockpot:food_values/integration_set/farmersplus/dried_cod_slice as it's serializer returned null
[034月2025 21:07:51.300] [main/INFO] [net.minecraft.world.item.crafting.RecipeManager/]: Skipping loading recipe crockpot:food_values/integration_set/inferno/luminous_fungus as it's serializer returned null
[034月2025 21:07:51.301] [main/INFO] [net.minecraft.world.item.crafting.RecipeManager/]: Skipping loading recipe crockpot:food_values/integration_set/njs/cooked_egg as it's serializer returned null
[034月2025 21:07:51.302] [main/INFO] [net.minecraft.world.item.crafting.RecipeManager/]: Skipping loading recipe crockpot:parrot_feeding/integration/thermal/eggplant_seeds as it's serializer returned null
[034月2025 21:07:51.304] [main/WARN] [quark-zeta/]: Non-existent flag calcite being used
[034月2025 21:07:51.304] [main/INFO] [net.minecraft.world.item.crafting.RecipeManager/]: Skipping loading recipe crockpot:food_values/integration_set/foragecraft/leek as it's serializer returned null
[034月2025 21:07:51.309] [main/WARN] [quark-zeta/]: Non-existent flag granite being used
[034月2025 21:07:51.311] [main/INFO] [net.minecraft.world.item.crafting.RecipeManager/]: Skipping loading recipe crockpot:food_values/integration_set/insatiable/light_meat as it's serializer returned null
[034月2025 21:07:51.313] [main/INFO] [net.minecraft.world.item.crafting.RecipeManager/]: Skipping loading recipe crockpot:food_values/integration_set/unusualprehistory/no-value as it's serializer returned null
[034月2025 21:07:51.316] [main/INFO] [net.minecraft.world.item.crafting.RecipeManager/]: Skipping loading recipe crockpot:food_values/integration_set/simplefarming/meats as it's serializer returned null
[034月2025 21:07:51.317] [main/INFO] [net.minecraft.world.item.crafting.RecipeManager/]: Skipping loading recipe crockpot:food_values/integration_set/vanillafoodpantry/ravager_meat as it's serializer returned null
[034月2025 21:07:51.323] [main/INFO] [net.minecraft.world.item.crafting.RecipeManager/]: Skipping loading recipe crockpot:food_values/integration_set/food_enhancements/bat_wing as it's serializer returned null
[034月2025 21:07:51.324] [main/INFO] [net.minecraft.world.item.crafting.RecipeManager/]: Skipping loading recipe crockpot:food_values/integration_set/twilightdelight/tomahawk_smeak as it's serializer returned null
[034月2025 21:07:51.328] [main/WARN] [quark-zeta/]: Non-existent flag andesite being used
[034月2025 21:07:51.332] [main/INFO] [net.minecraft.world.item.crafting.RecipeManager/]: Skipping loading recipe crockpot:food_values/integration_set/undergarden/meats as it's serializer returned null
[034月2025 21:07:51.339] [main/WARN] [quark-zeta/]: Non-existent flag andesite being used
[034月2025 21:07:51.343] [main/INFO] [net.minecraft.world.item.crafting.RecipeManager/]: Skipping loading recipe crockpot:food_values/integration_set/wildernature/meats as it's serializer returned null
[034月2025 21:07:51.344] [main/INFO] [net.minecraft.world.item.crafting.RecipeManager/]: Skipping loading recipe crockpot:parrot_feeding/integration/thermal/barley_seeds as it's serializer returned null
[034月2025 21:07:51.349] [main/INFO] [net.minecraft.world.item.crafting.RecipeManager/]: Skipping loading recipe crockpot:food_values/integration_set/ars_nouveau/source_berry as it's serializer returned null
[034月2025 21:07:51.350] [main/INFO] [net.minecraft.world.item.crafting.RecipeManager/]: Skipping loading recipe crockpot:food_values/integration_set/thermal/frost_melon as it's serializer returned null
[034月2025 21:07:51.351] [main/WARN] [quark-zeta/]: Non-existent flag granite being used
[034月2025 21:07:51.353] [main/INFO] [net.minecraft.world.item.crafting.RecipeManager/]: Skipping loading recipe crockpot:food_values/integration_set/caupona/fruits-s as it's serializer returned null
[034月2025 21:07:51.354] [main/WARN] [quark-zeta/]: Non-existent flag granite being used
[034月2025 21:07:51.355] [main/INFO] [net.minecraft.world.item.crafting.RecipeManager/]: Skipping loading recipe crockpot:food_values/integration_set/ecologics/thin_ice as it's serializer returned null
[034月2025 21:07:51.357] [main/INFO] [net.minecraft.world.item.crafting.RecipeManager/]: Skipping loading recipe crockpot:parrot_feeding/integration/vintagedelight/cucumber_seeds as it's serializer returned null
[034月2025 21:07:51.359] [main/INFO] [net.minecraft.world.item.crafting.RecipeManager/]: Skipping loading recipe crockpot:food_values/integration_set/betteranimalsplus/venison as it's serializer returned null
[034月2025 21:07:51.359] [main/INFO] [net.minecraft.world.item.crafting.RecipeManager/]: Skipping loading recipe crockpot:parrot_feeding/integration/abnormals/foul_berry_pips as it's serializer returned null
[034月2025 21:07:51.360] [main/INFO] [net.minecraft.world.item.crafting.RecipeManager/]: Skipping loading recipe crockpot:food_values/integration_set/pamhc2crops/veggies as it's serializer returned null
[034月2025 21:07:51.362] [main/INFO] [net.minecraft.world.item.crafting.RecipeManager/]: Skipping loading recipe crockpot:food_values/integration_set/unusualprehistory/mammoth as it's serializer returned null
[034月2025 21:07:51.364] [main/INFO] [net.minecraft.world.item.crafting.RecipeManager/]: Skipping loading recipe crockpot:food_values/integration_set/culturaldelights/cut_avocado as it's serializer returned null
[034月2025 21:07:51.365] [main/INFO] [net.minecraft.world.item.crafting.RecipeManager/]: Skipping loading recipe crockpot:food_values/integration_set/ends_delight/meats as it's serializer returned null
[034月2025 21:07:51.366] [main/INFO] [net.minecraft.world.item.crafting.RecipeManager/]: Skipping loading recipe crockpot:food_values/integration_set/exoticbirds/birdmeat as it's serializer returned null
[034月2025 21:07:51.367] [main/WARN] [quark-zeta/]: Non-existent flag granite being used
[034月2025 21:07:51.369] [main/INFO] [net.minecraft.world.item.crafting.RecipeManager/]: Skipping loading recipe crockpot:food_values/integration_set/vintagedelight/no-value as it's serializer returned null
[034月2025 21:07:51.371] [main/INFO] [net.minecraft.world.item.crafting.RecipeManager/]: Skipping loading recipe crockpot:food_values/integration_set/xlfoodmod/flesh as it's serializer returned null
[034月2025 21:07:51.372] [main/INFO] [net.minecraft.world.item.crafting.RecipeManager/]: Skipping loading recipe crockpot:parrot_feeding/integration/blue_skies/scalefruit_seeds as it's serializer returned null
[034月2025 21:07:51.373] [main/INFO] [net.minecraft.world.item.crafting.RecipeManager/]: Skipping loading recipe crockpot:food_values/integration_set/betterdefaultbiomes/duck as it's serializer returned null
[034月2025 21:07:51.375] [main/INFO] [net.minecraft.world.item.crafting.RecipeManager/]: Skipping loading recipe crockpot:food_values/integration_set/vanillacookbook/grilled_melon as it's serializer returned null
[034月2025 21:07:51.376] [main/INFO] [net.minecraft.world.item.crafting.RecipeManager/]: Skipping loading recipe crockpot:parrot_feeding/integration/snowyspirit/ginger_flower as it's serializer returned null
[034月2025 21:07:51.381] [main/INFO] [net.minecraft.world.item.crafting.RecipeManager/]: Skipping loading recipe crockpot:food_values/integration_set/pattysmorestuff/fried_egg as it's serializer returned null
[034月2025 21:07:51.383] [main/WARN] [quark-zeta/]: Non-existent flag calcite being used
[034月2025 21:07:51.384] [main/INFO] [net.minecraft.world.item.crafting.RecipeManager/]: Skipping loading recipe crockpot:food_values/integration_set/atum/quail as it's serializer returned null
[034月2025 21:07:51.386] [main/INFO] [net.minecraft.world.item.crafting.RecipeManager/]: Skipping loading recipe crockpot:food_values/integration_set/betteranimalsplus/turkey_leg as it's serializer returned null
[034月2025 21:07:51.387] [main/INFO] [net.minecraft.world.item.crafting.RecipeManager/]: Skipping loading recipe crockpot:parrot_feeding/integration/collectorsreap/pomegranate_seeds_2 as it's serializer returned null
[034月2025 21:07:51.388] [main/INFO] [net.minecraft.world.item.crafting.RecipeManager/]: Skipping loading recipe crockpot:food_values/integration_set/untamedwilds/food_turtle as it's serializer returned null
[034月2025 21:07:51.390] [main/INFO] [net.minecraft.world.item.crafting.RecipeManager/]: Skipping loading recipe crockpot:parrot_feeding/integration/collectorsreap/pomegranate_seeds_1 as it's serializer returned null
[034月2025 21:07:51.391] [main/INFO] [net.minecraft.world.item.crafting.RecipeManager/]: Skipping loading recipe crockpot:food_values/integration_set/food_enhancements/squid_tentacle as it's serializer returned null
[034月2025 21:07:51.392] [main/INFO] [net.minecraft.world.item.crafting.RecipeManager/]: Skipping loading recipe crockpot:food_values/integration_set/alexsmobs/moose_ribs as it's serializer returned null
[034月2025 21:07:51.396] [main/INFO] [net.minecraft.world.item.crafting.RecipeManager/]: Skipping loading recipe crockpot:food_values/integration_set/windswept/goat as it's serializer returned null
[034月2025 21:07:51.398] [main/INFO] [net.minecraft.world.item.crafting.RecipeManager/]: Skipping loading recipe crockpot:food_values/integration_set/undergarden/gwibling as it's serializer returned null
[034月2025 21:07:51.399] [main/INFO] [net.minecraft.world.item.crafting.RecipeManager/]: Skipping loading recipe crockpot:food_values/integration_set/integrateddynamics/menril_berries as it's serializer returned null
[034月2025 21:07:51.401] [main/WARN] [quark-zeta/]: Non-existent flag dripstone being used
[034月2025 21:07:51.402] [main/WARN] [quark-zeta/]: Non-existent flag tuff being used
[034月2025 21:07:51.406] [main/INFO] [net.minecraft.world.item.crafting.RecipeManager/]: Skipping loading recipe crockpot:food_values/integration_set/unnamedanimalmod/rocket_killifish as it's serializer returned null
[034月2025 21:07:51.408] [main/WARN] [quark-zeta/]: Non-existent flag granite being used
[034月2025 21:07:51.408] [main/INFO] [net.minecraft.world.item.crafting.RecipeManager/]: Skipping loading recipe crockpot:food_values/integration_set/collectorsreap/platinum_bass_slice as it's serializer returned null
[034月2025 21:07:51.413] [main/WARN] [quark-zeta/]: Non-existent flag dripstone being used
[034月2025 21:07:51.414] [main/WARN] [quark-zeta/]: Non-existent flag calcite being used
[034月2025 21:07:51.417] [main/INFO] [net.minecraft.world.item.crafting.RecipeManager/]: Skipping loading recipe crockpot:food_values/integration_set/alexscaves/vesper_wing as it's serializer returned null
[034月2025 21:07:51.425] [main/INFO] [net.minecraft.world.item.crafting.RecipeManager/]: Skipping loading recipe crockpot:food_values/integration_set/njs/chili_pepper as it's serializer returned null
[034月2025 21:07:51.428] [main/INFO] [net.minecraft.world.item.crafting.RecipeManager/]: Skipping loading recipe crockpot:food_values/integration_set/unnamedanimalmod/fishmeats-s as it's serializer returned null
[034月2025 21:07:51.429] [main/INFO] [net.minecraft.world.item.crafting.RecipeManager/]: Skipping loading recipe crockpot:food_values/integration_set/outer_end/stalker_meat as it's serializer returned null
[034月2025 21:07:51.434] [main/INFO] [net.minecraft.world.item.crafting.RecipeManager/]: Skipping loading recipe crockpot:food_values/integration_set/deep_aether/squash as it's serializer returned null
[034月2025 21:07:51.444] [main/INFO] [net.minecraft.world.item.crafting.RecipeManager/]: Skipping loading recipe crockpot:food_values/integration_set/extcaves/veggies-s as it's serializer returned null
[034月2025 21:07:51.446] [main/WARN] [quark-zeta/]: Non-existent flag diorite being used
[034月2025 21:07:51.447] [main/WARN] [quark-zeta/]: Non-existent flag calcite being used
[034月2025 21:07:51.451] [main/INFO] [net.minecraft.world.item.crafting.RecipeManager/]: Skipping loading recipe crockpot:food_values/integration_set/vanillacookbook/cooked_beetroot as it's serializer returned null
[034月2025 21:07:51.453] [main/ERROR] [net.minecraft.world.item.crafting.RecipeManager/]: Parsing error loading recipe crockpot:jeed/gnaws_gift
com.google.gson.JsonSyntaxException: Invalid or unsupported recipe type 'jeed:effect_provider'
	at net.minecraft.world.item.crafting.RecipeManager.m_220253_(RecipeManager.java:170) ~[server-1.20.1-20230612.114412-srg.jar%23215!/:?]
	at java.util.Optional.orElseThrow(Optional.java:403) ~[?:?]
	at net.minecraft.world.item.crafting.RecipeManager.fromJson(RecipeManager.java:169) ~[server-1.20.1-20230612.114412-srg.jar%23215!/:?]
	at net.minecraft.world.item.crafting.RecipeManager.m_5787_(RecipeManager.java:67) ~[server-1.20.1-20230612.114412-srg.jar%23215!/:?]
	at net.minecraft.world.item.crafting.RecipeManager.m_5787_(RecipeManager.java:34) ~[server-1.20.1-20230612.114412-srg.jar%23215!/:?]
	at net.minecraft.server.packs.resources.SimplePreparableReloadListener.m_10789_(SimplePreparableReloadListener.java:13) ~[server-1.20.1-20230612.114412-srg.jar%23215!/:?]
	at java.util.concurrent.CompletableFuture$UniAccept.tryFire(CompletableFuture.java:718) ~[?:?]
	at java.util.concurrent.CompletableFuture$Completion.run(CompletableFuture.java:482) ~[?:?]
	at net.minecraft.server.packs.resources.SimpleReloadInstance.m_143940_(SimpleReloadInstance.java:69) ~[server-1.20.1-20230612.114412-srg.jar%23215!/:?]
	at net.minecraft.Util.m_214652_(Util.java:783) ~[server-1.20.1-20230612.114412-srg.jar%23215!/:?]
	at net.minecraft.Util.m_214679_(Util.java:772) ~[server-1.20.1-20230612.114412-srg.jar%23215!/:?]
	at net.minecraft.server.Main.main(Main.java:166) ~[server-1.20.1-20230612.114412-srg.jar%23215!/:?]
	at jdk.internal.reflect.DirectMethodHandleAccessor.invoke(DirectMethodHandleAccessor.java:103) ~[?:?]
	at java.lang.reflect.Method.invoke(Method.java:580) ~[?:?]
	at net.minecraftforge.fml.loading.targets.CommonLaunchHandler.runTarget(CommonLaunchHandler.java:111) ~[fmlloader-1.20.1-47.3.33.jar%2369!/:?]
	at net.minecraftforge.fml.loading.targets.CommonLaunchHandler.serverService(CommonLaunchHandler.java:103) ~[fmlloader-1.20.1-47.3.33.jar%2369!/:?]
	at net.minecraftforge.fml.loading.targets.CommonServerLaunchHandler.lambda$makeService$0(CommonServerLaunchHandler.java:27) ~[fmlloader-1.20.1-47.3.33.jar%2369!/:?]
	at cpw.mods.modlauncher.LaunchServiceHandlerDecorator.launch(LaunchServiceHandlerDecorator.java:30) ~[modlauncher-10.0.9.jar%2355!/:?]
	at cpw.mods.modlauncher.LaunchServiceHandler.launch(LaunchServiceHandler.java:53) ~[modlauncher-10.0.9.jar%2355!/:?]
	at cpw.mods.modlauncher.LaunchServiceHandler.launch(LaunchServiceHandler.java:71) ~[modlauncher-10.0.9.jar%2355!/:?]
	at cpw.mods.modlauncher.Launcher.run(Launcher.java:108) ~[modlauncher-10.0.9.jar%2355!/:?]
	at cpw.mods.modlauncher.Launcher.main(Launcher.java:78) ~[modlauncher-10.0.9.jar%2355!/:?]
	at cpw.mods.modlauncher.BootstrapLaunchConsumer.accept(BootstrapLaunchConsumer.java:26) ~[modlauncher-10.0.9.jar%2355!/:?]
	at cpw.mods.modlauncher.BootstrapLaunchConsumer.accept(BootstrapLaunchConsumer.java:23) ~[modlauncher-10.0.9.jar%2355!/:?]
	at cpw.mods.bootstraplauncher.BootstrapLauncher.main(BootstrapLauncher.java:141) ~[bootstraplauncher-1.1.2.jar:?]
[034月2025 21:07:51.464] [main/INFO] [net.minecraft.world.item.crafting.RecipeManager/]: Skipping loading recipe crockpot:food_values/integration_set/farmersplus/meats as it's serializer returned null
[034月2025 21:07:51.465] [main/INFO] [net.minecraft.world.item.crafting.RecipeManager/]: Skipping loading recipe crockpot:food_values/integration_set/spelunkery/crimini as it's serializer returned null
[034月2025 21:07:51.467] [main/INFO] [net.minecraft.world.item.crafting.RecipeManager/]: Skipping loading recipe crockpot:parrot_feeding/integration/thermal/strawberry_seeds as it's serializer returned null
[034月2025 21:07:51.469] [main/INFO] [net.minecraft.world.item.crafting.RecipeManager/]: Skipping loading recipe crockpot:food_values/integration_set/alexsdelight/catfish_slice as it's serializer returned null
[034月2025 21:07:51.474] [main/WARN] [quark-zeta/]: Non-existent flag calcite being used
[034月2025 21:07:51.475] [main/INFO] [net.minecraft.world.item.crafting.RecipeManager/]: Skipping loading recipe crockpot:food_values/integration_set/aethersdelight/meats-s as it's serializer returned null
[034月2025 21:07:51.477] [main/INFO] [net.minecraft.world.item.crafting.RecipeManager/]: Skipping loading recipe crockpot:parrot_feeding/integration/sushigocrafting/soy_seeds as it's serializer returned null
[034月2025 21:07:51.481] [main/INFO] [net.minecraft.world.item.crafting.RecipeManager/]: Skipping loading recipe crockpot:food_values/integration_set/braziliandelight/fruits-s as it's serializer returned null
[034月2025 21:07:51.489] [main/INFO] [net.minecraft.world.item.crafting.RecipeManager/]: Skipping loading recipe crockpot:food_values/integration_set/nature_expansion/yucca as it's serializer returned null
[034月2025 21:07:51.491] [main/INFO] [net.minecraft.world.item.crafting.RecipeManager/]: Skipping loading recipe crockpot:food_values/integration_set/farmlife/galliraptor as it's serializer returned null
[034月2025 21:07:51.493] [main/INFO] [net.minecraft.world.item.crafting.RecipeManager/]: Skipping loading recipe crockpot:food_values/integration_set/goety/feet_of_frog as it's serializer returned null
[034月2025 21:07:51.494] [main/INFO] [net.minecraft.world.item.crafting.RecipeManager/]: Skipping loading recipe crockpot:food_values/integration_set/animalium/bear_meat as it's serializer returned null
[034月2025 21:07:51.495] [main/WARN] [quark-zeta/]: Non-existent flag dripstone being used
[034月2025 21:07:51.517] [main/INFO] [net.minecraft.world.item.crafting.RecipeManager/]: Skipping loading recipe crockpot:food_values/integration_set/survivalplus/fried_egg as it's serializer returned null
[034月2025 21:07:51.519] [main/INFO] [net.minecraft.world.item.crafting.RecipeManager/]: Skipping loading recipe crockpot:food_values/integration_set/collectorsreap/fishes-s as it's serializer returned null
[034月2025 21:07:51.521] [main/INFO] [net.minecraft.world.item.crafting.RecipeManager/]: Skipping loading recipe crockpot:food_values/integration_set/rats/rat as it's serializer returned null
[034月2025 21:07:51.523] [main/INFO] [net.minecraft.world.item.crafting.RecipeManager/]: Skipping loading recipe crockpot:food_values/integration_set/fruitsdelight/durian_flesh as it's serializer returned null
[034月2025 21:07:51.531] [main/INFO] [net.minecraft.world.item.crafting.RecipeManager/]: Skipping loading recipe crockpot:food_values/integration_set/nethersdelight/hoglin_loin as it's serializer returned null
[034月2025 21:07:51.532] [main/INFO] [net.minecraft.world.item.crafting.RecipeManager/]: Skipping loading recipe crockpot:food_values/integration_set/alexsdelight/meats-s as it's serializer returned null
[034月2025 21:07:51.536] [main/INFO] [net.minecraft.world.item.crafting.RecipeManager/]: Skipping loading recipe crockpot:food_values/integration_set/alexsdelight/meats-m as it's serializer returned null
[034月2025 21:07:51.539] [main/INFO] [net.minecraft.world.item.crafting.RecipeManager/]: Skipping loading recipe crockpot:food_values/integration_set/ecologics/no-value as it's serializer returned null
[034月2025 21:07:51.541] [main/INFO] [net.minecraft.world.item.crafting.RecipeManager/]: Skipping loading recipe crockpot:food_values/integration_set/braziliandelight/garlic_clove as it's serializer returned null
[034月2025 21:07:51.578] [main/INFO] [net.minecraft.world.item.crafting.RecipeManager/]: Skipping loading recipe crockpot:food_values/integration_set/croptopia/sunny_side_eggs as it's serializer returned null
[034月2025 21:07:51.589] [main/WARN] [quark-zeta/]: Non-existent flag tuff being used
[034月2025 21:07:51.591] [main/INFO] [net.minecraft.world.item.crafting.RecipeManager/]: Skipping loading recipe crockpot:food_values/integration_set/simplefarming/veggies-s as it's serializer returned null
[034月2025 21:07:51.593] [main/WARN] [quark-zeta/]: Non-existent flag diorite being used
[034月2025 21:07:51.594] [main/WARN] [quark-zeta/]: Non-existent flag calcite being used
[034月2025 21:07:51.600] [main/INFO] [net.minecraft.world.item.crafting.RecipeManager/]: Skipping loading recipe crockpot:food_values/integration_set/vanillafoodpantry/raftugli_fruit as it's serializer returned null
[034月2025 21:07:51.602] [main/INFO] [net.minecraft.world.item.crafting.RecipeManager/]: Skipping loading recipe crockpot:food_values/integration_set/vanillafoodpantry/squidd as it's serializer returned null
[034月2025 21:07:51.603] [main/INFO] [net.minecraft.world.item.crafting.RecipeManager/]: Skipping loading recipe crockpot:food_values/integration_set/farmersplus/dried_salmon_slice as it's serializer returned null
[034月2025 21:07:51.605] [main/INFO] [net.minecraft.world.item.crafting.RecipeManager/]: Skipping loading recipe crockpot:food_values/integration_set/finsandtails/fishmeats as it's serializer returned null
[034月2025 21:07:51.607] [main/INFO] [net.minecraft.world.item.crafting.RecipeManager/]: Skipping loading recipe crockpot:food_values/integration_set/silents_mechanisms/meats as it's serializer returned null
[034月2025 21:07:51.609] [main/INFO] [net.minecraft.world.item.crafting.RecipeManager/]: Skipping loading recipe crockpot:parrot_feeding/integration/undergarden/gloomgourd_seeds as it's serializer returned null
[034月2025 21:07:51.616] [main/INFO] [net.minecraft.world.item.crafting.RecipeManager/]: Skipping loading recipe crockpot:food_values/integration_set/fruitsdelight/fruits-s as it's serializer returned null
[034月2025 21:07:51.619] [main/INFO] [net.minecraft.world.item.crafting.RecipeManager/]: Skipping loading recipe crockpot:food_values/integration_set/rankine/pineapple as it's serializer returned null
[034月2025 21:07:51.627] [main/INFO] [net.minecraft.world.item.crafting.RecipeManager/]: Skipping loading recipe crockpot:food_values/integration_set/simplefarming/fruits as it's serializer returned null
[034月2025 21:07:51.630] [main/INFO] [net.minecraft.world.item.crafting.RecipeManager/]: Skipping loading recipe crockpot:parrot_feeding/integration/delightful/cantaloupe_seeds as it's serializer returned null
[034月2025 21:07:51.632] [main/WARN] [quark-zeta/]: Non-existent flag dripstone being used
[034月2025 21:07:51.633] [main/INFO] [net.minecraft.world.item.crafting.RecipeManager/]: Skipping loading recipe crockpot:food_values/integration_set/veggie_way/cooked_beetroot as it's serializer returned null
[034月2025 21:07:51.635] [main/INFO] [net.minecraft.world.item.crafting.RecipeManager/]: Skipping loading recipe crockpot:food_values/integration_set/autumnity/sap_bottle as it's serializer returned null
[034月2025 21:07:51.636] [main/WARN] [quark-zeta/]: Non-existent flag granite being used
[034月2025 21:07:51.638] [main/INFO] [net.minecraft.world.item.crafting.RecipeManager/]: Skipping loading recipe crockpot:food_values/integration_set/blue_skies/meats as it's serializer returned null
[034月2025 21:07:51.642] [main/INFO] [net.minecraft.world.item.crafting.RecipeManager/]: Skipping loading recipe crockpot:food_values/integration_set/toadterror/toad_chops as it's serializer returned null
[034月2025 21:07:51.644] [main/WARN] [quark-zeta/]: Non-existent flag tuff being used
[034月2025 21:07:51.646] [main/INFO] [net.minecraft.world.item.crafting.RecipeManager/]: Skipping loading recipe crockpot:food_values/integration_set/miners_delight/cave_carrot as it's serializer returned null
[034月2025 21:07:51.647] [main/INFO] [net.minecraft.world.item.crafting.RecipeManager/]: Skipping loading recipe crockpot:food_values/integration_set/eanimod/meats-s as it's serializer returned null
[034月2025 21:07:51.649] [main/INFO] [net.minecraft.world.item.crafting.RecipeManager/]: Skipping loading recipe crockpot:parrot_feeding/integration/thermal/rice_seeds as it's serializer returned null
[034月2025 21:07:51.650] [main/INFO] [net.minecraft.world.item.crafting.RecipeManager/]: Skipping loading recipe crockpot:parrot_feeding/integration/blue_skies/winter_leaf_seeds as it's serializer returned null
[034月2025 21:07:51.653] [main/INFO] [net.minecraft.world.item.crafting.RecipeManager/]: Skipping loading recipe crockpot:food_values/integration_set/atmospheric/fruits as it's serializer returned null
[034月2025 21:07:51.654] [main/INFO] [net.minecraft.world.item.crafting.RecipeManager/]: Skipping loading recipe crockpot:food_values/integration_set/collectorsreap/pomegranate as it's serializer returned null
[034月2025 21:07:51.656] [main/INFO] [net.minecraft.world.item.crafting.RecipeManager/]: Skipping loading recipe crockpot:food_values/integration_set/rediscovered/fish as it's serializer returned null
[034月2025 21:07:51.656] [main/INFO] [net.minecraft.world.item.crafting.RecipeManager/]: Skipping loading recipe crockpot:food_values/integration_set/blue_skies/cryo_root as it's serializer returned null
[034月2025 21:07:51.658] [main/INFO] [net.minecraft.world.item.crafting.RecipeManager/]: Skipping loading recipe crockpot:food_values/integration_set/iceandfire/monstereggs as it's serializer returned null
[034月2025 21:07:51.659] [main/INFO] [net.minecraft.world.item.crafting.RecipeManager/]: Skipping loading recipe crockpot:parrot_feeding/integration/thermal/sadiroot_seeds as it's serializer returned null
[034月2025 21:07:51.673] [main/WARN] [quark-zeta/]: Non-existent flag dripstone being used
[034月2025 21:07:51.674] [main/WARN] [quark-zeta/]: Non-existent flag tuff being used
[034月2025 21:07:51.677] [main/WARN] [quark-zeta/]: Non-existent flag calcite being used
[034月2025 21:07:51.680] [main/INFO] [net.minecraft.world.item.crafting.RecipeManager/]: Skipping loading recipe crockpot:food_values/integration_set/biomemakeover/toad as it's serializer returned null
[034月2025 21:07:51.683] [main/INFO] [net.minecraft.world.item.crafting.RecipeManager/]: Skipping loading recipe crockpot:food_values/integration_set/endersdelight/shulker_mollusk as it's serializer returned null
[034月2025 21:07:51.686] [main/WARN] [quark-zeta/]: Non-existent flag dripstone being used
[034月2025 21:07:51.687] [main/WARN] [quark-zeta/]: Non-existent flag calcite being used
[034月2025 21:07:51.693] [main/INFO] [net.minecraft.world.item.crafting.RecipeManager/]: Skipping loading recipe crockpot:food_values/integration_set/finsandtails/fishes-s as it's serializer returned null
[034月2025 21:07:51.697] [main/INFO] [net.minecraft.world.item.crafting.RecipeManager/]: Skipping loading recipe crockpot:food_values/integration_set/wyrmroost/behemoth_meat as it's serializer returned null
[034月2025 21:07:51.700] [main/INFO] [net.minecraft.world.item.crafting.RecipeManager/]: Skipping loading recipe crockpot:food_values/integration_set/lightmeals/cooked_mushroom as it's serializer returned null
[034月2025 21:07:51.706] [main/WARN] [quark-zeta/]: Non-existent flag andesite being used
[034月2025 21:07:51.710] [main/INFO] [net.minecraft.world.item.crafting.RecipeManager/]: Skipping loading recipe crockpot:food_values/integration_set/immersiveengineering/no-value as it's serializer returned null
[034月2025 21:07:51.711] [main/INFO] [net.minecraft.world.item.crafting.RecipeManager/]: Skipping loading recipe crockpot:food_values/integration_set/twilightdelight/meats-m as it's serializer returned null
[034月2025 21:07:51.712] [main/INFO] [net.minecraft.world.item.crafting.RecipeManager/]: Skipping loading recipe crockpot:food_values/integration_set/phantasm/behemoth_meat as it's serializer returned null
[034月2025 21:07:51.723] [main/INFO] [net.minecraft.world.item.crafting.RecipeManager/]: Skipping loading recipe crockpot:parrot_feeding/integration/thermal/frost_melon_seeds as it's serializer returned null
[034月2025 21:07:51.727] [main/WARN] [quark-zeta/]: Non-existent flag dripstone being used
[034月2025 21:07:51.733] [main/INFO] [net.minecraft.world.item.crafting.RecipeManager/]: Skipping loading recipe crockpot:parrot_feeding/integration/delightful/salmonberry_pips as it's serializer returned null
[034月2025 21:07:51.738] [main/INFO] [net.minecraft.world.item.crafting.RecipeManager/]: Skipping loading recipe crockpot:parrot_feeding/integration/blue_skies/fiery_bean_seeds as it's serializer returned null
[034月2025 21:07:51.741] [main/INFO] [net.minecraft.world.item.crafting.RecipeManager/]: Skipping loading recipe crockpot:food_values/integration_set/twilightdelight/mushgloom_colony as it's serializer returned null
[034月2025 21:07:51.742] [main/WARN] [quark-zeta/]: Non-existent flag tuff being used
[034月2025 21:07:51.742] [main/INFO] [net.minecraft.world.item.crafting.RecipeManager/]: Skipping loading recipe crockpot:food_values/integration_set/cnb/lilytad_flower as it's serializer returned null
[034月2025 21:07:51.744] [main/WARN] [quark-zeta/]: Non-existent flag diorite being used
[034月2025 21:07:51.745] [main/INFO] [net.minecraft.world.item.crafting.RecipeManager/]: Skipping loading recipe crockpot:food_values/integration_set/deep_aether/squash_slice as it's serializer returned null
[034月2025 21:07:51.747] [main/INFO] [net.minecraft.world.item.crafting.RecipeManager/]: Skipping loading recipe crockpot:food_values/integration_set/beachparty/coconut as it's serializer returned null
[034月2025 21:07:51.751] [main/INFO] [net.minecraft.world.item.crafting.RecipeManager/]: Skipping loading recipe crockpot:food_values/integration_set/thermal/frost_melon_slice as it's serializer returned null
[034月2025 21:07:51.752] [main/WARN] [quark-zeta/]: Non-existent flag granite being used
[034月2025 21:07:51.753] [main/WARN] [quark-zeta/]: Non-existent flag dripstone being used
[034月2025 21:07:51.757] [main/INFO] [net.minecraft.world.item.crafting.RecipeManager/]: Skipping loading recipe crockpot:food_values/integration_set/ecologics/crab_meat as it's serializer returned null
[034月2025 21:07:51.759] [main/INFO] [net.minecraft.world.item.crafting.RecipeManager/]: Skipping loading recipe crockpot:food_values/integration_set/spelunkery/portabella as it's serializer returned null
[034月2025 21:07:51.760] [main/INFO] [net.minecraft.world.item.crafting.RecipeManager/]: Skipping loading recipe crockpot:food_values/integration_set/blue_skies/fishmeats-s as it's serializer returned null
[034月2025 21:07:51.761] [main/INFO] [net.minecraft.world.item.crafting.RecipeManager/]: Skipping loading recipe crockpot:food_values/integration_set/simplefarming/no-value as it's serializer returned null
[034月2025 21:07:51.762] [main/WARN] [quark-zeta/]: Non-existent flag calcite being used
[034月2025 21:07:51.763] [main/INFO] [net.minecraft.world.item.crafting.RecipeManager/]: Skipping loading recipe crockpot:food_values/integration_set/braziliandelight/no-value as it's serializer returned null
[034月2025 21:07:51.764] [main/INFO] [net.minecraft.world.item.crafting.RecipeManager/]: Skipping loading recipe crockpot:food_values/integration_set/pandoras_creatures/crab_meat as it's serializer returned null
[034月2025 21:07:51.765] [main/INFO] [net.minecraft.world.item.crafting.RecipeManager/]: Skipping loading recipe crockpot:food_values/integration_set/insatiable/strange_meat as it's serializer returned null
[034月2025 21:07:51.766] [main/INFO] [net.minecraft.world.item.crafting.RecipeManager/]: Skipping loading recipe crockpot:food_values/integration_set/nourished_end/floatberry as it's serializer returned null
[034月2025 21:07:51.767] [main/INFO] [net.minecraft.world.item.crafting.RecipeManager/]: Skipping loading recipe crockpot:food_values/integration_set/miners_delight/arthropod as it's serializer returned null
[034月2025 21:07:51.768] [main/INFO] [net.minecraft.world.item.crafting.RecipeManager/]: Skipping loading recipe crockpot:food_values/integration_set/rankine/veggies as it's serializer returned null
[034月2025 21:07:51.771] [main/WARN] [quark-zeta/]: Non-existent flag dripstone being used
[034月2025 21:07:51.774] [main/INFO] [net.minecraft.world.item.crafting.RecipeManager/]: Skipping loading recipe crockpot:food_values/integration_set/wyrmroost/lowtier_meat as it's serializer returned null
[034月2025 21:07:51.775] [main/INFO] [net.minecraft.world.item.crafting.RecipeManager/]: Skipping loading recipe crockpot:food_values/integration_set/culturaldelights/veggies as it's serializer returned null
[034月2025 21:07:51.777] [main/INFO] [net.minecraft.world.item.crafting.RecipeManager/]: Skipping loading recipe crockpot:food_values/integration_set/dropthemeat/meats as it's serializer returned null
[034月2025 21:07:51.778] [main/INFO] [net.minecraft.world.item.crafting.RecipeManager/]: Skipping loading recipe crockpot:food_values/integration_set/projectvibrantjourneys/bark_mushroom as it's serializer returned null
[034月2025 21:07:51.780] [main/INFO] [net.minecraft.world.item.crafting.RecipeManager/]: Skipping loading recipe crockpot:food_values/integration_set/foodexpansion/fried_egg as it's serializer returned null
[034月2025 21:07:51.781] [main/INFO] [net.minecraft.world.item.crafting.RecipeManager/]: Skipping loading recipe crockpot:food_values/integration_set/projectvibrantjourneys/clam as it's serializer returned null
[034月2025 21:07:51.785] [main/INFO] [net.minecraft.world.item.crafting.RecipeManager/]: Skipping loading recipe crockpot:food_values/integration_set/ends_delight/dragon_egg as it's serializer returned null
[034月2025 21:07:51.789] [main/INFO] [net.minecraft.world.item.crafting.RecipeManager/]: Skipping loading recipe crockpot:food_values/integration_set/thermal/syrup_bottle as it's serializer returned null
[034月2025 21:07:51.790] [main/WARN] [quark-zeta/]: Non-existent flag granite being used
[034月2025 21:07:51.790] [main/INFO] [net.minecraft.world.item.crafting.RecipeManager/]: Skipping loading recipe crockpot:food_values/integration_set/grimoireofgaia/taproot as it's serializer returned null
[034月2025 21:07:51.792] [main/INFO] [net.minecraft.world.item.crafting.RecipeManager/]: Skipping loading recipe crockpot:food_values/integration_set/mynethersdelight/hoglin_ear as it's serializer returned null
[034月2025 21:07:51.793] [main/INFO] [net.minecraft.world.item.crafting.RecipeManager/]: Skipping loading recipe crockpot:food_values/integration_set/byg/fruits-s as it's serializer returned null
[034月2025 21:07:51.794] [main/INFO] [net.minecraft.world.item.crafting.RecipeManager/]: Skipping loading recipe crockpot:food_values/integration_set/projectvibrantjourneys/cracked_coconut as it's serializer returned null
[034月2025 21:07:51.795] [main/INFO] [net.minecraft.world.item.crafting.RecipeManager/]: Skipping loading recipe crockpot:food_values/integration_set/alexscaves/trilocaris_tail as it's serializer returned null
[034月2025 21:07:51.796] [main/WARN] [quark-zeta/]: Non-existent flag dripstone being used
[034月2025 21:07:51.797] [main/INFO] [net.minecraft.world.item.crafting.RecipeManager/]: Skipping loading recipe crockpot:parrot_feeding/integration/sushigocrafting/cucumber_seeds as it's serializer returned null
[034月2025 21:07:51.798] [main/INFO] [net.minecraft.world.item.crafting.RecipeManager/]: Skipping loading recipe crockpot:food_values/integration_set/collectorsreap/fishes as it's serializer returned null
[034月2025 21:07:51.799] [main/INFO] [net.minecraft.world.item.crafting.RecipeManager/]: Skipping loading recipe crockpot:food_values/integration_set/unusualfishmod/fishmeats as it's serializer returned null
[034月2025 21:07:51.800] [main/INFO] [net.minecraft.world.item.crafting.RecipeManager/]: Skipping loading recipe crockpot:food_values/integration_set/food_enhancements/green_apple as it's serializer returned null
[034月2025 21:07:51.801] [main/INFO] [net.minecraft.world.item.crafting.RecipeManager/]: Skipping loading recipe crockpot:food_values/integration_set/collectorsreap/uni as it's serializer returned null
[034月2025 21:07:51.805] [main/INFO] [net.minecraft.world.item.crafting.RecipeManager/]: Skipping loading recipe crockpot:food_values/integration_set/voidscape/ethereal_fruit as it's serializer returned null
[034月2025 21:07:51.809] [main/INFO] [net.minecraft.world.item.crafting.RecipeManager/]: Skipping loading recipe crockpot:food_values/integration_set/wyrmroost/dragon_egg as it's serializer returned null
[034月2025 21:07:51.810] [main/INFO] [net.minecraft.world.item.crafting.RecipeManager/]: Skipping loading recipe crockpot:food_values/integration_set/futurepack/hufsteak as it's serializer returned null
[034月2025 21:07:51.811] [main/INFO] [net.minecraft.world.item.crafting.RecipeManager/]: Skipping loading recipe crockpot:food_values/integration_set/betteranimalsplus/fried_egg as it's serializer returned null
[034月2025 21:07:51.812] [main/INFO] [net.minecraft.world.item.crafting.RecipeManager/]: Skipping loading recipe crockpot:food_values/integration_set/alexscaves/radgill as it's serializer returned null
[034月2025 21:07:51.813] [main/INFO] [net.minecraft.world.item.crafting.RecipeManager/]: Skipping loading recipe crockpot:food_values/integration_set/ecofriendly/bilberry_ym as it's serializer returned null
[034月2025 21:07:51.814] [main/INFO] [net.minecraft.world.item.crafting.RecipeManager/]: Skipping loading recipe crockpot:food_values/integration_set/untamedwilds/food_bear as it's serializer returned null
[034月2025 21:07:51.816] [main/INFO] [net.minecraft.world.item.crafting.RecipeManager/]: Skipping loading recipe crockpot:food_values/integration_set/croptopia/saguaro as it's serializer returned null
[034月2025 21:07:51.816] [main/INFO] [net.minecraft.world.item.crafting.RecipeManager/]: Skipping loading recipe crockpot:food_values/integration_set/autumnity/turkey_piece as it's serializer returned null
[034月2025 21:07:51.818] [main/WARN] [quark-zeta/]: Non-existent flag tuff being used
[034月2025 21:07:51.821] [main/INFO] [net.minecraft.world.item.crafting.RecipeManager/]: Skipping loading recipe crockpot:food_values/integration_set/deep_aether/goldenleaf_berries as it's serializer returned null
[034月2025 21:07:51.822] [main/INFO] [net.minecraft.world.item.crafting.RecipeManager/]: Skipping loading recipe crockpot:food_values/integration_set/blue_skies/grittle_flatfish as it's serializer returned null
[034月2025 21:07:51.825] [main/INFO] [net.minecraft.world.item.crafting.RecipeManager/]: Skipping loading recipe crockpot:food_values/integration_set/sushigocrafting/shrimp as it's serializer returned null
[034月2025 21:07:51.827] [main/INFO] [net.minecraft.world.item.crafting.RecipeManager/]: Skipping loading recipe crockpot:food_values/integration_set/silents_mechanisms/cod_jerky as it's serializer returned null
[034月2025 21:07:51.828] [main/WARN] [quark-zeta/]: Non-existent flag calcite being used
[034月2025 21:07:51.829] [main/INFO] [net.minecraft.world.item.crafting.RecipeManager/]: Skipping loading recipe crockpot:food_values/integration_set/mynethersdelight/bullet_pepper as it's serializer returned null
[034月2025 21:07:51.835] [main/WARN] [quark-zeta/]: Non-existent flag diorite being used
[034月2025 21:07:51.836] [main/INFO] [net.minecraft.world.item.crafting.RecipeManager/]: Skipping loading recipe crockpot:food_values/integration_set/thermal/cooked_mushroom as it's serializer returned null
[034月2025 21:07:51.839] [main/INFO] [net.minecraft.world.item.crafting.RecipeManager/]: Skipping loading recipe crockpot:food_values/integration_set/undergarden/glitterkelp as it's serializer returned null
[034月2025 21:07:51.840] [main/INFO] [net.minecraft.world.item.crafting.RecipeManager/]: Skipping loading recipe crockpot:food_values/integration_set/betteranimalsplus/pheasant as it's serializer returned null
[034月2025 21:07:51.843] [main/WARN] [quark-zeta/]: Non-existent flag dripstone being used
[034月2025 21:07:51.843] [main/WARN] [quark-zeta/]: Non-existent flag dripstone being used
[034月2025 21:07:51.844] [main/INFO] [net.minecraft.world.item.crafting.RecipeManager/]: Skipping loading recipe crockpot:food_values/integration_set/xlfoodmod/onion_rings as it's serializer returned null
[034月2025 21:07:51.845] [main/INFO] [net.minecraft.world.item.crafting.RecipeManager/]: Skipping loading recipe crockpot:food_values/integration_set/croptopia/no-value as it's serializer returned null
[034月2025 21:07:51.846] [main/WARN] [quark-zeta/]: Non-existent flag diorite being used
[034月2025 21:07:51.848] [main/INFO] [net.minecraft.world.item.crafting.RecipeManager/]: Skipping loading recipe crockpot:food_values/integration_set/vintagedelight/fruits-s as it's serializer returned null
[034月2025 21:07:51.849] [main/INFO] [net.minecraft.world.item.crafting.RecipeManager/]: Skipping loading recipe crockpot:parrot_feeding/integration/collectorsreap/lime_seeds_1 as it's serializer returned null
[034月2025 21:07:51.852] [main/INFO] [net.minecraft.world.item.crafting.RecipeManager/]: Skipping loading recipe crockpot:parrot_feeding/integration/collectorsreap/lime_seeds_2 as it's serializer returned null
[034月2025 21:07:51.853] [main/INFO] [net.minecraft.world.item.crafting.RecipeManager/]: Skipping loading recipe crockpot:food_values/integration_set/grimoireofgaia/honeydew as it's serializer returned null
[034月2025 21:07:51.854] [main/WARN] [quark-zeta/]: Non-existent flag andesite being used
[034月2025 21:07:51.855] [main/INFO] [net.minecraft.world.item.crafting.RecipeManager/]: Skipping loading recipe crockpot:food_values/integration_set/vanillafoodpantry/guardian_meat as it's serializer returned null
[034月2025 21:07:51.857] [main/INFO] [net.minecraft.world.item.crafting.RecipeManager/]: Skipping loading recipe crockpot:food_values/integration_set/windswept/frozen_flesh as it's serializer returned null
[034月2025 21:07:51.857] [main/INFO] [net.minecraft.world.item.crafting.RecipeManager/]: Skipping loading recipe crockpot:food_values/integration_set/culturaldelights/calamari as it's serializer returned null
[034月2025 21:07:51.858] [main/INFO] [net.minecraft.world.item.crafting.RecipeManager/]: Skipping loading recipe crockpot:food_values/integration_set/atmospheric/yellow_blossoms as it's serializer returned null
[034月2025 21:07:51.861] [main/INFO] [net.minecraft.world.item.crafting.RecipeManager/]: Skipping loading recipe crockpot:food_values/integration_set/nourished_end/raw_stalker as it's serializer returned null
[034月2025 21:07:51.861] [main/INFO] [net.minecraft.world.item.crafting.RecipeManager/]: Skipping loading recipe crockpot:food_values/integration_set/naturalist/meats-s as it's serializer returned null
[034月2025 21:07:51.863] [main/WARN] [quark-zeta/]: Non-existent flag diorite being used
[034月2025 21:07:51.864] [main/INFO] [net.minecraft.world.item.crafting.RecipeManager/]: Skipping loading recipe crockpot:food_values/integration_set/abnormals_delight/perch_slice as it's serializer returned null
[034月2025 21:07:51.865] [main/INFO] [net.minecraft.world.item.crafting.RecipeManager/]: Skipping loading recipe crockpot:food_values/integration_set/good_nights_sleep/rainbow_berries as it's serializer returned null
[034月2025 21:07:51.869] [main/INFO] [net.minecraft.world.item.crafting.RecipeManager/]: Skipping loading recipe crockpot:food_values/integration_set/farm_and_charm/stawberry as it's serializer returned null
[034月2025 21:07:51.872] [main/WARN] [quark-zeta/]: Non-existent flag dripstone being used
[034月2025 21:07:51.873] [main/INFO] [net.minecraft.world.item.crafting.RecipeManager/]: Skipping loading recipe crockpot:food_values/integration_set/braziliandelight/shrimp as it's serializer returned null
[034月2025 21:07:51.873] [main/INFO] [net.minecraft.world.item.crafting.RecipeManager/]: Skipping loading recipe crockpot:food_values/integration_set/byg/fruits as it's serializer returned null
[034月2025 21:07:51.875] [main/INFO] [net.minecraft.world.item.crafting.RecipeManager/]: Skipping loading recipe crockpot:food_values/integration_set/futurepack/mendel_berry as it's serializer returned null
[034月2025 21:07:51.876] [main/INFO] [net.minecraft.world.item.crafting.RecipeManager/]: Skipping loading recipe crockpot:parrot_feeding/integration/vintagedelight/ghost_pepper_seeds as it's serializer returned null
[034月2025 21:07:51.877] [main/INFO] [net.minecraft.world.item.crafting.RecipeManager/]: Skipping loading recipe crockpot:food_values/integration_set/silents_mechanisms/meats-s as it's serializer returned null
[034月2025 21:07:51.878] [main/WARN] [quark-zeta/]: Non-existent flag tuff being used
[034月2025 21:07:51.879] [main/INFO] [net.minecraft.world.item.crafting.RecipeManager/]: Skipping loading recipe crockpot:food_values/integration_set/blue_skies/fruits-s as it's serializer returned null
[034月2025 21:07:51.881] [main/INFO] [net.minecraft.world.item.crafting.RecipeManager/]: Skipping loading recipe crockpot:food_values/integration_set/mysticalworld/venison as it's serializer returned null
[034月2025 21:07:51.883] [main/INFO] [net.minecraft.world.item.crafting.RecipeManager/]: Skipping loading recipe crockpot:food_values/integration_set/biomemakeover/glowfish as it's serializer returned null
[034月2025 21:07:51.886] [main/INFO] [net.minecraft.world.item.crafting.RecipeManager/]: Skipping loading recipe crockpot:food_values/integration_set/lightmeals/cactus_fruit as it's serializer returned null
[034月2025 21:07:51.887] [main/INFO] [net.minecraft.world.item.crafting.RecipeManager/]: Skipping loading recipe crockpot:food_values/integration_set/food_enhancements/cooked_mushroom as it's serializer returned null
[034月2025 21:07:51.889] [main/INFO] [net.minecraft.world.item.crafting.RecipeManager/]: Skipping loading recipe crockpot:food_values/integration_set/naturalist/eggs as it's serializer returned null
[034月2025 21:07:51.890] [main/WARN] [quark-zeta/]: Non-existent flag tuff being used
[034月2025 21:07:51.893] [main/INFO] [net.minecraft.world.item.crafting.RecipeManager/]: Loaded 22 recipes
[034月2025 21:07:52.078] [main/INFO] [quark/]: [Automatic Recipe Unlock] Removed 1507 recipe advancements
[034月2025 21:07:52.092] [main/INFO] [net.minecraft.advancements.AdvancementList/]: Loaded 335 advancements
[034月2025 21:07:52.110] [main/INFO] [placebo/]: Registered 26 additional recipes.
[034月2025 21:07:52.247] [Forge Version Check/WARN] [net.minecraftforge.fml.VersionChecker/]: Failed to process update information
java.net.http.HttpConnectTimeoutException: HTTP connect timed out
	at jdk.internal.net.http.HttpClientImpl.send(HttpClientImpl.java:945) ~[java.net.http:?]
	at jdk.internal.net.http.HttpClientFacade.send(HttpClientFacade.java:133) ~[java.net.http:?]
	at net.minecraftforge.fml.VersionChecker$1.openUrlString(VersionChecker.java:142) ~[fmlcore-1.20.1-47.3.33.jar%23216!/:?]
	at net.minecraftforge.fml.VersionChecker$1.process(VersionChecker.java:180) ~[fmlcore-1.20.1-47.3.33.jar%23216!/:?]
	at java.lang.Iterable.forEach(Iterable.java:75) ~[?:?]
	at net.minecraftforge.fml.VersionChecker$1.run(VersionChecker.java:117) ~[fmlcore-1.20.1-47.3.33.jar%23216!/:?]
Caused by: java.net.http.HttpConnectTimeoutException: HTTP connect timed out
	at jdk.internal.net.http.MultiExchange.toTimeoutException(MultiExchange.java:585) ~[java.net.http:?]
	at jdk.internal.net.http.MultiExchange.getExceptionalCF(MultiExchange.java:532) ~[java.net.http:?]
	at jdk.internal.net.http.MultiExchange.lambda$responseAsyncImpl$7(MultiExchange.java:452) ~[java.net.http:?]
	at java.util.concurrent.CompletableFuture.uniHandle(CompletableFuture.java:934) ~[?:?]
	at java.util.concurrent.CompletableFuture$UniHandle.tryFire(CompletableFuture.java:911) ~[?:?]
	at java.util.concurrent.CompletableFuture.postComplete(CompletableFuture.java:510) ~[?:?]
	at java.util.concurrent.CompletableFuture.completeExceptionally(CompletableFuture.java:2194) ~[?:?]
	at jdk.internal.net.http.common.SSLFlowDelegate.stopOnError(SSLFlowDelegate.java:999) ~[java.net.http:?]
	at java.util.concurrent.CompletableFuture.uniExceptionally(CompletableFuture.java:990) ~[?:?]
	at java.util.concurrent.CompletableFuture$UniExceptionally.tryFire(CompletableFuture.java:974) ~[?:?]
	at java.util.concurrent.CompletableFuture.postComplete(CompletableFuture.java:510) ~[?:?]
	at java.util.concurrent.CompletableFuture.completeExceptionally(CompletableFuture.java:2194) ~[?:?]
	at jdk.internal.net.http.common.SubscriberWrapper$DownstreamPusher.run1(SubscriberWrapper.java:295) ~[java.net.http:?]
	at jdk.internal.net.http.common.SubscriberWrapper$DownstreamPusher.run(SubscriberWrapper.java:259) ~[java.net.http:?]
	at jdk.internal.net.http.common.SequentialScheduler$LockingRestartableTask.run(SequentialScheduler.java:182) ~[java.net.http:?]
	at jdk.internal.net.http.common.SequentialScheduler$CompleteRestartableTask.run(SequentialScheduler.java:149) ~[java.net.http:?]
	at jdk.internal.net.http.common.SequentialScheduler$SchedulableTask.run(SequentialScheduler.java:207) ~[java.net.http:?]
	at jdk.internal.net.http.common.SequentialScheduler.runOrSchedule(SequentialScheduler.java:280) ~[java.net.http:?]
	at jdk.internal.net.http.common.SequentialScheduler.runOrSchedule(SequentialScheduler.java:233) ~[java.net.http:?]
	at jdk.internal.net.http.common.SubscriberWrapper.errorCommon(SubscriberWrapper.java:421) ~[java.net.http:?]
	at jdk.internal.net.http.common.SSLFlowDelegate$Reader.errorCommon(SSLFlowDelegate.java:370) ~[java.net.http:?]
	at jdk.internal.net.http.common.SubscriberWrapper.onError(SubscriberWrapper.java:412) ~[java.net.http:?]
	at jdk.internal.net.http.SocketTube$InternalReadPublisher$ReadSubscription.signalCompletion(SocketTube.java:645) ~[java.net.http:?]
	at jdk.internal.net.http.SocketTube$InternalReadPublisher$InternalReadSubscription.read(SocketTube.java:829) ~[java.net.http:?]
	at jdk.internal.net.http.SocketTube$SocketFlowTask.run(SocketTube.java:181) ~[java.net.http:?]
	at jdk.internal.net.http.common.SequentialScheduler$SchedulableTask.run(SequentialScheduler.java:207) ~[java.net.http:?]
	at jdk.internal.net.http.common.SequentialScheduler.runOrSchedule(SequentialScheduler.java:280) ~[java.net.http:?]
	at jdk.internal.net.http.common.SequentialScheduler.runOrSchedule(SequentialScheduler.java:233) ~[java.net.http:?]
	at jdk.internal.net.http.SocketTube$InternalReadPublisher$InternalReadSubscription.signalError(SocketTube.java:778) ~[java.net.http:?]
	at jdk.internal.net.http.SocketTube.signalClosed(SocketTube.java:159) ~[java.net.http:?]
	at jdk.internal.net.http.PlainHttpConnection.close(PlainHttpConnection.java:428) ~[java.net.http:?]
	at jdk.internal.net.http.AsyncSSLConnection.close(AsyncSSLConnection.java:116) ~[java.net.http:?]
	at jdk.internal.net.http.Exchange$ConnectionAborter.closeConnection(Exchange.java:202) ~[java.net.http:?]
	at jdk.internal.net.http.Exchange$ConnectionAborter.closeConnection(Exchange.java:185) ~[java.net.http:?]
	at jdk.internal.net.http.Exchange.cancel(Exchange.java:293) ~[java.net.http:?]
	at jdk.internal.net.http.MultiExchange.cancel(MultiExchange.java:265) ~[java.net.http:?]
	at jdk.internal.net.http.ResponseTimerEvent.handle(ResponseTimerEvent.java:71) ~[java.net.http:?]
	at jdk.internal.net.http.HttpClientImpl.purgeTimeoutsAndReturnNextDeadline(HttpClientImpl.java:1780) ~[java.net.http:?]
	at jdk.internal.net.http.HttpClientImpl$SelectorManager.run(HttpClientImpl.java:1378) ~[java.net.http:?]
Caused by: java.net.ConnectException: HTTP connect timed out
	at jdk.internal.net.http.MultiExchange.toTimeoutException(MultiExchange.java:586) ~[java.net.http:?]
	at jdk.internal.net.http.MultiExchange.getExceptionalCF(MultiExchange.java:532) ~[java.net.http:?]
	at jdk.internal.net.http.MultiExchange.lambda$responseAsyncImpl$7(MultiExchange.java:452) ~[java.net.http:?]
	at java.util.concurrent.CompletableFuture.uniHandle(CompletableFuture.java:934) ~[?:?]
	at java.util.concurrent.CompletableFuture$UniHandle.tryFire(CompletableFuture.java:911) ~[?:?]
	at java.util.concurrent.CompletableFuture.postComplete(CompletableFuture.java:510) ~[?:?]
	at java.util.concurrent.CompletableFuture.completeExceptionally(CompletableFuture.java:2194) ~[?:?]
	at jdk.internal.net.http.common.SSLFlowDelegate.stopOnError(SSLFlowDelegate.java:999) ~[java.net.http:?]
	at java.util.concurrent.CompletableFuture.uniExceptionally(CompletableFuture.java:990) ~[?:?]
	at java.util.concurrent.CompletableFuture$UniExceptionally.tryFire(CompletableFuture.java:974) ~[?:?]
	at java.util.concurrent.CompletableFuture.postComplete(CompletableFuture.java:510) ~[?:?]
	at java.util.concurrent.CompletableFuture.completeExceptionally(CompletableFuture.java:2194) ~[?:?]
	at jdk.internal.net.http.common.SubscriberWrapper$DownstreamPusher.run1(SubscriberWrapper.java:295) ~[java.net.http:?]
	at jdk.internal.net.http.common.SubscriberWrapper$DownstreamPusher.run(SubscriberWrapper.java:259) ~[java.net.http:?]
	at jdk.internal.net.http.common.SequentialScheduler$LockingRestartableTask.run(SequentialScheduler.java:182) ~[java.net.http:?]
	at jdk.internal.net.http.common.SequentialScheduler$CompleteRestartableTask.run(SequentialScheduler.java:149) ~[java.net.http:?]
	at jdk.internal.net.http.common.SequentialScheduler$SchedulableTask.run(SequentialScheduler.java:207) ~[java.net.http:?]
	at jdk.internal.net.http.common.SequentialScheduler.runOrSchedule(SequentialScheduler.java:280) ~[java.net.http:?]
	at jdk.internal.net.http.common.SequentialScheduler.runOrSchedule(SequentialScheduler.java:233) ~[java.net.http:?]
	at jdk.internal.net.http.common.SubscriberWrapper.errorCommon(SubscriberWrapper.java:421) ~[java.net.http:?]
	at jdk.internal.net.http.common.SSLFlowDelegate$Reader.errorCommon(SSLFlowDelegate.java:370) ~[java.net.http:?]
	at jdk.internal.net.http.common.SubscriberWrapper.onError(SubscriberWrapper.java:412) ~[java.net.http:?]
	at jdk.internal.net.http.SocketTube$InternalReadPublisher$ReadSubscription.signalCompletion(SocketTube.java:645) ~[java.net.http:?]
	at jdk.internal.net.http.SocketTube$InternalReadPublisher$InternalReadSubscription.read(SocketTube.java:829) ~[java.net.http:?]
	at jdk.internal.net.http.SocketTube$SocketFlowTask.run(SocketTube.java:181) ~[java.net.http:?]
	at jdk.internal.net.http.common.SequentialScheduler$SchedulableTask.run(SequentialScheduler.java:207) ~[java.net.http:?]
	at jdk.internal.net.http.common.SequentialScheduler.runOrSchedule(SequentialScheduler.java:280) ~[java.net.http:?]
	at jdk.internal.net.http.common.SequentialScheduler.runOrSchedule(SequentialScheduler.java:233) ~[java.net.http:?]
	at jdk.internal.net.http.SocketTube$InternalReadPublisher$InternalReadSubscription.signalError(SocketTube.java:778) ~[java.net.http:?]
	at jdk.internal.net.http.SocketTube.signalClosed(SocketTube.java:159) ~[java.net.http:?]
	at jdk.internal.net.http.PlainHttpConnection.close(PlainHttpConnection.java:428) ~[java.net.http:?]
	at jdk.internal.net.http.AsyncSSLConnection.close(AsyncSSLConnection.java:116) ~[java.net.http:?]
	at jdk.internal.net.http.Exchange$ConnectionAborter.closeConnection(Exchange.java:202) ~[java.net.http:?]
	at jdk.internal.net.http.Exchange$ConnectionAborter.closeConnection(Exchange.java:185) ~[java.net.http:?]
	at jdk.internal.net.http.Exchange.cancel(Exchange.java:293) ~[java.net.http:?]
	at jdk.internal.net.http.MultiExchange.cancel(MultiExchange.java:265) ~[java.net.http:?]
	at jdk.internal.net.http.ResponseTimerEvent.handle(ResponseTimerEvent.java:71) ~[java.net.http:?]
	at jdk.internal.net.http.HttpClientImpl.purgeTimeoutsAndReturnNextDeadline(HttpClientImpl.java:1780) ~[java.net.http:?]
	at jdk.internal.net.http.HttpClientImpl$SelectorManager.run(HttpClientImpl.java:1378) ~[java.net.http:?]
[034月2025 21:07:52.296] [Forge Version Check/INFO] [net.minecraftforge.fml.VersionChecker/]: [puzzlesaccessapi] Starting version check at https://raw.githubusercontent.com/Fuzss/modresources/main/update/puzzlesaccessapi.json
[034月2025 21:07:52.333] [Forge Version Check/WARN] [net.minecraftforge.fml.VersionChecker/]: Failed to process update information
java.net.ConnectException: null
	at jdk.internal.net.http.HttpClientImpl.send(HttpClientImpl.java:951) ~[java.net.http:?]
	at jdk.internal.net.http.HttpClientFacade.send(HttpClientFacade.java:133) ~[java.net.http:?]
	at net.minecraftforge.fml.VersionChecker$1.openUrlString(VersionChecker.java:142) ~[fmlcore-1.20.1-47.3.33.jar%23216!/:?]
	at net.minecraftforge.fml.VersionChecker$1.process(VersionChecker.java:180) ~[fmlcore-1.20.1-47.3.33.jar%23216!/:?]
	at java.lang.Iterable.forEach(Iterable.java:75) ~[?:?]
	at net.minecraftforge.fml.VersionChecker$1.run(VersionChecker.java:117) ~[fmlcore-1.20.1-47.3.33.jar%23216!/:?]
Caused by: java.net.ConnectException
	at jdk.internal.net.http.common.Utils.toConnectException(Utils.java:1041) ~[java.net.http:?]
	at jdk.internal.net.http.PlainHttpConnection.connectAsync(PlainHttpConnection.java:227) ~[java.net.http:?]
	at jdk.internal.net.http.AsyncSSLConnection.connectAsync(AsyncSSLConnection.java:56) ~[java.net.http:?]
	at jdk.internal.net.http.Http2Connection.createAsync(Http2Connection.java:527) ~[java.net.http:?]
	at jdk.internal.net.http.Http2ClientImpl.getConnectionFor(Http2ClientImpl.java:138) ~[java.net.http:?]
	at jdk.internal.net.http.ExchangeImpl.get(ExchangeImpl.java:94) ~[java.net.http:?]
	at jdk.internal.net.http.Exchange.establishExchange(Exchange.java:391) ~[java.net.http:?]
	at jdk.internal.net.http.Exchange.responseAsyncImpl0(Exchange.java:584) ~[java.net.http:?]
	at jdk.internal.net.http.Exchange.responseAsyncImpl(Exchange.java:428) ~[java.net.http:?]
	at jdk.internal.net.http.Exchange.responseAsync(Exchange.java:420) ~[java.net.http:?]
	at jdk.internal.net.http.MultiExchange.responseAsyncImpl(MultiExchange.java:413) ~[java.net.http:?]
	at jdk.internal.net.http.MultiExchange.lambda$responseAsyncImpl$7(MultiExchange.java:454) ~[java.net.http:?]
	at java.util.concurrent.CompletableFuture.uniHandle(CompletableFuture.java:934) ~[?:?]
	at java.util.concurrent.CompletableFuture.uniHandleStage(CompletableFuture.java:950) ~[?:?]
	at java.util.concurrent.CompletableFuture.handle(CompletableFuture.java:2372) ~[?:?]
	at jdk.internal.net.http.MultiExchange.responseAsyncImpl(MultiExchange.java:444) ~[java.net.http:?]
	at jdk.internal.net.http.MultiExchange.lambda$responseAsync0$2(MultiExchange.java:346) ~[java.net.http:?]
	at java.util.concurrent.CompletableFuture$UniCompose.tryFire(CompletableFuture.java:1150) ~[?:?]
	at java.util.concurrent.CompletableFuture.postComplete(CompletableFuture.java:510) ~[?:?]
	at java.util.concurrent.CompletableFuture$AsyncSupply.run(CompletableFuture.java:1773) ~[?:?]
	at jdk.internal.net.http.HttpClientImpl$DelegatingExecutor.execute(HttpClientImpl.java:177) ~[java.net.http:?]
	at java.util.concurrent.CompletableFuture.completeAsync(CompletableFuture.java:2719) ~[?:?]
	at jdk.internal.net.http.MultiExchange.responseAsync(MultiExchange.java:299) ~[java.net.http:?]
	at jdk.internal.net.http.HttpClientImpl.sendAsync(HttpClientImpl.java:1049) ~[java.net.http:?]
	at jdk.internal.net.http.HttpClientImpl.send(HttpClientImpl.java:930) ~[java.net.http:?]
	... 5 more
Caused by: java.nio.channels.UnresolvedAddressException
	at sun.nio.ch.Net.checkAddress(Net.java:137) ~[?:?]
	at sun.nio.ch.Net.checkAddress(Net.java:145) ~[?:?]
	at sun.nio.ch.SocketChannelImpl.checkRemote(SocketChannelImpl.java:842) ~[?:?]
	at sun.nio.ch.SocketChannelImpl.connect(SocketChannelImpl.java:865) ~[?:?]
	at jdk.internal.net.http.PlainHttpConnection.lambda$connectAsync$1(PlainHttpConnection.java:210) ~[java.net.http:?]
	at java.security.AccessController.doPrivileged(AccessController.java:571) ~[?:?]
	at jdk.internal.net.http.PlainHttpConnection.connectAsync(PlainHttpConnection.java:212) ~[java.net.http:?]
	at jdk.internal.net.http.AsyncSSLConnection.connectAsync(AsyncSSLConnection.java:56) ~[java.net.http:?]
	at jdk.internal.net.http.Http2Connection.createAsync(Http2Connection.java:527) ~[java.net.http:?]
	at jdk.internal.net.http.Http2ClientImpl.getConnectionFor(Http2ClientImpl.java:138) ~[java.net.http:?]
	at jdk.internal.net.http.ExchangeImpl.get(ExchangeImpl.java:94) ~[java.net.http:?]
	at jdk.internal.net.http.Exchange.establishExchange(Exchange.java:391) ~[java.net.http:?]
	at jdk.internal.net.http.Exchange.responseAsyncImpl0(Exchange.java:584) ~[java.net.http:?]
	at jdk.internal.net.http.Exchange.responseAsyncImpl(Exchange.java:428) ~[java.net.http:?]
	at jdk.internal.net.http.Exchange.responseAsync(Exchange.java:420) ~[java.net.http:?]
	at jdk.internal.net.http.MultiExchange.responseAsyncImpl(MultiExchange.java:413) ~[java.net.http:?]
	at jdk.internal.net.http.MultiExchange.lambda$responseAsyncImpl$7(MultiExchange.java:454) ~[java.net.http:?]
	at java.util.concurrent.CompletableFuture.uniHandle(CompletableFuture.java:934) ~[?:?]
	at java.util.concurrent.CompletableFuture.uniHandleStage(CompletableFuture.java:950) ~[?:?]
	at java.util.concurrent.CompletableFuture.handle(CompletableFuture.java:2372) ~[?:?]
	at jdk.internal.net.http.MultiExchange.responseAsyncImpl(MultiExchange.java:444) ~[java.net.http:?]
	at jdk.internal.net.http.MultiExchange.lambda$responseAsync0$2(MultiExchange.java:346) ~[java.net.http:?]
	at java.util.concurrent.CompletableFuture$UniCompose.tryFire(CompletableFuture.java:1150) ~[?:?]
	at java.util.concurrent.CompletableFuture.postComplete(CompletableFuture.java:510) ~[?:?]
	at java.util.concurrent.CompletableFuture$AsyncSupply.run(CompletableFuture.java:1773) ~[?:?]
	at jdk.internal.net.http.HttpClientImpl$DelegatingExecutor.execute(HttpClientImpl.java:177) ~[java.net.http:?]
	at java.util.concurrent.CompletableFuture.completeAsync(CompletableFuture.java:2719) ~[?:?]
	at jdk.internal.net.http.MultiExchange.responseAsync(MultiExchange.java:299) ~[java.net.http:?]
	at jdk.internal.net.http.HttpClientImpl.sendAsync(HttpClientImpl.java:1049) ~[java.net.http:?]
	at jdk.internal.net.http.HttpClientImpl.send(HttpClientImpl.java:930) ~[java.net.http:?]
	... 5 more
[034月2025 21:07:52.350] [Forge Version Check/INFO] [net.minecraftforge.fml.VersionChecker/]: [forge] Starting version check at https://files.minecraftforge.net/net/minecraftforge/forge/promotions_slim.json
[034月2025 21:07:52.434] [main/WARN] [net.minecraftforge.common.loot.LootModifierManager/]: Could not decode GlobalLootModifier with json id domesticationinnovation:blazing_enchanted_book - error: Not a JSON object: null
[034月2025 21:07:52.469] [main/INFO] [top.theillusivec4.curios.Curios/]: Loaded 11 curio slots
[034月2025 21:07:52.490] [main/INFO] [top.theillusivec4.curios.Curios/]: Loaded 10 curio entities
[034月2025 21:07:52.504] [main/INFO] [quark-zeta/]: Modified advancement minecraft:husbandry/wax_on with 2 patches
[034月2025 21:07:52.508] [main/INFO] [quark-zeta/]: Modified advancement minecraft:adventure/kill_a_mob with 3 patches
[034月2025 21:07:52.510] [main/INFO] [quark-zeta/]: Modified advancement minecraft:husbandry/bred_all_animals with 3 patches
[034月2025 21:07:52.525] [main/INFO] [quark-zeta/]: Modified advancement minecraft:adventure/kill_all_mobs with 3 patches
[034月2025 21:07:52.529] [main/INFO] [quark-zeta/]: Modified advancement minecraft:husbandry/balanced_diet with 2 patches
[034月2025 21:07:52.531] [main/INFO] [quark-zeta/]: Modified advancement minecraft:nether/all_effects with 1 patches
[034月2025 21:07:52.534] [main/INFO] [quark-zeta/]: Modified advancement minecraft:husbandry/wax_off with 2 patches
[034月2025 21:07:52.541] [main/INFO] [quark-zeta/]: Modified advancement minecraft:adventure/adventuring_time with 1 patches
[034月2025 21:07:52.545] [main/INFO] [quark-zeta/]: Modified advancement minecraft:nether/all_potions with 1 patches
[034月2025 21:07:52.576] [main/INFO] [placebo/]: Registered 16 gear_sets.
[034月2025 21:07:52.586] [main/INFO] [Apotheosis : Enchantment/]: Registered 29 enchanting_stats.
[034月2025 21:07:52.592] [main/INFO] [Apotheosis : Adventure/]: Registered 6 rarities.
[034月2025 21:07:52.604] [main/ERROR] [placebo/]: Codec failure for type affixes, message: Failure when parsing a affixes. Unrecognized type: apotheosis_modern_ragnarok:ammo_capacity
[034月2025 21:07:52.605] [main/ERROR] [Apotheosis : Adventure/]: Failed parsing affixes file apotheosis_modern_ragnarok:clip_expansion.
[034月2025 21:07:52.607] [main/ERROR] [Apotheosis : Adventure/]: Underlying Exception: 
java.lang.RuntimeException: Failure when parsing a affixes. Unrecognized type: apotheosis_modern_ragnarok:ammo_capacity
	at com.mojang.serialization.DataResult.lambda$getOrThrow$5(DataResult.java:101) ~[datafixerupper-6.0.8.jar%2377!/:?]
	at com.mojang.datafixers.util.Either$Right.map(Either.java:99) ~[datafixerupper-6.0.8.jar%2377!/:?]
	at com.mojang.serialization.DataResult.getOrThrow(DataResult.java:93) ~[datafixerupper-6.0.8.jar%2377!/:?]
	at dev.shadowsoffire.placebo.reload.DynamicRegistry.lambda$apply$0(DynamicRegistry.java:140) ~[Placebo-1.20.1-8.6.2.jar%23208!/:8.6.2]
	at java.util.HashMap.forEach(HashMap.java:1429) ~[?:?]
	at dev.shadowsoffire.placebo.reload.DynamicRegistry.apply(DynamicRegistry.java:136) ~[Placebo-1.20.1-8.6.2.jar%23208!/:8.6.2]
	at dev.shadowsoffire.placebo.reload.DynamicRegistry.m_5787_(DynamicRegistry.java:62) ~[Placebo-1.20.1-8.6.2.jar%23208!/:8.6.2]
	at net.minecraft.server.packs.resources.SimplePreparableReloadListener.m_10789_(SimplePreparableReloadListener.java:13) ~[server-1.20.1-20230612.114412-srg.jar%23215!/:?]
	at java.util.concurrent.CompletableFuture$UniAccept.tryFire(CompletableFuture.java:718) ~[?:?]
	at java.util.concurrent.CompletableFuture$Completion.run(CompletableFuture.java:482) ~[?:?]
	at net.minecraft.server.packs.resources.SimpleReloadInstance.m_143940_(SimpleReloadInstance.java:69) ~[server-1.20.1-20230612.114412-srg.jar%23215!/:?]
	at net.minecraft.Util.m_214652_(Util.java:783) ~[server-1.20.1-20230612.114412-srg.jar%23215!/:?]
	at net.minecraft.Util.m_214679_(Util.java:772) ~[server-1.20.1-20230612.114412-srg.jar%23215!/:?]
	at net.minecraft.server.Main.main(Main.java:166) ~[server-1.20.1-20230612.114412-srg.jar%23215!/:?]
	at jdk.internal.reflect.DirectMethodHandleAccessor.invoke(DirectMethodHandleAccessor.java:103) ~[?:?]
	at java.lang.reflect.Method.invoke(Method.java:580) ~[?:?]
	at net.minecraftforge.fml.loading.targets.CommonLaunchHandler.runTarget(CommonLaunchHandler.java:111) ~[fmlloader-1.20.1-47.3.33.jar%2369!/:?]
	at net.minecraftforge.fml.loading.targets.CommonLaunchHandler.serverService(CommonLaunchHandler.java:103) ~[fmlloader-1.20.1-47.3.33.jar%2369!/:?]
	at net.minecraftforge.fml.loading.targets.CommonServerLaunchHandler.lambda$makeService$0(CommonServerLaunchHandler.java:27) ~[fmlloader-1.20.1-47.3.33.jar%2369!/:?]
	at cpw.mods.modlauncher.LaunchServiceHandlerDecorator.launch(LaunchServiceHandlerDecorator.java:30) ~[modlauncher-10.0.9.jar%2355!/:?]
	at cpw.mods.modlauncher.LaunchServiceHandler.launch(LaunchServiceHandler.java:53) ~[modlauncher-10.0.9.jar%2355!/:?]
	at cpw.mods.modlauncher.LaunchServiceHandler.launch(LaunchServiceHandler.java:71) ~[modlauncher-10.0.9.jar%2355!/:?]
	at cpw.mods.modlauncher.Launcher.run(Launcher.java:108) ~[modlauncher-10.0.9.jar%2355!/:?]
	at cpw.mods.modlauncher.Launcher.main(Launcher.java:78) ~[modlauncher-10.0.9.jar%2355!/:?]
	at cpw.mods.modlauncher.BootstrapLaunchConsumer.accept(BootstrapLaunchConsumer.java:26) ~[modlauncher-10.0.9.jar%2355!/:?]
	at cpw.mods.modlauncher.BootstrapLaunchConsumer.accept(BootstrapLaunchConsumer.java:23) ~[modlauncher-10.0.9.jar%2355!/:?]
	at cpw.mods.bootstraplauncher.BootstrapLauncher.main(BootstrapLauncher.java:141) ~[bootstraplauncher-1.1.2.jar:?]
[034月2025 21:07:52.658] [main/ERROR] [placebo/]: Codec failure for type affixes, message: Failure when parsing a affixes. Unrecognized type: apotheosis_modern_ragnarok:damage_bonus
[034月2025 21:07:52.659] [main/ERROR] [Apotheosis : Adventure/]: Failed parsing affixes file apotheosis_modern_ragnarok:magnum.
[034月2025 21:07:52.661] [main/ERROR] [Apotheosis : Adventure/]: Underlying Exception: 
java.lang.RuntimeException: Failure when parsing a affixes. Unrecognized type: apotheosis_modern_ragnarok:damage_bonus
	at com.mojang.serialization.DataResult.lambda$getOrThrow$5(DataResult.java:101) ~[datafixerupper-6.0.8.jar%2377!/:?]
	at com.mojang.datafixers.util.Either$Right.map(Either.java:99) ~[datafixerupper-6.0.8.jar%2377!/:?]
	at com.mojang.serialization.DataResult.getOrThrow(DataResult.java:93) ~[datafixerupper-6.0.8.jar%2377!/:?]
	at dev.shadowsoffire.placebo.reload.DynamicRegistry.lambda$apply$0(DynamicRegistry.java:140) ~[Placebo-1.20.1-8.6.2.jar%23208!/:8.6.2]
	at java.util.HashMap.forEach(HashMap.java:1429) ~[?:?]
	at dev.shadowsoffire.placebo.reload.DynamicRegistry.apply(DynamicRegistry.java:136) ~[Placebo-1.20.1-8.6.2.jar%23208!/:8.6.2]
	at dev.shadowsoffire.placebo.reload.DynamicRegistry.m_5787_(DynamicRegistry.java:62) ~[Placebo-1.20.1-8.6.2.jar%23208!/:8.6.2]
	at net.minecraft.server.packs.resources.SimplePreparableReloadListener.m_10789_(SimplePreparableReloadListener.java:13) ~[server-1.20.1-20230612.114412-srg.jar%23215!/:?]
	at java.util.concurrent.CompletableFuture$UniAccept.tryFire(CompletableFuture.java:718) ~[?:?]
	at java.util.concurrent.CompletableFuture$Completion.run(CompletableFuture.java:482) ~[?:?]
	at net.minecraft.server.packs.resources.SimpleReloadInstance.m_143940_(SimpleReloadInstance.java:69) ~[server-1.20.1-20230612.114412-srg.jar%23215!/:?]
	at net.minecraft.Util.m_214652_(Util.java:783) ~[server-1.20.1-20230612.114412-srg.jar%23215!/:?]
	at net.minecraft.Util.m_214679_(Util.java:772) ~[server-1.20.1-20230612.114412-srg.jar%23215!/:?]
	at net.minecraft.server.Main.main(Main.java:166) ~[server-1.20.1-20230612.114412-srg.jar%23215!/:?]
	at jdk.internal.reflect.DirectMethodHandleAccessor.invoke(DirectMethodHandleAccessor.java:103) ~[?:?]
	at java.lang.reflect.Method.invoke(Method.java:580) ~[?:?]
	at net.minecraftforge.fml.loading.targets.CommonLaunchHandler.runTarget(CommonLaunchHandler.java:111) ~[fmlloader-1.20.1-47.3.33.jar%2369!/:?]
	at net.minecraftforge.fml.loading.targets.CommonLaunchHandler.serverService(CommonLaunchHandler.java:103) ~[fmlloader-1.20.1-47.3.33.jar%2369!/:?]
	at net.minecraftforge.fml.loading.targets.CommonServerLaunchHandler.lambda$makeService$0(CommonServerLaunchHandler.java:27) ~[fmlloader-1.20.1-47.3.33.jar%2369!/:?]
	at cpw.mods.modlauncher.LaunchServiceHandlerDecorator.launch(LaunchServiceHandlerDecorator.java:30) ~[modlauncher-10.0.9.jar%2355!/:?]
	at cpw.mods.modlauncher.LaunchServiceHandler.launch(LaunchServiceHandler.java:53) ~[modlauncher-10.0.9.jar%2355!/:?]
	at cpw.mods.modlauncher.LaunchServiceHandler.launch(LaunchServiceHandler.java:71) ~[modlauncher-10.0.9.jar%2355!/:?]
	at cpw.mods.modlauncher.Launcher.run(Launcher.java:108) ~[modlauncher-10.0.9.jar%2355!/:?]
	at cpw.mods.modlauncher.Launcher.main(Launcher.java:78) ~[modlauncher-10.0.9.jar%2355!/:?]
	at cpw.mods.modlauncher.BootstrapLaunchConsumer.accept(BootstrapLaunchConsumer.java:26) ~[modlauncher-10.0.9.jar%2355!/:?]
	at cpw.mods.modlauncher.BootstrapLaunchConsumer.accept(BootstrapLaunchConsumer.java:23) ~[modlauncher-10.0.9.jar%2355!/:?]
	at cpw.mods.bootstraplauncher.BootstrapLauncher.main(BootstrapLauncher.java:141) ~[bootstraplauncher-1.1.2.jar:?]
[034月2025 21:07:52.674] [main/INFO] [Apotheosis : Adventure/]: Registered 106 affixes.
[034月2025 21:07:52.695] [main/WARN] [Apotheosis : Adventure/]: Insufficient number of affixes to satisfy the loot rules (ignoring backup rules) of rarity apotheosis:mythic for category helmetRequired: 3; Provided: 2
[034月2025 21:07:52.701] [main/WARN] [Apotheosis : Adventure/]: Insufficient number of affixes to satisfy the loot rules (ignoring backup rules) of rarity apotheosis:mythic for category bootsRequired: 3; Provided: 2
[034月2025 21:07:52.706] [main/WARN] [Apotheosis : Adventure/]: Insufficient number of affixes to satisfy the loot rules (ignoring backup rules) of rarity apotheosis:ancient for category helmetRequired: 4; Provided: 2
[034月2025 21:07:52.708] [main/WARN] [Apotheosis : Adventure/]: Insufficient number of affixes to satisfy the loot rules (ignoring backup rules) of rarity apotheosis:ancient for category bootsRequired: 4; Provided: 2
[034月2025 21:07:52.709] [main/WARN] [Apotheosis : Adventure/]: Insufficient number of affixes to satisfy the loot rules (ignoring backup rules) of rarity apotheosis:ancient for category bowRequired: 5; Provided: 4
[034月2025 21:07:52.710] [main/WARN] [Apotheosis : Adventure/]: Insufficient number of affixes to satisfy the loot rules (ignoring backup rules) of rarity apotheosis:ancient for category crossbowRequired: 5; Provided: 4
[034月2025 21:07:52.711] [main/WARN] [Apotheosis : Adventure/]: Insufficient number of affixes to satisfy the loot rules (ignoring backup rules) of rarity apotheosis:ancient for category pickaxeRequired: 5; Provided: 4
[034月2025 21:07:52.712] [main/WARN] [Apotheosis : Adventure/]: Insufficient number of affixes to satisfy the loot rules (ignoring backup rules) of rarity apotheosis:ancient for category shovelRequired: 5; Provided: 4
[034月2025 21:07:52.714] [main/WARN] [Apotheosis : Adventure/]: Insufficient number of affixes to satisfy the loot rules (ignoring backup rules) of rarity apotheosis:ancient for category shieldRequired: 5; Provided: 4
[034月2025 21:07:52.746] [main/INFO] [Apotheosis : Adventure/]: Registered 20 gems.
[034月2025 21:07:52.752] [main/ERROR] [Apotheosis : Adventure/]: Failed to execute ShieldBreakerTest
java.lang.NullPointerException: Cannot invoke "net.minecraft.world.entity.LivingEntity.m_213824_()" because "attacker" is null
	at net.minecraftforge.common.extensions.IForgeItem.canDisableShield(IForgeItem.java:695) ~[forge-1.20.1-47.3.33-universal.jar%23220!/:?]
	at net.minecraftforge.common.extensions.IForgeItemStack.canDisableShield(IForgeItemStack.java:233) ~[forge-1.20.1-47.3.33-universal.jar%23220!/:?]
	at dev.shadowsoffire.apotheosis.adventure.loot.ShieldBreakerTest.test(ShieldBreakerTest.java:48) ~[%5B神化%5D%20Apotheosis-1.20.1-7.4.6.jar%23177!/:7.4.6]
	at dev.shadowsoffire.apotheosis.adventure.loot.ShieldBreakerTest.test(ShieldBreakerTest.java:25) ~[%5B神化%5D%20Apotheosis-1.20.1-7.4.6.jar%23177!/:7.4.6]
	at dev.shadowsoffire.apotheosis.adventure.loot.LootCategory.isValid(LootCategory.java:89) ~[%5B神化%5D%20Apotheosis-1.20.1-7.4.6.jar%23177!/:7.4.6]
	at dev.shadowsoffire.apotheosis.adventure.loot.LootCategory.forItem(LootCategory.java:182) ~[%5B神化%5D%20Apotheosis-1.20.1-7.4.6.jar%23177!/:7.4.6]
	at dev.shadowsoffire.apotheosis.adventure.loot.AffixLootEntry.getType(AffixLootEntry.java:91) ~[%5B神化%5D%20Apotheosis-1.20.1-7.4.6.jar%23177!/:7.4.6]
	at dev.shadowsoffire.apotheosis.adventure.loot.AffixLootRegistry.validateItem(AffixLootRegistry.java:30) ~[%5B神化%5D%20Apotheosis-1.20.1-7.4.6.jar%23177!/:7.4.6]
	at dev.shadowsoffire.apotheosis.adventure.loot.AffixLootRegistry.validateItem(AffixLootRegistry.java:13) ~[%5B神化%5D%20Apotheosis-1.20.1-7.4.6.jar%23177!/:7.4.6]
	at dev.shadowsoffire.placebo.reload.DynamicRegistry.register(DynamicRegistry.java:322) ~[Placebo-1.20.1-8.6.2.jar%23208!/:8.6.2]
	at dev.shadowsoffire.placebo.reload.DynamicRegistry.lambda$apply$0(DynamicRegistry.java:143) ~[Placebo-1.20.1-8.6.2.jar%23208!/:8.6.2]
	at java.util.HashMap.forEach(HashMap.java:1429) ~[?:?]
	at dev.shadowsoffire.placebo.reload.DynamicRegistry.apply(DynamicRegistry.java:136) ~[Placebo-1.20.1-8.6.2.jar%23208!/:8.6.2]
	at dev.shadowsoffire.placebo.reload.DynamicRegistry.m_5787_(DynamicRegistry.java:62) ~[Placebo-1.20.1-8.6.2.jar%23208!/:8.6.2]
	at net.minecraft.server.packs.resources.SimplePreparableReloadListener.m_10789_(SimplePreparableReloadListener.java:13) ~[server-1.20.1-20230612.114412-srg.jar%23215!/:?]
	at java.util.concurrent.CompletableFuture$UniAccept.tryFire(CompletableFuture.java:718) ~[?:?]
	at java.util.concurrent.CompletableFuture$Completion.run(CompletableFuture.java:482) ~[?:?]
	at net.minecraft.server.packs.resources.SimpleReloadInstance.m_143940_(SimpleReloadInstance.java:69) ~[server-1.20.1-20230612.114412-srg.jar%23215!/:?]
	at net.minecraft.Util.m_214652_(Util.java:783) ~[server-1.20.1-20230612.114412-srg.jar%23215!/:?]
	at net.minecraft.Util.m_214679_(Util.java:772) ~[server-1.20.1-20230612.114412-srg.jar%23215!/:?]
	at net.minecraft.server.Main.main(Main.java:166) ~[server-1.20.1-20230612.114412-srg.jar%23215!/:?]
	at jdk.internal.reflect.DirectMethodHandleAccessor.invoke(DirectMethodHandleAccessor.java:103) ~[?:?]
	at java.lang.reflect.Method.invoke(Method.java:580) ~[?:?]
	at net.minecraftforge.fml.loading.targets.CommonLaunchHandler.runTarget(CommonLaunchHandler.java:111) ~[fmlloader-1.20.1-47.3.33.jar%2369!/:?]
	at net.minecraftforge.fml.loading.targets.CommonLaunchHandler.serverService(CommonLaunchHandler.java:103) ~[fmlloader-1.20.1-47.3.33.jar%2369!/:?]
	at net.minecraftforge.fml.loading.targets.CommonServerLaunchHandler.lambda$makeService$0(CommonServerLaunchHandler.java:27) ~[fmlloader-1.20.1-47.3.33.jar%2369!/:?]
	at cpw.mods.modlauncher.LaunchServiceHandlerDecorator.launch(LaunchServiceHandlerDecorator.java:30) ~[modlauncher-10.0.9.jar%2355!/:?]
	at cpw.mods.modlauncher.LaunchServiceHandler.launch(LaunchServiceHandler.java:53) ~[modlauncher-10.0.9.jar%2355!/:?]
	at cpw.mods.modlauncher.LaunchServiceHandler.launch(LaunchServiceHandler.java:71) ~[modlauncher-10.0.9.jar%2355!/:?]
	at cpw.mods.modlauncher.Launcher.run(Launcher.java:108) ~[modlauncher-10.0.9.jar%2355!/:?]
	at cpw.mods.modlauncher.Launcher.main(Launcher.java:78) ~[modlauncher-10.0.9.jar%2355!/:?]
	at cpw.mods.modlauncher.BootstrapLaunchConsumer.accept(BootstrapLaunchConsumer.java:26) ~[modlauncher-10.0.9.jar%2355!/:?]
	at cpw.mods.modlauncher.BootstrapLaunchConsumer.accept(BootstrapLaunchConsumer.java:23) ~[modlauncher-10.0.9.jar%2355!/:?]
	at cpw.mods.bootstraplauncher.BootstrapLauncher.main(BootstrapLauncher.java:141) ~[bootstraplauncher-1.1.2.jar:?]
[034月2025 21:07:52.785] [main/ERROR] [Apotheosis : Adventure/]: Failed to execute ShieldBreakerTest
java.lang.NullPointerException: Cannot invoke "net.minecraft.world.entity.LivingEntity.m_213824_()" because "attacker" is null
	at net.minecraftforge.common.extensions.IForgeItem.canDisableShield(IForgeItem.java:695) ~[forge-1.20.1-47.3.33-universal.jar%23220!/:?]
	at net.minecraftforge.common.extensions.IForgeItemStack.canDisableShield(IForgeItemStack.java:233) ~[forge-1.20.1-47.3.33-universal.jar%23220!/:?]
	at dev.shadowsoffire.apotheosis.adventure.loot.ShieldBreakerTest.test(ShieldBreakerTest.java:48) ~[%5B神化%5D%20Apotheosis-1.20.1-7.4.6.jar%23177!/:7.4.6]
	at dev.shadowsoffire.apotheosis.adventure.loot.ShieldBreakerTest.test(ShieldBreakerTest.java:25) ~[%5B神化%5D%20Apotheosis-1.20.1-7.4.6.jar%23177!/:7.4.6]
	at dev.shadowsoffire.apotheosis.adventure.loot.LootCategory.isValid(LootCategory.java:89) ~[%5B神化%5D%20Apotheosis-1.20.1-7.4.6.jar%23177!/:7.4.6]
	at dev.shadowsoffire.apotheosis.adventure.loot.LootCategory.forItem(LootCategory.java:182) ~[%5B神化%5D%20Apotheosis-1.20.1-7.4.6.jar%23177!/:7.4.6]
	at dev.shadowsoffire.apotheosis.adventure.loot.AffixLootEntry.getType(AffixLootEntry.java:91) ~[%5B神化%5D%20Apotheosis-1.20.1-7.4.6.jar%23177!/:7.4.6]
	at dev.shadowsoffire.apotheosis.adventure.loot.AffixLootRegistry.validateItem(AffixLootRegistry.java:30) ~[%5B神化%5D%20Apotheosis-1.20.1-7.4.6.jar%23177!/:7.4.6]
	at dev.shadowsoffire.apotheosis.adventure.loot.AffixLootRegistry.validateItem(AffixLootRegistry.java:13) ~[%5B神化%5D%20Apotheosis-1.20.1-7.4.6.jar%23177!/:7.4.6]
	at dev.shadowsoffire.placebo.reload.DynamicRegistry.register(DynamicRegistry.java:322) ~[Placebo-1.20.1-8.6.2.jar%23208!/:8.6.2]
	at dev.shadowsoffire.placebo.reload.DynamicRegistry.lambda$apply$0(DynamicRegistry.java:143) ~[Placebo-1.20.1-8.6.2.jar%23208!/:8.6.2]
	at java.util.HashMap.forEach(HashMap.java:1429) ~[?:?]
	at dev.shadowsoffire.placebo.reload.DynamicRegistry.apply(DynamicRegistry.java:136) ~[Placebo-1.20.1-8.6.2.jar%23208!/:8.6.2]
	at dev.shadowsoffire.placebo.reload.DynamicRegistry.m_5787_(DynamicRegistry.java:62) ~[Placebo-1.20.1-8.6.2.jar%23208!/:8.6.2]
	at net.minecraft.server.packs.resources.SimplePreparableReloadListener.m_10789_(SimplePreparableReloadListener.java:13) ~[server-1.20.1-20230612.114412-srg.jar%23215!/:?]
	at java.util.concurrent.CompletableFuture$UniAccept.tryFire(CompletableFuture.java:718) ~[?:?]
	at java.util.concurrent.CompletableFuture$Completion.run(CompletableFuture.java:482) ~[?:?]
	at net.minecraft.server.packs.resources.SimpleReloadInstance.m_143940_(SimpleReloadInstance.java:69) ~[server-1.20.1-20230612.114412-srg.jar%23215!/:?]
	at net.minecraft.Util.m_214652_(Util.java:783) ~[server-1.20.1-20230612.114412-srg.jar%23215!/:?]
	at net.minecraft.Util.m_214679_(Util.java:772) ~[server-1.20.1-20230612.114412-srg.jar%23215!/:?]
	at net.minecraft.server.Main.main(Main.java:166) ~[server-1.20.1-20230612.114412-srg.jar%23215!/:?]
	at jdk.internal.reflect.DirectMethodHandleAccessor.invoke(DirectMethodHandleAccessor.java:103) ~[?:?]
	at java.lang.reflect.Method.invoke(Method.java:580) ~[?:?]
	at net.minecraftforge.fml.loading.targets.CommonLaunchHandler.runTarget(CommonLaunchHandler.java:111) ~[fmlloader-1.20.1-47.3.33.jar%2369!/:?]
	at net.minecraftforge.fml.loading.targets.CommonLaunchHandler.serverService(CommonLaunchHandler.java:103) ~[fmlloader-1.20.1-47.3.33.jar%2369!/:?]
	at net.minecraftforge.fml.loading.targets.CommonServerLaunchHandler.lambda$makeService$0(CommonServerLaunchHandler.java:27) ~[fmlloader-1.20.1-47.3.33.jar%2369!/:?]
	at cpw.mods.modlauncher.LaunchServiceHandlerDecorator.launch(LaunchServiceHandlerDecorator.java:30) ~[modlauncher-10.0.9.jar%2355!/:?]
	at cpw.mods.modlauncher.LaunchServiceHandler.launch(LaunchServiceHandler.java:53) ~[modlauncher-10.0.9.jar%2355!/:?]
	at cpw.mods.modlauncher.LaunchServiceHandler.launch(LaunchServiceHandler.java:71) ~[modlauncher-10.0.9.jar%2355!/:?]
	at cpw.mods.modlauncher.Launcher.run(Launcher.java:108) ~[modlauncher-10.0.9.jar%2355!/:?]
	at cpw.mods.modlauncher.Launcher.main(Launcher.java:78) ~[modlauncher-10.0.9.jar%2355!/:?]
	at cpw.mods.modlauncher.BootstrapLaunchConsumer.accept(BootstrapLaunchConsumer.java:26) ~[modlauncher-10.0.9.jar%2355!/:?]
	at cpw.mods.modlauncher.BootstrapLaunchConsumer.accept(BootstrapLaunchConsumer.java:23) ~[modlauncher-10.0.9.jar%2355!/:?]
	at cpw.mods.bootstraplauncher.BootstrapLauncher.main(BootstrapLauncher.java:141) ~[bootstraplauncher-1.1.2.jar:?]
[034月2025 21:07:52.814] [main/ERROR] [Apotheosis : Adventure/]: Failed to execute ShieldBreakerTest
java.lang.NullPointerException: Cannot invoke "net.minecraft.world.entity.LivingEntity.m_213824_()" because "attacker" is null
	at net.minecraftforge.common.extensions.IForgeItem.canDisableShield(IForgeItem.java:695) ~[forge-1.20.1-47.3.33-universal.jar%23220!/:?]
	at net.minecraftforge.common.extensions.IForgeItemStack.canDisableShield(IForgeItemStack.java:233) ~[forge-1.20.1-47.3.33-universal.jar%23220!/:?]
	at dev.shadowsoffire.apotheosis.adventure.loot.ShieldBreakerTest.test(ShieldBreakerTest.java:48) ~[%5B神化%5D%20Apotheosis-1.20.1-7.4.6.jar%23177!/:7.4.6]
	at dev.shadowsoffire.apotheosis.adventure.loot.ShieldBreakerTest.test(ShieldBreakerTest.java:25) ~[%5B神化%5D%20Apotheosis-1.20.1-7.4.6.jar%23177!/:7.4.6]
	at dev.shadowsoffire.apotheosis.adventure.loot.LootCategory.isValid(LootCategory.java:89) ~[%5B神化%5D%20Apotheosis-1.20.1-7.4.6.jar%23177!/:7.4.6]
	at dev.shadowsoffire.apotheosis.adventure.loot.LootCategory.forItem(LootCategory.java:182) ~[%5B神化%5D%20Apotheosis-1.20.1-7.4.6.jar%23177!/:7.4.6]
	at dev.shadowsoffire.apotheosis.adventure.loot.AffixLootEntry.getType(AffixLootEntry.java:91) ~[%5B神化%5D%20Apotheosis-1.20.1-7.4.6.jar%23177!/:7.4.6]
	at dev.shadowsoffire.apotheosis.adventure.loot.AffixLootRegistry.validateItem(AffixLootRegistry.java:30) ~[%5B神化%5D%20Apotheosis-1.20.1-7.4.6.jar%23177!/:7.4.6]
	at dev.shadowsoffire.apotheosis.adventure.loot.AffixLootRegistry.validateItem(AffixLootRegistry.java:13) ~[%5B神化%5D%20Apotheosis-1.20.1-7.4.6.jar%23177!/:7.4.6]
	at dev.shadowsoffire.placebo.reload.DynamicRegistry.register(DynamicRegistry.java:322) ~[Placebo-1.20.1-8.6.2.jar%23208!/:8.6.2]
	at dev.shadowsoffire.placebo.reload.DynamicRegistry.lambda$apply$0(DynamicRegistry.java:143) ~[Placebo-1.20.1-8.6.2.jar%23208!/:8.6.2]
	at java.util.HashMap.forEach(HashMap.java:1429) ~[?:?]
	at dev.shadowsoffire.placebo.reload.DynamicRegistry.apply(DynamicRegistry.java:136) ~[Placebo-1.20.1-8.6.2.jar%23208!/:8.6.2]
	at dev.shadowsoffire.placebo.reload.DynamicRegistry.m_5787_(DynamicRegistry.java:62) ~[Placebo-1.20.1-8.6.2.jar%23208!/:8.6.2]
	at net.minecraft.server.packs.resources.SimplePreparableReloadListener.m_10789_(SimplePreparableReloadListener.java:13) ~[server-1.20.1-20230612.114412-srg.jar%23215!/:?]
	at java.util.concurrent.CompletableFuture$UniAccept.tryFire(CompletableFuture.java:718) ~[?:?]
	at java.util.concurrent.CompletableFuture$Completion.run(CompletableFuture.java:482) ~[?:?]
	at net.minecraft.server.packs.resources.SimpleReloadInstance.m_143940_(SimpleReloadInstance.java:69) ~[server-1.20.1-20230612.114412-srg.jar%23215!/:?]
	at net.minecraft.Util.m_214652_(Util.java:783) ~[server-1.20.1-20230612.114412-srg.jar%23215!/:?]
	at net.minecraft.Util.m_214679_(Util.java:772) ~[server-1.20.1-20230612.114412-srg.jar%23215!/:?]
	at net.minecraft.server.Main.main(Main.java:166) ~[server-1.20.1-20230612.114412-srg.jar%23215!/:?]
	at jdk.internal.reflect.DirectMethodHandleAccessor.invoke(DirectMethodHandleAccessor.java:103) ~[?:?]
	at java.lang.reflect.Method.invoke(Method.java:580) ~[?:?]
	at net.minecraftforge.fml.loading.targets.CommonLaunchHandler.runTarget(CommonLaunchHandler.java:111) ~[fmlloader-1.20.1-47.3.33.jar%2369!/:?]
	at net.minecraftforge.fml.loading.targets.CommonLaunchHandler.serverService(CommonLaunchHandler.java:103) ~[fmlloader-1.20.1-47.3.33.jar%2369!/:?]
	at net.minecraftforge.fml.loading.targets.CommonServerLaunchHandler.lambda$makeService$0(CommonServerLaunchHandler.java:27) ~[fmlloader-1.20.1-47.3.33.jar%2369!/:?]
	at cpw.mods.modlauncher.LaunchServiceHandlerDecorator.launch(LaunchServiceHandlerDecorator.java:30) ~[modlauncher-10.0.9.jar%2355!/:?]
	at cpw.mods.modlauncher.LaunchServiceHandler.launch(LaunchServiceHandler.java:53) ~[modlauncher-10.0.9.jar%2355!/:?]
	at cpw.mods.modlauncher.LaunchServiceHandler.launch(LaunchServiceHandler.java:71) ~[modlauncher-10.0.9.jar%2355!/:?]
	at cpw.mods.modlauncher.Launcher.run(Launcher.java:108) ~[modlauncher-10.0.9.jar%2355!/:?]
	at cpw.mods.modlauncher.Launcher.main(Launcher.java:78) ~[modlauncher-10.0.9.jar%2355!/:?]
	at cpw.mods.modlauncher.BootstrapLaunchConsumer.accept(BootstrapLaunchConsumer.java:26) ~[modlauncher-10.0.9.jar%2355!/:?]
	at cpw.mods.modlauncher.BootstrapLaunchConsumer.accept(BootstrapLaunchConsumer.java:23) ~[modlauncher-10.0.9.jar%2355!/:?]
	at cpw.mods.bootstraplauncher.BootstrapLauncher.main(BootstrapLauncher.java:141) ~[bootstraplauncher-1.1.2.jar:?]
[034月2025 21:07:52.829] [main/ERROR] [Apotheosis : Adventure/]: Failed to execute ShieldBreakerTest
java.lang.NullPointerException: Cannot invoke "net.minecraft.world.entity.LivingEntity.m_213824_()" because "attacker" is null
	at net.minecraftforge.common.extensions.IForgeItem.canDisableShield(IForgeItem.java:695) ~[forge-1.20.1-47.3.33-universal.jar%23220!/:?]
	at net.minecraftforge.common.extensions.IForgeItemStack.canDisableShield(IForgeItemStack.java:233) ~[forge-1.20.1-47.3.33-universal.jar%23220!/:?]
	at dev.shadowsoffire.apotheosis.adventure.loot.ShieldBreakerTest.test(ShieldBreakerTest.java:48) ~[%5B神化%5D%20Apotheosis-1.20.1-7.4.6.jar%23177!/:7.4.6]
	at dev.shadowsoffire.apotheosis.adventure.loot.ShieldBreakerTest.test(ShieldBreakerTest.java:25) ~[%5B神化%5D%20Apotheosis-1.20.1-7.4.6.jar%23177!/:7.4.6]
	at dev.shadowsoffire.apotheosis.adventure.loot.LootCategory.isValid(LootCategory.java:89) ~[%5B神化%5D%20Apotheosis-1.20.1-7.4.6.jar%23177!/:7.4.6]
	at dev.shadowsoffire.apotheosis.adventure.loot.LootCategory.forItem(LootCategory.java:182) ~[%5B神化%5D%20Apotheosis-1.20.1-7.4.6.jar%23177!/:7.4.6]
	at dev.shadowsoffire.apotheosis.adventure.loot.AffixLootEntry.getType(AffixLootEntry.java:91) ~[%5B神化%5D%20Apotheosis-1.20.1-7.4.6.jar%23177!/:7.4.6]
	at dev.shadowsoffire.apotheosis.adventure.loot.AffixLootRegistry.validateItem(AffixLootRegistry.java:30) ~[%5B神化%5D%20Apotheosis-1.20.1-7.4.6.jar%23177!/:7.4.6]
	at dev.shadowsoffire.apotheosis.adventure.loot.AffixLootRegistry.validateItem(AffixLootRegistry.java:13) ~[%5B神化%5D%20Apotheosis-1.20.1-7.4.6.jar%23177!/:7.4.6]
	at dev.shadowsoffire.placebo.reload.DynamicRegistry.register(DynamicRegistry.java:322) ~[Placebo-1.20.1-8.6.2.jar%23208!/:8.6.2]
	at dev.shadowsoffire.placebo.reload.DynamicRegistry.lambda$apply$0(DynamicRegistry.java:143) ~[Placebo-1.20.1-8.6.2.jar%23208!/:8.6.2]
	at java.util.HashMap.forEach(HashMap.java:1429) ~[?:?]
	at dev.shadowsoffire.placebo.reload.DynamicRegistry.apply(DynamicRegistry.java:136) ~[Placebo-1.20.1-8.6.2.jar%23208!/:8.6.2]
	at dev.shadowsoffire.placebo.reload.DynamicRegistry.m_5787_(DynamicRegistry.java:62) ~[Placebo-1.20.1-8.6.2.jar%23208!/:8.6.2]
	at net.minecraft.server.packs.resources.SimplePreparableReloadListener.m_10789_(SimplePreparableReloadListener.java:13) ~[server-1.20.1-20230612.114412-srg.jar%23215!/:?]
	at java.util.concurrent.CompletableFuture$UniAccept.tryFire(CompletableFuture.java:718) ~[?:?]
	at java.util.concurrent.CompletableFuture$Completion.run(CompletableFuture.java:482) ~[?:?]
	at net.minecraft.server.packs.resources.SimpleReloadInstance.m_143940_(SimpleReloadInstance.java:69) ~[server-1.20.1-20230612.114412-srg.jar%23215!/:?]
	at net.minecraft.Util.m_214652_(Util.java:783) ~[server-1.20.1-20230612.114412-srg.jar%23215!/:?]
	at net.minecraft.Util.m_214679_(Util.java:772) ~[server-1.20.1-20230612.114412-srg.jar%23215!/:?]
	at net.minecraft.server.Main.main(Main.java:166) ~[server-1.20.1-20230612.114412-srg.jar%23215!/:?]
	at jdk.internal.reflect.DirectMethodHandleAccessor.invoke(DirectMethodHandleAccessor.java:103) ~[?:?]
	at java.lang.reflect.Method.invoke(Method.java:580) ~[?:?]
	at net.minecraftforge.fml.loading.targets.CommonLaunchHandler.runTarget(CommonLaunchHandler.java:111) ~[fmlloader-1.20.1-47.3.33.jar%2369!/:?]
	at net.minecraftforge.fml.loading.targets.CommonLaunchHandler.serverService(CommonLaunchHandler.java:103) ~[fmlloader-1.20.1-47.3.33.jar%2369!/:?]
	at net.minecraftforge.fml.loading.targets.CommonServerLaunchHandler.lambda$makeService$0(CommonServerLaunchHandler.java:27) ~[fmlloader-1.20.1-47.3.33.jar%2369!/:?]
	at cpw.mods.modlauncher.LaunchServiceHandlerDecorator.launch(LaunchServiceHandlerDecorator.java:30) ~[modlauncher-10.0.9.jar%2355!/:?]
	at cpw.mods.modlauncher.LaunchServiceHandler.launch(LaunchServiceHandler.java:53) ~[modlauncher-10.0.9.jar%2355!/:?]
	at cpw.mods.modlauncher.LaunchServiceHandler.launch(LaunchServiceHandler.java:71) ~[modlauncher-10.0.9.jar%2355!/:?]
	at cpw.mods.modlauncher.Launcher.run(Launcher.java:108) ~[modlauncher-10.0.9.jar%2355!/:?]
	at cpw.mods.modlauncher.Launcher.main(Launcher.java:78) ~[modlauncher-10.0.9.jar%2355!/:?]
	at cpw.mods.modlauncher.BootstrapLaunchConsumer.accept(BootstrapLaunchConsumer.java:26) ~[modlauncher-10.0.9.jar%2355!/:?]
	at cpw.mods.modlauncher.BootstrapLaunchConsumer.accept(BootstrapLaunchConsumer.java:23) ~[modlauncher-10.0.9.jar%2355!/:?]
	at cpw.mods.bootstraplauncher.BootstrapLauncher.main(BootstrapLauncher.java:141) ~[bootstraplauncher-1.1.2.jar:?]
[034月2025 21:07:52.845] [main/ERROR] [Apotheosis : Adventure/]: Failed to execute ShieldBreakerTest
java.lang.NullPointerException: Cannot invoke "net.minecraft.world.entity.LivingEntity.m_213824_()" because "attacker" is null
	at net.minecraftforge.common.extensions.IForgeItem.canDisableShield(IForgeItem.java:695) ~[forge-1.20.1-47.3.33-universal.jar%23220!/:?]
	at net.minecraftforge.common.extensions.IForgeItemStack.canDisableShield(IForgeItemStack.java:233) ~[forge-1.20.1-47.3.33-universal.jar%23220!/:?]
	at dev.shadowsoffire.apotheosis.adventure.loot.ShieldBreakerTest.test(ShieldBreakerTest.java:48) ~[%5B神化%5D%20Apotheosis-1.20.1-7.4.6.jar%23177!/:7.4.6]
	at dev.shadowsoffire.apotheosis.adventure.loot.ShieldBreakerTest.test(ShieldBreakerTest.java:25) ~[%5B神化%5D%20Apotheosis-1.20.1-7.4.6.jar%23177!/:7.4.6]
	at dev.shadowsoffire.apotheosis.adventure.loot.LootCategory.isValid(LootCategory.java:89) ~[%5B神化%5D%20Apotheosis-1.20.1-7.4.6.jar%23177!/:7.4.6]
	at dev.shadowsoffire.apotheosis.adventure.loot.LootCategory.forItem(LootCategory.java:182) ~[%5B神化%5D%20Apotheosis-1.20.1-7.4.6.jar%23177!/:7.4.6]
	at dev.shadowsoffire.apotheosis.adventure.loot.AffixLootEntry.getType(AffixLootEntry.java:91) ~[%5B神化%5D%20Apotheosis-1.20.1-7.4.6.jar%23177!/:7.4.6]
	at dev.shadowsoffire.apotheosis.adventure.loot.AffixLootRegistry.validateItem(AffixLootRegistry.java:30) ~[%5B神化%5D%20Apotheosis-1.20.1-7.4.6.jar%23177!/:7.4.6]
	at dev.shadowsoffire.apotheosis.adventure.loot.AffixLootRegistry.validateItem(AffixLootRegistry.java:13) ~[%5B神化%5D%20Apotheosis-1.20.1-7.4.6.jar%23177!/:7.4.6]
	at dev.shadowsoffire.placebo.reload.DynamicRegistry.register(DynamicRegistry.java:322) ~[Placebo-1.20.1-8.6.2.jar%23208!/:8.6.2]
	at dev.shadowsoffire.placebo.reload.DynamicRegistry.lambda$apply$0(DynamicRegistry.java:143) ~[Placebo-1.20.1-8.6.2.jar%23208!/:8.6.2]
	at java.util.HashMap.forEach(HashMap.java:1429) ~[?:?]
	at dev.shadowsoffire.placebo.reload.DynamicRegistry.apply(DynamicRegistry.java:136) ~[Placebo-1.20.1-8.6.2.jar%23208!/:8.6.2]
	at dev.shadowsoffire.placebo.reload.DynamicRegistry.m_5787_(DynamicRegistry.java:62) ~[Placebo-1.20.1-8.6.2.jar%23208!/:8.6.2]
	at net.minecraft.server.packs.resources.SimplePreparableReloadListener.m_10789_(SimplePreparableReloadListener.java:13) ~[server-1.20.1-20230612.114412-srg.jar%23215!/:?]
	at java.util.concurrent.CompletableFuture$UniAccept.tryFire(CompletableFuture.java:718) ~[?:?]
	at java.util.concurrent.CompletableFuture$Completion.run(CompletableFuture.java:482) ~[?:?]
	at net.minecraft.server.packs.resources.SimpleReloadInstance.m_143940_(SimpleReloadInstance.java:69) ~[server-1.20.1-20230612.114412-srg.jar%23215!/:?]
	at net.minecraft.Util.m_214652_(Util.java:783) ~[server-1.20.1-20230612.114412-srg.jar%23215!/:?]
	at net.minecraft.Util.m_214679_(Util.java:772) ~[server-1.20.1-20230612.114412-srg.jar%23215!/:?]
	at net.minecraft.server.Main.main(Main.java:166) ~[server-1.20.1-20230612.114412-srg.jar%23215!/:?]
	at jdk.internal.reflect.DirectMethodHandleAccessor.invoke(DirectMethodHandleAccessor.java:103) ~[?:?]
	at java.lang.reflect.Method.invoke(Method.java:580) ~[?:?]
	at net.minecraftforge.fml.loading.targets.CommonLaunchHandler.runTarget(CommonLaunchHandler.java:111) ~[fmlloader-1.20.1-47.3.33.jar%2369!/:?]
	at net.minecraftforge.fml.loading.targets.CommonLaunchHandler.serverService(CommonLaunchHandler.java:103) ~[fmlloader-1.20.1-47.3.33.jar%2369!/:?]
	at net.minecraftforge.fml.loading.targets.CommonServerLaunchHandler.lambda$makeService$0(CommonServerLaunchHandler.java:27) ~[fmlloader-1.20.1-47.3.33.jar%2369!/:?]
	at cpw.mods.modlauncher.LaunchServiceHandlerDecorator.launch(LaunchServiceHandlerDecorator.java:30) ~[modlauncher-10.0.9.jar%2355!/:?]
	at cpw.mods.modlauncher.LaunchServiceHandler.launch(LaunchServiceHandler.java:53) ~[modlauncher-10.0.9.jar%2355!/:?]
	at cpw.mods.modlauncher.LaunchServiceHandler.launch(LaunchServiceHandler.java:71) ~[modlauncher-10.0.9.jar%2355!/:?]
	at cpw.mods.modlauncher.Launcher.run(Launcher.java:108) ~[modlauncher-10.0.9.jar%2355!/:?]
	at cpw.mods.modlauncher.Launcher.main(Launcher.java:78) ~[modlauncher-10.0.9.jar%2355!/:?]
	at cpw.mods.modlauncher.BootstrapLaunchConsumer.accept(BootstrapLaunchConsumer.java:26) ~[modlauncher-10.0.9.jar%2355!/:?]
	at cpw.mods.modlauncher.BootstrapLaunchConsumer.accept(BootstrapLaunchConsumer.java:23) ~[modlauncher-10.0.9.jar%2355!/:?]
	at cpw.mods.bootstraplauncher.BootstrapLauncher.main(BootstrapLauncher.java:141) ~[bootstraplauncher-1.1.2.jar:?]
[034月2025 21:07:52.859] [main/ERROR] [Apotheosis : Adventure/]: Failed to execute ShieldBreakerTest
java.lang.NullPointerException: Cannot invoke "net.minecraft.world.entity.LivingEntity.m_213824_()" because "attacker" is null
	at net.minecraftforge.common.extensions.IForgeItem.canDisableShield(IForgeItem.java:695) ~[forge-1.20.1-47.3.33-universal.jar%23220!/:?]
	at net.minecraftforge.common.extensions.IForgeItemStack.canDisableShield(IForgeItemStack.java:233) ~[forge-1.20.1-47.3.33-universal.jar%23220!/:?]
	at dev.shadowsoffire.apotheosis.adventure.loot.ShieldBreakerTest.test(ShieldBreakerTest.java:48) ~[%5B神化%5D%20Apotheosis-1.20.1-7.4.6.jar%23177!/:7.4.6]
	at dev.shadowsoffire.apotheosis.adventure.loot.ShieldBreakerTest.test(ShieldBreakerTest.java:25) ~[%5B神化%5D%20Apotheosis-1.20.1-7.4.6.jar%23177!/:7.4.6]
	at dev.shadowsoffire.apotheosis.adventure.loot.LootCategory.isValid(LootCategory.java:89) ~[%5B神化%5D%20Apotheosis-1.20.1-7.4.6.jar%23177!/:7.4.6]
	at dev.shadowsoffire.apotheosis.adventure.loot.LootCategory.forItem(LootCategory.java:182) ~[%5B神化%5D%20Apotheosis-1.20.1-7.4.6.jar%23177!/:7.4.6]
	at dev.shadowsoffire.apotheosis.adventure.loot.AffixLootEntry.getType(AffixLootEntry.java:91) ~[%5B神化%5D%20Apotheosis-1.20.1-7.4.6.jar%23177!/:7.4.6]
	at dev.shadowsoffire.apotheosis.adventure.loot.AffixLootRegistry.validateItem(AffixLootRegistry.java:30) ~[%5B神化%5D%20Apotheosis-1.20.1-7.4.6.jar%23177!/:7.4.6]
	at dev.shadowsoffire.apotheosis.adventure.loot.AffixLootRegistry.validateItem(AffixLootRegistry.java:13) ~[%5B神化%5D%20Apotheosis-1.20.1-7.4.6.jar%23177!/:7.4.6]
	at dev.shadowsoffire.placebo.reload.DynamicRegistry.register(DynamicRegistry.java:322) ~[Placebo-1.20.1-8.6.2.jar%23208!/:8.6.2]
	at dev.shadowsoffire.placebo.reload.DynamicRegistry.lambda$apply$0(DynamicRegistry.java:143) ~[Placebo-1.20.1-8.6.2.jar%23208!/:8.6.2]
	at java.util.HashMap.forEach(HashMap.java:1429) ~[?:?]
	at dev.shadowsoffire.placebo.reload.DynamicRegistry.apply(DynamicRegistry.java:136) ~[Placebo-1.20.1-8.6.2.jar%23208!/:8.6.2]
	at dev.shadowsoffire.placebo.reload.DynamicRegistry.m_5787_(DynamicRegistry.java:62) ~[Placebo-1.20.1-8.6.2.jar%23208!/:8.6.2]
	at net.minecraft.server.packs.resources.SimplePreparableReloadListener.m_10789_(SimplePreparableReloadListener.java:13) ~[server-1.20.1-20230612.114412-srg.jar%23215!/:?]
	at java.util.concurrent.CompletableFuture$UniAccept.tryFire(CompletableFuture.java:718) ~[?:?]
	at java.util.concurrent.CompletableFuture$Completion.run(CompletableFuture.java:482) ~[?:?]
	at net.minecraft.server.packs.resources.SimpleReloadInstance.m_143940_(SimpleReloadInstance.java:69) ~[server-1.20.1-20230612.114412-srg.jar%23215!/:?]
	at net.minecraft.Util.m_214652_(Util.java:783) ~[server-1.20.1-20230612.114412-srg.jar%23215!/:?]
	at net.minecraft.Util.m_214679_(Util.java:772) ~[server-1.20.1-20230612.114412-srg.jar%23215!/:?]
	at net.minecraft.server.Main.main(Main.java:166) ~[server-1.20.1-20230612.114412-srg.jar%23215!/:?]
	at jdk.internal.reflect.DirectMethodHandleAccessor.invoke(DirectMethodHandleAccessor.java:103) ~[?:?]
	at java.lang.reflect.Method.invoke(Method.java:580) ~[?:?]
	at net.minecraftforge.fml.loading.targets.CommonLaunchHandler.runTarget(CommonLaunchHandler.java:111) ~[fmlloader-1.20.1-47.3.33.jar%2369!/:?]
	at net.minecraftforge.fml.loading.targets.CommonLaunchHandler.serverService(CommonLaunchHandler.java:103) ~[fmlloader-1.20.1-47.3.33.jar%2369!/:?]
	at net.minecraftforge.fml.loading.targets.CommonServerLaunchHandler.lambda$makeService$0(CommonServerLaunchHandler.java:27) ~[fmlloader-1.20.1-47.3.33.jar%2369!/:?]
	at cpw.mods.modlauncher.LaunchServiceHandlerDecorator.launch(LaunchServiceHandlerDecorator.java:30) ~[modlauncher-10.0.9.jar%2355!/:?]
	at cpw.mods.modlauncher.LaunchServiceHandler.launch(LaunchServiceHandler.java:53) ~[modlauncher-10.0.9.jar%2355!/:?]
	at cpw.mods.modlauncher.LaunchServiceHandler.launch(LaunchServiceHandler.java:71) ~[modlauncher-10.0.9.jar%2355!/:?]
	at cpw.mods.modlauncher.Launcher.run(Launcher.java:108) ~[modlauncher-10.0.9.jar%2355!/:?]
	at cpw.mods.modlauncher.Launcher.main(Launcher.java:78) ~[modlauncher-10.0.9.jar%2355!/:?]
	at cpw.mods.modlauncher.BootstrapLaunchConsumer.accept(BootstrapLaunchConsumer.java:26) ~[modlauncher-10.0.9.jar%2355!/:?]
	at cpw.mods.modlauncher.BootstrapLaunchConsumer.accept(BootstrapLaunchConsumer.java:23) ~[modlauncher-10.0.9.jar%2355!/:?]
	at cpw.mods.bootstraplauncher.BootstrapLauncher.main(BootstrapLauncher.java:141) ~[bootstraplauncher-1.1.2.jar:?]
[034月2025 21:07:52.872] [main/ERROR] [Apotheosis : Adventure/]: Failed to execute ShieldBreakerTest
java.lang.NullPointerException: Cannot invoke "net.minecraft.world.entity.LivingEntity.m_213824_()" because "attacker" is null
	at net.minecraftforge.common.extensions.IForgeItem.canDisableShield(IForgeItem.java:695) ~[forge-1.20.1-47.3.33-universal.jar%23220!/:?]
	at net.minecraftforge.common.extensions.IForgeItemStack.canDisableShield(IForgeItemStack.java:233) ~[forge-1.20.1-47.3.33-universal.jar%23220!/:?]
	at dev.shadowsoffire.apotheosis.adventure.loot.ShieldBreakerTest.test(ShieldBreakerTest.java:48) ~[%5B神化%5D%20Apotheosis-1.20.1-7.4.6.jar%23177!/:7.4.6]
	at dev.shadowsoffire.apotheosis.adventure.loot.ShieldBreakerTest.test(ShieldBreakerTest.java:25) ~[%5B神化%5D%20Apotheosis-1.20.1-7.4.6.jar%23177!/:7.4.6]
	at dev.shadowsoffire.apotheosis.adventure.loot.LootCategory.isValid(LootCategory.java:89) ~[%5B神化%5D%20Apotheosis-1.20.1-7.4.6.jar%23177!/:7.4.6]
	at dev.shadowsoffire.apotheosis.adventure.loot.LootCategory.forItem(LootCategory.java:182) ~[%5B神化%5D%20Apotheosis-1.20.1-7.4.6.jar%23177!/:7.4.6]
	at dev.shadowsoffire.apotheosis.adventure.loot.AffixLootEntry.getType(AffixLootEntry.java:91) ~[%5B神化%5D%20Apotheosis-1.20.1-7.4.6.jar%23177!/:7.4.6]
	at dev.shadowsoffire.apotheosis.adventure.loot.AffixLootRegistry.validateItem(AffixLootRegistry.java:30) ~[%5B神化%5D%20Apotheosis-1.20.1-7.4.6.jar%23177!/:7.4.6]
	at dev.shadowsoffire.apotheosis.adventure.loot.AffixLootRegistry.validateItem(AffixLootRegistry.java:13) ~[%5B神化%5D%20Apotheosis-1.20.1-7.4.6.jar%23177!/:7.4.6]
	at dev.shadowsoffire.placebo.reload.DynamicRegistry.register(DynamicRegistry.java:322) ~[Placebo-1.20.1-8.6.2.jar%23208!/:8.6.2]
	at dev.shadowsoffire.placebo.reload.DynamicRegistry.lambda$apply$0(DynamicRegistry.java:143) ~[Placebo-1.20.1-8.6.2.jar%23208!/:8.6.2]
	at java.util.HashMap.forEach(HashMap.java:1429) ~[?:?]
	at dev.shadowsoffire.placebo.reload.DynamicRegistry.apply(DynamicRegistry.java:136) ~[Placebo-1.20.1-8.6.2.jar%23208!/:8.6.2]
	at dev.shadowsoffire.placebo.reload.DynamicRegistry.m_5787_(DynamicRegistry.java:62) ~[Placebo-1.20.1-8.6.2.jar%23208!/:8.6.2]
	at net.minecraft.server.packs.resources.SimplePreparableReloadListener.m_10789_(SimplePreparableReloadListener.java:13) ~[server-1.20.1-20230612.114412-srg.jar%23215!/:?]
	at java.util.concurrent.CompletableFuture$UniAccept.tryFire(CompletableFuture.java:718) ~[?:?]
	at java.util.concurrent.CompletableFuture$Completion.run(CompletableFuture.java:482) ~[?:?]
	at net.minecraft.server.packs.resources.SimpleReloadInstance.m_143940_(SimpleReloadInstance.java:69) ~[server-1.20.1-20230612.114412-srg.jar%23215!/:?]
	at net.minecraft.Util.m_214652_(Util.java:783) ~[server-1.20.1-20230612.114412-srg.jar%23215!/:?]
	at net.minecraft.Util.m_214679_(Util.java:772) ~[server-1.20.1-20230612.114412-srg.jar%23215!/:?]
	at net.minecraft.server.Main.main(Main.java:166) ~[server-1.20.1-20230612.114412-srg.jar%23215!/:?]
	at jdk.internal.reflect.DirectMethodHandleAccessor.invoke(DirectMethodHandleAccessor.java:103) ~[?:?]
	at java.lang.reflect.Method.invoke(Method.java:580) ~[?:?]
	at net.minecraftforge.fml.loading.targets.CommonLaunchHandler.runTarget(CommonLaunchHandler.java:111) ~[fmlloader-1.20.1-47.3.33.jar%2369!/:?]
	at net.minecraftforge.fml.loading.targets.CommonLaunchHandler.serverService(CommonLaunchHandler.java:103) ~[fmlloader-1.20.1-47.3.33.jar%2369!/:?]
	at net.minecraftforge.fml.loading.targets.CommonServerLaunchHandler.lambda$makeService$0(CommonServerLaunchHandler.java:27) ~[fmlloader-1.20.1-47.3.33.jar%2369!/:?]
	at cpw.mods.modlauncher.LaunchServiceHandlerDecorator.launch(LaunchServiceHandlerDecorator.java:30) ~[modlauncher-10.0.9.jar%2355!/:?]
	at cpw.mods.modlauncher.LaunchServiceHandler.launch(LaunchServiceHandler.java:53) ~[modlauncher-10.0.9.jar%2355!/:?]
	at cpw.mods.modlauncher.LaunchServiceHandler.launch(LaunchServiceHandler.java:71) ~[modlauncher-10.0.9.jar%2355!/:?]
	at cpw.mods.modlauncher.Launcher.run(Launcher.java:108) ~[modlauncher-10.0.9.jar%2355!/:?]
	at cpw.mods.modlauncher.Launcher.main(Launcher.java:78) ~[modlauncher-10.0.9.jar%2355!/:?]
	at cpw.mods.modlauncher.BootstrapLaunchConsumer.accept(BootstrapLaunchConsumer.java:26) ~[modlauncher-10.0.9.jar%2355!/:?]
	at cpw.mods.modlauncher.BootstrapLaunchConsumer.accept(BootstrapLaunchConsumer.java:23) ~[modlauncher-10.0.9.jar%2355!/:?]
	at cpw.mods.bootstraplauncher.BootstrapLauncher.main(BootstrapLauncher.java:141) ~[bootstraplauncher-1.1.2.jar:?]
[034月2025 21:07:52.886] [main/ERROR] [Apotheosis : Adventure/]: Failed to execute ShieldBreakerTest
java.lang.NullPointerException: Cannot invoke "net.minecraft.world.entity.LivingEntity.m_213824_()" because "attacker" is null
	at net.minecraftforge.common.extensions.IForgeItem.canDisableShield(IForgeItem.java:695) ~[forge-1.20.1-47.3.33-universal.jar%23220!/:?]
	at net.minecraftforge.common.extensions.IForgeItemStack.canDisableShield(IForgeItemStack.java:233) ~[forge-1.20.1-47.3.33-universal.jar%23220!/:?]
	at dev.shadowsoffire.apotheosis.adventure.loot.ShieldBreakerTest.test(ShieldBreakerTest.java:48) ~[%5B神化%5D%20Apotheosis-1.20.1-7.4.6.jar%23177!/:7.4.6]
	at dev.shadowsoffire.apotheosis.adventure.loot.ShieldBreakerTest.test(ShieldBreakerTest.java:25) ~[%5B神化%5D%20Apotheosis-1.20.1-7.4.6.jar%23177!/:7.4.6]
	at dev.shadowsoffire.apotheosis.adventure.loot.LootCategory.isValid(LootCategory.java:89) ~[%5B神化%5D%20Apotheosis-1.20.1-7.4.6.jar%23177!/:7.4.6]
	at dev.shadowsoffire.apotheosis.adventure.loot.LootCategory.forItem(LootCategory.java:182) ~[%5B神化%5D%20Apotheosis-1.20.1-7.4.6.jar%23177!/:7.4.6]
	at dev.shadowsoffire.apotheosis.adventure.loot.AffixLootEntry.getType(AffixLootEntry.java:91) ~[%5B神化%5D%20Apotheosis-1.20.1-7.4.6.jar%23177!/:7.4.6]
	at dev.shadowsoffire.apotheosis.adventure.loot.AffixLootRegistry.validateItem(AffixLootRegistry.java:30) ~[%5B神化%5D%20Apotheosis-1.20.1-7.4.6.jar%23177!/:7.4.6]
	at dev.shadowsoffire.apotheosis.adventure.loot.AffixLootRegistry.validateItem(AffixLootRegistry.java:13) ~[%5B神化%5D%20Apotheosis-1.20.1-7.4.6.jar%23177!/:7.4.6]
	at dev.shadowsoffire.placebo.reload.DynamicRegistry.register(DynamicRegistry.java:322) ~[Placebo-1.20.1-8.6.2.jar%23208!/:8.6.2]
	at dev.shadowsoffire.placebo.reload.DynamicRegistry.lambda$apply$0(DynamicRegistry.java:143) ~[Placebo-1.20.1-8.6.2.jar%23208!/:8.6.2]
	at java.util.HashMap.forEach(HashMap.java:1429) ~[?:?]
	at dev.shadowsoffire.placebo.reload.DynamicRegistry.apply(DynamicRegistry.java:136) ~[Placebo-1.20.1-8.6.2.jar%23208!/:8.6.2]
	at dev.shadowsoffire.placebo.reload.DynamicRegistry.m_5787_(DynamicRegistry.java:62) ~[Placebo-1.20.1-8.6.2.jar%23208!/:8.6.2]
	at net.minecraft.server.packs.resources.SimplePreparableReloadListener.m_10789_(SimplePreparableReloadListener.java:13) ~[server-1.20.1-20230612.114412-srg.jar%23215!/:?]
	at java.util.concurrent.CompletableFuture$UniAccept.tryFire(CompletableFuture.java:718) ~[?:?]
	at java.util.concurrent.CompletableFuture$Completion.run(CompletableFuture.java:482) ~[?:?]
	at net.minecraft.server.packs.resources.SimpleReloadInstance.m_143940_(SimpleReloadInstance.java:69) ~[server-1.20.1-20230612.114412-srg.jar%23215!/:?]
	at net.minecraft.Util.m_214652_(Util.java:783) ~[server-1.20.1-20230612.114412-srg.jar%23215!/:?]
	at net.minecraft.Util.m_214679_(Util.java:772) ~[server-1.20.1-20230612.114412-srg.jar%23215!/:?]
	at net.minecraft.server.Main.main(Main.java:166) ~[server-1.20.1-20230612.114412-srg.jar%23215!/:?]
	at jdk.internal.reflect.DirectMethodHandleAccessor.invoke(DirectMethodHandleAccessor.java:103) ~[?:?]
	at java.lang.reflect.Method.invoke(Method.java:580) ~[?:?]
	at net.minecraftforge.fml.loading.targets.CommonLaunchHandler.runTarget(CommonLaunchHandler.java:111) ~[fmlloader-1.20.1-47.3.33.jar%2369!/:?]
	at net.minecraftforge.fml.loading.targets.CommonLaunchHandler.serverService(CommonLaunchHandler.java:103) ~[fmlloader-1.20.1-47.3.33.jar%2369!/:?]
	at net.minecraftforge.fml.loading.targets.CommonServerLaunchHandler.lambda$makeService$0(CommonServerLaunchHandler.java:27) ~[fmlloader-1.20.1-47.3.33.jar%2369!/:?]
	at cpw.mods.modlauncher.LaunchServiceHandlerDecorator.launch(LaunchServiceHandlerDecorator.java:30) ~[modlauncher-10.0.9.jar%2355!/:?]
	at cpw.mods.modlauncher.LaunchServiceHandler.launch(LaunchServiceHandler.java:53) ~[modlauncher-10.0.9.jar%2355!/:?]
	at cpw.mods.modlauncher.LaunchServiceHandler.launch(LaunchServiceHandler.java:71) ~[modlauncher-10.0.9.jar%2355!/:?]
	at cpw.mods.modlauncher.Launcher.run(Launcher.java:108) ~[modlauncher-10.0.9.jar%2355!/:?]
	at cpw.mods.modlauncher.Launcher.main(Launcher.java:78) ~[modlauncher-10.0.9.jar%2355!/:?]
	at cpw.mods.modlauncher.BootstrapLaunchConsumer.accept(BootstrapLaunchConsumer.java:26) ~[modlauncher-10.0.9.jar%2355!/:?]
	at cpw.mods.modlauncher.BootstrapLaunchConsumer.accept(BootstrapLaunchConsumer.java:23) ~[modlauncher-10.0.9.jar%2355!/:?]
	at cpw.mods.bootstraplauncher.BootstrapLauncher.main(BootstrapLauncher.java:141) ~[bootstraplauncher-1.1.2.jar:?]
[034月2025 21:07:52.907] [main/ERROR] [Apotheosis : Adventure/]: Failed to execute ShieldBreakerTest
java.lang.NullPointerException: Cannot invoke "net.minecraft.world.entity.LivingEntity.m_213824_()" because "attacker" is null
	at net.minecraftforge.common.extensions.IForgeItem.canDisableShield(IForgeItem.java:695) ~[forge-1.20.1-47.3.33-universal.jar%23220!/:?]
	at net.minecraftforge.common.extensions.IForgeItemStack.canDisableShield(IForgeItemStack.java:233) ~[forge-1.20.1-47.3.33-universal.jar%23220!/:?]
	at dev.shadowsoffire.apotheosis.adventure.loot.ShieldBreakerTest.test(ShieldBreakerTest.java:48) ~[%5B神化%5D%20Apotheosis-1.20.1-7.4.6.jar%23177!/:7.4.6]
	at dev.shadowsoffire.apotheosis.adventure.loot.ShieldBreakerTest.test(ShieldBreakerTest.java:25) ~[%5B神化%5D%20Apotheosis-1.20.1-7.4.6.jar%23177!/:7.4.6]
	at dev.shadowsoffire.apotheosis.adventure.loot.LootCategory.isValid(LootCategory.java:89) ~[%5B神化%5D%20Apotheosis-1.20.1-7.4.6.jar%23177!/:7.4.6]
	at dev.shadowsoffire.apotheosis.adventure.loot.LootCategory.forItem(LootCategory.java:182) ~[%5B神化%5D%20Apotheosis-1.20.1-7.4.6.jar%23177!/:7.4.6]
	at dev.shadowsoffire.apotheosis.adventure.loot.AffixLootEntry.getType(AffixLootEntry.java:91) ~[%5B神化%5D%20Apotheosis-1.20.1-7.4.6.jar%23177!/:7.4.6]
	at dev.shadowsoffire.apotheosis.adventure.loot.AffixLootRegistry.validateItem(AffixLootRegistry.java:30) ~[%5B神化%5D%20Apotheosis-1.20.1-7.4.6.jar%23177!/:7.4.6]
	at dev.shadowsoffire.apotheosis.adventure.loot.AffixLootRegistry.validateItem(AffixLootRegistry.java:13) ~[%5B神化%5D%20Apotheosis-1.20.1-7.4.6.jar%23177!/:7.4.6]
	at dev.shadowsoffire.placebo.reload.DynamicRegistry.register(DynamicRegistry.java:322) ~[Placebo-1.20.1-8.6.2.jar%23208!/:8.6.2]
	at dev.shadowsoffire.placebo.reload.DynamicRegistry.lambda$apply$0(DynamicRegistry.java:143) ~[Placebo-1.20.1-8.6.2.jar%23208!/:8.6.2]
	at java.util.HashMap.forEach(HashMap.java:1429) ~[?:?]
	at dev.shadowsoffire.placebo.reload.DynamicRegistry.apply(DynamicRegistry.java:136) ~[Placebo-1.20.1-8.6.2.jar%23208!/:8.6.2]
	at dev.shadowsoffire.placebo.reload.DynamicRegistry.m_5787_(DynamicRegistry.java:62) ~[Placebo-1.20.1-8.6.2.jar%23208!/:8.6.2]
	at net.minecraft.server.packs.resources.SimplePreparableReloadListener.m_10789_(SimplePreparableReloadListener.java:13) ~[server-1.20.1-20230612.114412-srg.jar%23215!/:?]
	at java.util.concurrent.CompletableFuture$UniAccept.tryFire(CompletableFuture.java:718) ~[?:?]
	at java.util.concurrent.CompletableFuture$Completion.run(CompletableFuture.java:482) ~[?:?]
	at net.minecraft.server.packs.resources.SimpleReloadInstance.m_143940_(SimpleReloadInstance.java:69) ~[server-1.20.1-20230612.114412-srg.jar%23215!/:?]
	at net.minecraft.Util.m_214652_(Util.java:783) ~[server-1.20.1-20230612.114412-srg.jar%23215!/:?]
	at net.minecraft.Util.m_214679_(Util.java:772) ~[server-1.20.1-20230612.114412-srg.jar%23215!/:?]
	at net.minecraft.server.Main.main(Main.java:166) ~[server-1.20.1-20230612.114412-srg.jar%23215!/:?]
	at jdk.internal.reflect.DirectMethodHandleAccessor.invoke(DirectMethodHandleAccessor.java:103) ~[?:?]
	at java.lang.reflect.Method.invoke(Method.java:580) ~[?:?]
	at net.minecraftforge.fml.loading.targets.CommonLaunchHandler.runTarget(CommonLaunchHandler.java:111) ~[fmlloader-1.20.1-47.3.33.jar%2369!/:?]
	at net.minecraftforge.fml.loading.targets.CommonLaunchHandler.serverService(CommonLaunchHandler.java:103) ~[fmlloader-1.20.1-47.3.33.jar%2369!/:?]
	at net.minecraftforge.fml.loading.targets.CommonServerLaunchHandler.lambda$makeService$0(CommonServerLaunchHandler.java:27) ~[fmlloader-1.20.1-47.3.33.jar%2369!/:?]
	at cpw.mods.modlauncher.LaunchServiceHandlerDecorator.launch(LaunchServiceHandlerDecorator.java:30) ~[modlauncher-10.0.9.jar%2355!/:?]
	at cpw.mods.modlauncher.LaunchServiceHandler.launch(LaunchServiceHandler.java:53) ~[modlauncher-10.0.9.jar%2355!/:?]
	at cpw.mods.modlauncher.LaunchServiceHandler.launch(LaunchServiceHandler.java:71) ~[modlauncher-10.0.9.jar%2355!/:?]
	at cpw.mods.modlauncher.Launcher.run(Launcher.java:108) ~[modlauncher-10.0.9.jar%2355!/:?]
	at cpw.mods.modlauncher.Launcher.main(Launcher.java:78) ~[modlauncher-10.0.9.jar%2355!/:?]
	at cpw.mods.modlauncher.BootstrapLaunchConsumer.accept(BootstrapLaunchConsumer.java:26) ~[modlauncher-10.0.9.jar%2355!/:?]
	at cpw.mods.modlauncher.BootstrapLaunchConsumer.accept(BootstrapLaunchConsumer.java:23) ~[modlauncher-10.0.9.jar%2355!/:?]
	at cpw.mods.bootstraplauncher.BootstrapLauncher.main(BootstrapLauncher.java:141) ~[bootstraplauncher-1.1.2.jar:?]
[034月2025 21:07:52.923] [main/ERROR] [Apotheosis : Adventure/]: Failed to execute ShieldBreakerTest
java.lang.NullPointerException: Cannot invoke "net.minecraft.world.entity.LivingEntity.m_213824_()" because "attacker" is null
	at net.minecraftforge.common.extensions.IForgeItem.canDisableShield(IForgeItem.java:695) ~[forge-1.20.1-47.3.33-universal.jar%23220!/:?]
	at net.minecraftforge.common.extensions.IForgeItemStack.canDisableShield(IForgeItemStack.java:233) ~[forge-1.20.1-47.3.33-universal.jar%23220!/:?]
	at dev.shadowsoffire.apotheosis.adventure.loot.ShieldBreakerTest.test(ShieldBreakerTest.java:48) ~[%5B神化%5D%20Apotheosis-1.20.1-7.4.6.jar%23177!/:7.4.6]
	at dev.shadowsoffire.apotheosis.adventure.loot.ShieldBreakerTest.test(ShieldBreakerTest.java:25) ~[%5B神化%5D%20Apotheosis-1.20.1-7.4.6.jar%23177!/:7.4.6]
	at dev.shadowsoffire.apotheosis.adventure.loot.LootCategory.isValid(LootCategory.java:89) ~[%5B神化%5D%20Apotheosis-1.20.1-7.4.6.jar%23177!/:7.4.6]
	at dev.shadowsoffire.apotheosis.adventure.loot.LootCategory.forItem(LootCategory.java:182) ~[%5B神化%5D%20Apotheosis-1.20.1-7.4.6.jar%23177!/:7.4.6]
	at dev.shadowsoffire.apotheosis.adventure.loot.AffixLootEntry.getType(AffixLootEntry.java:91) ~[%5B神化%5D%20Apotheosis-1.20.1-7.4.6.jar%23177!/:7.4.6]
	at dev.shadowsoffire.apotheosis.adventure.loot.AffixLootRegistry.validateItem(AffixLootRegistry.java:30) ~[%5B神化%5D%20Apotheosis-1.20.1-7.4.6.jar%23177!/:7.4.6]
	at dev.shadowsoffire.apotheosis.adventure.loot.AffixLootRegistry.validateItem(AffixLootRegistry.java:13) ~[%5B神化%5D%20Apotheosis-1.20.1-7.4.6.jar%23177!/:7.4.6]
	at dev.shadowsoffire.placebo.reload.DynamicRegistry.register(DynamicRegistry.java:322) ~[Placebo-1.20.1-8.6.2.jar%23208!/:8.6.2]
	at dev.shadowsoffire.placebo.reload.DynamicRegistry.lambda$apply$0(DynamicRegistry.java:143) ~[Placebo-1.20.1-8.6.2.jar%23208!/:8.6.2]
	at java.util.HashMap.forEach(HashMap.java:1429) ~[?:?]
	at dev.shadowsoffire.placebo.reload.DynamicRegistry.apply(DynamicRegistry.java:136) ~[Placebo-1.20.1-8.6.2.jar%23208!/:8.6.2]
	at dev.shadowsoffire.placebo.reload.DynamicRegistry.m_5787_(DynamicRegistry.java:62) ~[Placebo-1.20.1-8.6.2.jar%23208!/:8.6.2]
	at net.minecraft.server.packs.resources.SimplePreparableReloadListener.m_10789_(SimplePreparableReloadListener.java:13) ~[server-1.20.1-20230612.114412-srg.jar%23215!/:?]
	at java.util.concurrent.CompletableFuture$UniAccept.tryFire(CompletableFuture.java:718) ~[?:?]
	at java.util.concurrent.CompletableFuture$Completion.run(CompletableFuture.java:482) ~[?:?]
	at net.minecraft.server.packs.resources.SimpleReloadInstance.m_143940_(SimpleReloadInstance.java:69) ~[server-1.20.1-20230612.114412-srg.jar%23215!/:?]
	at net.minecraft.Util.m_214652_(Util.java:783) ~[server-1.20.1-20230612.114412-srg.jar%23215!/:?]
	at net.minecraft.Util.m_214679_(Util.java:772) ~[server-1.20.1-20230612.114412-srg.jar%23215!/:?]
	at net.minecraft.server.Main.main(Main.java:166) ~[server-1.20.1-20230612.114412-srg.jar%23215!/:?]
	at jdk.internal.reflect.DirectMethodHandleAccessor.invoke(DirectMethodHandleAccessor.java:103) ~[?:?]
	at java.lang.reflect.Method.invoke(Method.java:580) ~[?:?]
	at net.minecraftforge.fml.loading.targets.CommonLaunchHandler.runTarget(CommonLaunchHandler.java:111) ~[fmlloader-1.20.1-47.3.33.jar%2369!/:?]
	at net.minecraftforge.fml.loading.targets.CommonLaunchHandler.serverService(CommonLaunchHandler.java:103) ~[fmlloader-1.20.1-47.3.33.jar%2369!/:?]
	at net.minecraftforge.fml.loading.targets.CommonServerLaunchHandler.lambda$makeService$0(CommonServerLaunchHandler.java:27) ~[fmlloader-1.20.1-47.3.33.jar%2369!/:?]
	at cpw.mods.modlauncher.LaunchServiceHandlerDecorator.launch(LaunchServiceHandlerDecorator.java:30) ~[modlauncher-10.0.9.jar%2355!/:?]
	at cpw.mods.modlauncher.LaunchServiceHandler.launch(LaunchServiceHandler.java:53) ~[modlauncher-10.0.9.jar%2355!/:?]
	at cpw.mods.modlauncher.LaunchServiceHandler.launch(LaunchServiceHandler.java:71) ~[modlauncher-10.0.9.jar%2355!/:?]
	at cpw.mods.modlauncher.Launcher.run(Launcher.java:108) ~[modlauncher-10.0.9.jar%2355!/:?]
	at cpw.mods.modlauncher.Launcher.main(Launcher.java:78) ~[modlauncher-10.0.9.jar%2355!/:?]
	at cpw.mods.modlauncher.BootstrapLaunchConsumer.accept(BootstrapLaunchConsumer.java:26) ~[modlauncher-10.0.9.jar%2355!/:?]
	at cpw.mods.modlauncher.BootstrapLaunchConsumer.accept(BootstrapLaunchConsumer.java:23) ~[modlauncher-10.0.9.jar%2355!/:?]
	at cpw.mods.bootstraplauncher.BootstrapLauncher.main(BootstrapLauncher.java:141) ~[bootstraplauncher-1.1.2.jar:?]
[034月2025 21:07:52.936] [main/ERROR] [Apotheosis : Adventure/]: Failed to execute ShieldBreakerTest
java.lang.NullPointerException: Cannot invoke "net.minecraft.world.entity.LivingEntity.m_213824_()" because "attacker" is null
	at net.minecraftforge.common.extensions.IForgeItem.canDisableShield(IForgeItem.java:695) ~[forge-1.20.1-47.3.33-universal.jar%23220!/:?]
	at net.minecraftforge.common.extensions.IForgeItemStack.canDisableShield(IForgeItemStack.java:233) ~[forge-1.20.1-47.3.33-universal.jar%23220!/:?]
	at dev.shadowsoffire.apotheosis.adventure.loot.ShieldBreakerTest.test(ShieldBreakerTest.java:48) ~[%5B神化%5D%20Apotheosis-1.20.1-7.4.6.jar%23177!/:7.4.6]
	at dev.shadowsoffire.apotheosis.adventure.loot.ShieldBreakerTest.test(ShieldBreakerTest.java:25) ~[%5B神化%5D%20Apotheosis-1.20.1-7.4.6.jar%23177!/:7.4.6]
	at dev.shadowsoffire.apotheosis.adventure.loot.LootCategory.isValid(LootCategory.java:89) ~[%5B神化%5D%20Apotheosis-1.20.1-7.4.6.jar%23177!/:7.4.6]
	at dev.shadowsoffire.apotheosis.adventure.loot.LootCategory.forItem(LootCategory.java:182) ~[%5B神化%5D%20Apotheosis-1.20.1-7.4.6.jar%23177!/:7.4.6]
	at dev.shadowsoffire.apotheosis.adventure.loot.AffixLootEntry.getType(AffixLootEntry.java:91) ~[%5B神化%5D%20Apotheosis-1.20.1-7.4.6.jar%23177!/:7.4.6]
	at dev.shadowsoffire.apotheosis.adventure.loot.AffixLootRegistry.validateItem(AffixLootRegistry.java:30) ~[%5B神化%5D%20Apotheosis-1.20.1-7.4.6.jar%23177!/:7.4.6]
	at dev.shadowsoffire.apotheosis.adventure.loot.AffixLootRegistry.validateItem(AffixLootRegistry.java:13) ~[%5B神化%5D%20Apotheosis-1.20.1-7.4.6.jar%23177!/:7.4.6]
	at dev.shadowsoffire.placebo.reload.DynamicRegistry.register(DynamicRegistry.java:322) ~[Placebo-1.20.1-8.6.2.jar%23208!/:8.6.2]
	at dev.shadowsoffire.placebo.reload.DynamicRegistry.lambda$apply$0(DynamicRegistry.java:143) ~[Placebo-1.20.1-8.6.2.jar%23208!/:8.6.2]
	at java.util.HashMap.forEach(HashMap.java:1429) ~[?:?]
	at dev.shadowsoffire.placebo.reload.DynamicRegistry.apply(DynamicRegistry.java:136) ~[Placebo-1.20.1-8.6.2.jar%23208!/:8.6.2]
	at dev.shadowsoffire.placebo.reload.DynamicRegistry.m_5787_(DynamicRegistry.java:62) ~[Placebo-1.20.1-8.6.2.jar%23208!/:8.6.2]
	at net.minecraft.server.packs.resources.SimplePreparableReloadListener.m_10789_(SimplePreparableReloadListener.java:13) ~[server-1.20.1-20230612.114412-srg.jar%23215!/:?]
	at java.util.concurrent.CompletableFuture$UniAccept.tryFire(CompletableFuture.java:718) ~[?:?]
	at java.util.concurrent.CompletableFuture$Completion.run(CompletableFuture.java:482) ~[?:?]
	at net.minecraft.server.packs.resources.SimpleReloadInstance.m_143940_(SimpleReloadInstance.java:69) ~[server-1.20.1-20230612.114412-srg.jar%23215!/:?]
	at net.minecraft.Util.m_214652_(Util.java:783) ~[server-1.20.1-20230612.114412-srg.jar%23215!/:?]
	at net.minecraft.Util.m_214679_(Util.java:772) ~[server-1.20.1-20230612.114412-srg.jar%23215!/:?]
	at net.minecraft.server.Main.main(Main.java:166) ~[server-1.20.1-20230612.114412-srg.jar%23215!/:?]
	at jdk.internal.reflect.DirectMethodHandleAccessor.invoke(DirectMethodHandleAccessor.java:103) ~[?:?]
	at java.lang.reflect.Method.invoke(Method.java:580) ~[?:?]
	at net.minecraftforge.fml.loading.targets.CommonLaunchHandler.runTarget(CommonLaunchHandler.java:111) ~[fmlloader-1.20.1-47.3.33.jar%2369!/:?]
	at net.minecraftforge.fml.loading.targets.CommonLaunchHandler.serverService(CommonLaunchHandler.java:103) ~[fmlloader-1.20.1-47.3.33.jar%2369!/:?]
	at net.minecraftforge.fml.loading.targets.CommonServerLaunchHandler.lambda$makeService$0(CommonServerLaunchHandler.java:27) ~[fmlloader-1.20.1-47.3.33.jar%2369!/:?]
	at cpw.mods.modlauncher.LaunchServiceHandlerDecorator.launch(LaunchServiceHandlerDecorator.java:30) ~[modlauncher-10.0.9.jar%2355!/:?]
	at cpw.mods.modlauncher.LaunchServiceHandler.launch(LaunchServiceHandler.java:53) ~[modlauncher-10.0.9.jar%2355!/:?]
	at cpw.mods.modlauncher.LaunchServiceHandler.launch(LaunchServiceHandler.java:71) ~[modlauncher-10.0.9.jar%2355!/:?]
	at cpw.mods.modlauncher.Launcher.run(Launcher.java:108) ~[modlauncher-10.0.9.jar%2355!/:?]
	at cpw.mods.modlauncher.Launcher.main(Launcher.java:78) ~[modlauncher-10.0.9.jar%2355!/:?]
	at cpw.mods.modlauncher.BootstrapLaunchConsumer.accept(BootstrapLaunchConsumer.java:26) ~[modlauncher-10.0.9.jar%2355!/:?]
	at cpw.mods.modlauncher.BootstrapLaunchConsumer.accept(BootstrapLaunchConsumer.java:23) ~[modlauncher-10.0.9.jar%2355!/:?]
	at cpw.mods.bootstraplauncher.BootstrapLauncher.main(BootstrapLauncher.java:141) ~[bootstraplauncher-1.1.2.jar:?]
[034月2025 21:07:52.946] [main/ERROR] [Apotheosis : Adventure/]: Failed to execute ShieldBreakerTest
java.lang.NullPointerException: Cannot invoke "net.minecraft.world.entity.LivingEntity.m_213824_()" because "attacker" is null
	at net.minecraftforge.common.extensions.IForgeItem.canDisableShield(IForgeItem.java:695) ~[forge-1.20.1-47.3.33-universal.jar%23220!/:?]
	at net.minecraftforge.common.extensions.IForgeItemStack.canDisableShield(IForgeItemStack.java:233) ~[forge-1.20.1-47.3.33-universal.jar%23220!/:?]
	at dev.shadowsoffire.apotheosis.adventure.loot.ShieldBreakerTest.test(ShieldBreakerTest.java:48) ~[%5B神化%5D%20Apotheosis-1.20.1-7.4.6.jar%23177!/:7.4.6]
	at dev.shadowsoffire.apotheosis.adventure.loot.ShieldBreakerTest.test(ShieldBreakerTest.java:25) ~[%5B神化%5D%20Apotheosis-1.20.1-7.4.6.jar%23177!/:7.4.6]
	at dev.shadowsoffire.apotheosis.adventure.loot.LootCategory.isValid(LootCategory.java:89) ~[%5B神化%5D%20Apotheosis-1.20.1-7.4.6.jar%23177!/:7.4.6]
	at dev.shadowsoffire.apotheosis.adventure.loot.LootCategory.forItem(LootCategory.java:182) ~[%5B神化%5D%20Apotheosis-1.20.1-7.4.6.jar%23177!/:7.4.6]
	at dev.shadowsoffire.apotheosis.adventure.loot.AffixLootEntry.getType(AffixLootEntry.java:91) ~[%5B神化%5D%20Apotheosis-1.20.1-7.4.6.jar%23177!/:7.4.6]
	at dev.shadowsoffire.apotheosis.adventure.loot.AffixLootRegistry.validateItem(AffixLootRegistry.java:30) ~[%5B神化%5D%20Apotheosis-1.20.1-7.4.6.jar%23177!/:7.4.6]
	at dev.shadowsoffire.apotheosis.adventure.loot.AffixLootRegistry.validateItem(AffixLootRegistry.java:13) ~[%5B神化%5D%20Apotheosis-1.20.1-7.4.6.jar%23177!/:7.4.6]
	at dev.shadowsoffire.placebo.reload.DynamicRegistry.register(DynamicRegistry.java:322) ~[Placebo-1.20.1-8.6.2.jar%23208!/:8.6.2]
	at dev.shadowsoffire.placebo.reload.DynamicRegistry.lambda$apply$0(DynamicRegistry.java:143) ~[Placebo-1.20.1-8.6.2.jar%23208!/:8.6.2]
	at java.util.HashMap.forEach(HashMap.java:1429) ~[?:?]
	at dev.shadowsoffire.placebo.reload.DynamicRegistry.apply(DynamicRegistry.java:136) ~[Placebo-1.20.1-8.6.2.jar%23208!/:8.6.2]
	at dev.shadowsoffire.placebo.reload.DynamicRegistry.m_5787_(DynamicRegistry.java:62) ~[Placebo-1.20.1-8.6.2.jar%23208!/:8.6.2]
	at net.minecraft.server.packs.resources.SimplePreparableReloadListener.m_10789_(SimplePreparableReloadListener.java:13) ~[server-1.20.1-20230612.114412-srg.jar%23215!/:?]
	at java.util.concurrent.CompletableFuture$UniAccept.tryFire(CompletableFuture.java:718) ~[?:?]
	at java.util.concurrent.CompletableFuture$Completion.run(CompletableFuture.java:482) ~[?:?]
	at net.minecraft.server.packs.resources.SimpleReloadInstance.m_143940_(SimpleReloadInstance.java:69) ~[server-1.20.1-20230612.114412-srg.jar%23215!/:?]
	at net.minecraft.Util.m_214652_(Util.java:783) ~[server-1.20.1-20230612.114412-srg.jar%23215!/:?]
	at net.minecraft.Util.m_214679_(Util.java:772) ~[server-1.20.1-20230612.114412-srg.jar%23215!/:?]
	at net.minecraft.server.Main.main(Main.java:166) ~[server-1.20.1-20230612.114412-srg.jar%23215!/:?]
	at jdk.internal.reflect.DirectMethodHandleAccessor.invoke(DirectMethodHandleAccessor.java:103) ~[?:?]
	at java.lang.reflect.Method.invoke(Method.java:580) ~[?:?]
	at net.minecraftforge.fml.loading.targets.CommonLaunchHandler.runTarget(CommonLaunchHandler.java:111) ~[fmlloader-1.20.1-47.3.33.jar%2369!/:?]
	at net.minecraftforge.fml.loading.targets.CommonLaunchHandler.serverService(CommonLaunchHandler.java:103) ~[fmlloader-1.20.1-47.3.33.jar%2369!/:?]
	at net.minecraftforge.fml.loading.targets.CommonServerLaunchHandler.lambda$makeService$0(CommonServerLaunchHandler.java:27) ~[fmlloader-1.20.1-47.3.33.jar%2369!/:?]
	at cpw.mods.modlauncher.LaunchServiceHandlerDecorator.launch(LaunchServiceHandlerDecorator.java:30) ~[modlauncher-10.0.9.jar%2355!/:?]
	at cpw.mods.modlauncher.LaunchServiceHandler.launch(LaunchServiceHandler.java:53) ~[modlauncher-10.0.9.jar%2355!/:?]
	at cpw.mods.modlauncher.LaunchServiceHandler.launch(LaunchServiceHandler.java:71) ~[modlauncher-10.0.9.jar%2355!/:?]
	at cpw.mods.modlauncher.Launcher.run(Launcher.java:108) ~[modlauncher-10.0.9.jar%2355!/:?]
	at cpw.mods.modlauncher.Launcher.main(Launcher.java:78) ~[modlauncher-10.0.9.jar%2355!/:?]
	at cpw.mods.modlauncher.BootstrapLaunchConsumer.accept(BootstrapLaunchConsumer.java:26) ~[modlauncher-10.0.9.jar%2355!/:?]
	at cpw.mods.modlauncher.BootstrapLaunchConsumer.accept(BootstrapLaunchConsumer.java:23) ~[modlauncher-10.0.9.jar%2355!/:?]
	at cpw.mods.bootstraplauncher.BootstrapLauncher.main(BootstrapLauncher.java:141) ~[bootstraplauncher-1.1.2.jar:?]
[034月2025 21:07:52.958] [main/ERROR] [Apotheosis : Adventure/]: Failed to execute ShieldBreakerTest
java.lang.NullPointerException: Cannot invoke "net.minecraft.world.entity.LivingEntity.m_213824_()" because "attacker" is null
	at net.minecraftforge.common.extensions.IForgeItem.canDisableShield(IForgeItem.java:695) ~[forge-1.20.1-47.3.33-universal.jar%23220!/:?]
	at net.minecraftforge.common.extensions.IForgeItemStack.canDisableShield(IForgeItemStack.java:233) ~[forge-1.20.1-47.3.33-universal.jar%23220!/:?]
	at dev.shadowsoffire.apotheosis.adventure.loot.ShieldBreakerTest.test(ShieldBreakerTest.java:48) ~[%5B神化%5D%20Apotheosis-1.20.1-7.4.6.jar%23177!/:7.4.6]
	at dev.shadowsoffire.apotheosis.adventure.loot.ShieldBreakerTest.test(ShieldBreakerTest.java:25) ~[%5B神化%5D%20Apotheosis-1.20.1-7.4.6.jar%23177!/:7.4.6]
	at dev.shadowsoffire.apotheosis.adventure.loot.LootCategory.isValid(LootCategory.java:89) ~[%5B神化%5D%20Apotheosis-1.20.1-7.4.6.jar%23177!/:7.4.6]
	at dev.shadowsoffire.apotheosis.adventure.loot.LootCategory.forItem(LootCategory.java:182) ~[%5B神化%5D%20Apotheosis-1.20.1-7.4.6.jar%23177!/:7.4.6]
	at dev.shadowsoffire.apotheosis.adventure.loot.AffixLootEntry.getType(AffixLootEntry.java:91) ~[%5B神化%5D%20Apotheosis-1.20.1-7.4.6.jar%23177!/:7.4.6]
	at dev.shadowsoffire.apotheosis.adventure.loot.AffixLootRegistry.validateItem(AffixLootRegistry.java:30) ~[%5B神化%5D%20Apotheosis-1.20.1-7.4.6.jar%23177!/:7.4.6]
	at dev.shadowsoffire.apotheosis.adventure.loot.AffixLootRegistry.validateItem(AffixLootRegistry.java:13) ~[%5B神化%5D%20Apotheosis-1.20.1-7.4.6.jar%23177!/:7.4.6]
	at dev.shadowsoffire.placebo.reload.DynamicRegistry.register(DynamicRegistry.java:322) ~[Placebo-1.20.1-8.6.2.jar%23208!/:8.6.2]
	at dev.shadowsoffire.placebo.reload.DynamicRegistry.lambda$apply$0(DynamicRegistry.java:143) ~[Placebo-1.20.1-8.6.2.jar%23208!/:8.6.2]
	at java.util.HashMap.forEach(HashMap.java:1429) ~[?:?]
	at dev.shadowsoffire.placebo.reload.DynamicRegistry.apply(DynamicRegistry.java:136) ~[Placebo-1.20.1-8.6.2.jar%23208!/:8.6.2]
	at dev.shadowsoffire.placebo.reload.DynamicRegistry.m_5787_(DynamicRegistry.java:62) ~[Placebo-1.20.1-8.6.2.jar%23208!/:8.6.2]
	at net.minecraft.server.packs.resources.SimplePreparableReloadListener.m_10789_(SimplePreparableReloadListener.java:13) ~[server-1.20.1-20230612.114412-srg.jar%23215!/:?]
	at java.util.concurrent.CompletableFuture$UniAccept.tryFire(CompletableFuture.java:718) ~[?:?]
	at java.util.concurrent.CompletableFuture$Completion.run(CompletableFuture.java:482) ~[?:?]
	at net.minecraft.server.packs.resources.SimpleReloadInstance.m_143940_(SimpleReloadInstance.java:69) ~[server-1.20.1-20230612.114412-srg.jar%23215!/:?]
	at net.minecraft.Util.m_214652_(Util.java:783) ~[server-1.20.1-20230612.114412-srg.jar%23215!/:?]
	at net.minecraft.Util.m_214679_(Util.java:772) ~[server-1.20.1-20230612.114412-srg.jar%23215!/:?]
	at net.minecraft.server.Main.main(Main.java:166) ~[server-1.20.1-20230612.114412-srg.jar%23215!/:?]
	at jdk.internal.reflect.DirectMethodHandleAccessor.invoke(DirectMethodHandleAccessor.java:103) ~[?:?]
	at java.lang.reflect.Method.invoke(Method.java:580) ~[?:?]
	at net.minecraftforge.fml.loading.targets.CommonLaunchHandler.runTarget(CommonLaunchHandler.java:111) ~[fmlloader-1.20.1-47.3.33.jar%2369!/:?]
	at net.minecraftforge.fml.loading.targets.CommonLaunchHandler.serverService(CommonLaunchHandler.java:103) ~[fmlloader-1.20.1-47.3.33.jar%2369!/:?]
	at net.minecraftforge.fml.loading.targets.CommonServerLaunchHandler.lambda$makeService$0(CommonServerLaunchHandler.java:27) ~[fmlloader-1.20.1-47.3.33.jar%2369!/:?]
	at cpw.mods.modlauncher.LaunchServiceHandlerDecorator.launch(LaunchServiceHandlerDecorator.java:30) ~[modlauncher-10.0.9.jar%2355!/:?]
	at cpw.mods.modlauncher.LaunchServiceHandler.launch(LaunchServiceHandler.java:53) ~[modlauncher-10.0.9.jar%2355!/:?]
	at cpw.mods.modlauncher.LaunchServiceHandler.launch(LaunchServiceHandler.java:71) ~[modlauncher-10.0.9.jar%2355!/:?]
	at cpw.mods.modlauncher.Launcher.run(Launcher.java:108) ~[modlauncher-10.0.9.jar%2355!/:?]
	at cpw.mods.modlauncher.Launcher.main(Launcher.java:78) ~[modlauncher-10.0.9.jar%2355!/:?]
	at cpw.mods.modlauncher.BootstrapLaunchConsumer.accept(BootstrapLaunchConsumer.java:26) ~[modlauncher-10.0.9.jar%2355!/:?]
	at cpw.mods.modlauncher.BootstrapLaunchConsumer.accept(BootstrapLaunchConsumer.java:23) ~[modlauncher-10.0.9.jar%2355!/:?]
	at cpw.mods.bootstraplauncher.BootstrapLauncher.main(BootstrapLauncher.java:141) ~[bootstraplauncher-1.1.2.jar:?]
[034月2025 21:07:52.973] [main/ERROR] [Apotheosis : Adventure/]: Failed to execute ShieldBreakerTest
java.lang.NullPointerException: Cannot invoke "net.minecraft.world.entity.LivingEntity.m_213824_()" because "attacker" is null
	at net.minecraftforge.common.extensions.IForgeItem.canDisableShield(IForgeItem.java:695) ~[forge-1.20.1-47.3.33-universal.jar%23220!/:?]
	at net.minecraftforge.common.extensions.IForgeItemStack.canDisableShield(IForgeItemStack.java:233) ~[forge-1.20.1-47.3.33-universal.jar%23220!/:?]
	at dev.shadowsoffire.apotheosis.adventure.loot.ShieldBreakerTest.test(ShieldBreakerTest.java:48) ~[%5B神化%5D%20Apotheosis-1.20.1-7.4.6.jar%23177!/:7.4.6]
	at dev.shadowsoffire.apotheosis.adventure.loot.ShieldBreakerTest.test(ShieldBreakerTest.java:25) ~[%5B神化%5D%20Apotheosis-1.20.1-7.4.6.jar%23177!/:7.4.6]
	at dev.shadowsoffire.apotheosis.adventure.loot.LootCategory.isValid(LootCategory.java:89) ~[%5B神化%5D%20Apotheosis-1.20.1-7.4.6.jar%23177!/:7.4.6]
	at dev.shadowsoffire.apotheosis.adventure.loot.LootCategory.forItem(LootCategory.java:182) ~[%5B神化%5D%20Apotheosis-1.20.1-7.4.6.jar%23177!/:7.4.6]
	at dev.shadowsoffire.apotheosis.adventure.loot.AffixLootEntry.getType(AffixLootEntry.java:91) ~[%5B神化%5D%20Apotheosis-1.20.1-7.4.6.jar%23177!/:7.4.6]
	at dev.shadowsoffire.apotheosis.adventure.loot.AffixLootRegistry.validateItem(AffixLootRegistry.java:30) ~[%5B神化%5D%20Apotheosis-1.20.1-7.4.6.jar%23177!/:7.4.6]
	at dev.shadowsoffire.apotheosis.adventure.loot.AffixLootRegistry.validateItem(AffixLootRegistry.java:13) ~[%5B神化%5D%20Apotheosis-1.20.1-7.4.6.jar%23177!/:7.4.6]
	at dev.shadowsoffire.placebo.reload.DynamicRegistry.register(DynamicRegistry.java:322) ~[Placebo-1.20.1-8.6.2.jar%23208!/:8.6.2]
	at dev.shadowsoffire.placebo.reload.DynamicRegistry.lambda$apply$0(DynamicRegistry.java:143) ~[Placebo-1.20.1-8.6.2.jar%23208!/:8.6.2]
	at java.util.HashMap.forEach(HashMap.java:1429) ~[?:?]
	at dev.shadowsoffire.placebo.reload.DynamicRegistry.apply(DynamicRegistry.java:136) ~[Placebo-1.20.1-8.6.2.jar%23208!/:8.6.2]
	at dev.shadowsoffire.placebo.reload.DynamicRegistry.m_5787_(DynamicRegistry.java:62) ~[Placebo-1.20.1-8.6.2.jar%23208!/:8.6.2]
	at net.minecraft.server.packs.resources.SimplePreparableReloadListener.m_10789_(SimplePreparableReloadListener.java:13) ~[server-1.20.1-20230612.114412-srg.jar%23215!/:?]
	at java.util.concurrent.CompletableFuture$UniAccept.tryFire(CompletableFuture.java:718) ~[?:?]
	at java.util.concurrent.CompletableFuture$Completion.run(CompletableFuture.java:482) ~[?:?]
	at net.minecraft.server.packs.resources.SimpleReloadInstance.m_143940_(SimpleReloadInstance.java:69) ~[server-1.20.1-20230612.114412-srg.jar%23215!/:?]
	at net.minecraft.Util.m_214652_(Util.java:783) ~[server-1.20.1-20230612.114412-srg.jar%23215!/:?]
	at net.minecraft.Util.m_214679_(Util.java:772) ~[server-1.20.1-20230612.114412-srg.jar%23215!/:?]
	at net.minecraft.server.Main.main(Main.java:166) ~[server-1.20.1-20230612.114412-srg.jar%23215!/:?]
	at jdk.internal.reflect.DirectMethodHandleAccessor.invoke(DirectMethodHandleAccessor.java:103) ~[?:?]
	at java.lang.reflect.Method.invoke(Method.java:580) ~[?:?]
	at net.minecraftforge.fml.loading.targets.CommonLaunchHandler.runTarget(CommonLaunchHandler.java:111) ~[fmlloader-1.20.1-47.3.33.jar%2369!/:?]
	at net.minecraftforge.fml.loading.targets.CommonLaunchHandler.serverService(CommonLaunchHandler.java:103) ~[fmlloader-1.20.1-47.3.33.jar%2369!/:?]
	at net.minecraftforge.fml.loading.targets.CommonServerLaunchHandler.lambda$makeService$0(CommonServerLaunchHandler.java:27) ~[fmlloader-1.20.1-47.3.33.jar%2369!/:?]
	at cpw.mods.modlauncher.LaunchServiceHandlerDecorator.launch(LaunchServiceHandlerDecorator.java:30) ~[modlauncher-10.0.9.jar%2355!/:?]
	at cpw.mods.modlauncher.LaunchServiceHandler.launch(LaunchServiceHandler.java:53) ~[modlauncher-10.0.9.jar%2355!/:?]
	at cpw.mods.modlauncher.LaunchServiceHandler.launch(LaunchServiceHandler.java:71) ~[modlauncher-10.0.9.jar%2355!/:?]
	at cpw.mods.modlauncher.Launcher.run(Launcher.java:108) ~[modlauncher-10.0.9.jar%2355!/:?]
	at cpw.mods.modlauncher.Launcher.main(Launcher.java:78) ~[modlauncher-10.0.9.jar%2355!/:?]
	at cpw.mods.modlauncher.BootstrapLaunchConsumer.accept(BootstrapLaunchConsumer.java:26) ~[modlauncher-10.0.9.jar%2355!/:?]
	at cpw.mods.modlauncher.BootstrapLaunchConsumer.accept(BootstrapLaunchConsumer.java:23) ~[modlauncher-10.0.9.jar%2355!/:?]
	at cpw.mods.bootstraplauncher.BootstrapLauncher.main(BootstrapLauncher.java:141) ~[bootstraplauncher-1.1.2.jar:?]
[034月2025 21:07:52.985] [main/ERROR] [Apotheosis : Adventure/]: Failed to execute ShieldBreakerTest
java.lang.NullPointerException: Cannot invoke "net.minecraft.world.entity.LivingEntity.m_213824_()" because "attacker" is null
	at net.minecraftforge.common.extensions.IForgeItem.canDisableShield(IForgeItem.java:695) ~[forge-1.20.1-47.3.33-universal.jar%23220!/:?]
	at net.minecraftforge.common.extensions.IForgeItemStack.canDisableShield(IForgeItemStack.java:233) ~[forge-1.20.1-47.3.33-universal.jar%23220!/:?]
	at dev.shadowsoffire.apotheosis.adventure.loot.ShieldBreakerTest.test(ShieldBreakerTest.java:48) ~[%5B神化%5D%20Apotheosis-1.20.1-7.4.6.jar%23177!/:7.4.6]
	at dev.shadowsoffire.apotheosis.adventure.loot.ShieldBreakerTest.test(ShieldBreakerTest.java:25) ~[%5B神化%5D%20Apotheosis-1.20.1-7.4.6.jar%23177!/:7.4.6]
	at dev.shadowsoffire.apotheosis.adventure.loot.LootCategory.isValid(LootCategory.java:89) ~[%5B神化%5D%20Apotheosis-1.20.1-7.4.6.jar%23177!/:7.4.6]
	at dev.shadowsoffire.apotheosis.adventure.loot.LootCategory.forItem(LootCategory.java:182) ~[%5B神化%5D%20Apotheosis-1.20.1-7.4.6.jar%23177!/:7.4.6]
	at dev.shadowsoffire.apotheosis.adventure.loot.AffixLootEntry.getType(AffixLootEntry.java:91) ~[%5B神化%5D%20Apotheosis-1.20.1-7.4.6.jar%23177!/:7.4.6]
	at dev.shadowsoffire.apotheosis.adventure.loot.AffixLootRegistry.validateItem(AffixLootRegistry.java:30) ~[%5B神化%5D%20Apotheosis-1.20.1-7.4.6.jar%23177!/:7.4.6]
	at dev.shadowsoffire.apotheosis.adventure.loot.AffixLootRegistry.validateItem(AffixLootRegistry.java:13) ~[%5B神化%5D%20Apotheosis-1.20.1-7.4.6.jar%23177!/:7.4.6]
	at dev.shadowsoffire.placebo.reload.DynamicRegistry.register(DynamicRegistry.java:322) ~[Placebo-1.20.1-8.6.2.jar%23208!/:8.6.2]
	at dev.shadowsoffire.placebo.reload.DynamicRegistry.lambda$apply$0(DynamicRegistry.java:143) ~[Placebo-1.20.1-8.6.2.jar%23208!/:8.6.2]
	at java.util.HashMap.forEach(HashMap.java:1429) ~[?:?]
	at dev.shadowsoffire.placebo.reload.DynamicRegistry.apply(DynamicRegistry.java:136) ~[Placebo-1.20.1-8.6.2.jar%23208!/:8.6.2]
	at dev.shadowsoffire.placebo.reload.DynamicRegistry.m_5787_(DynamicRegistry.java:62) ~[Placebo-1.20.1-8.6.2.jar%23208!/:8.6.2]
	at net.minecraft.server.packs.resources.SimplePreparableReloadListener.m_10789_(SimplePreparableReloadListener.java:13) ~[server-1.20.1-20230612.114412-srg.jar%23215!/:?]
	at java.util.concurrent.CompletableFuture$UniAccept.tryFire(CompletableFuture.java:718) ~[?:?]
	at java.util.concurrent.CompletableFuture$Completion.run(CompletableFuture.java:482) ~[?:?]
	at net.minecraft.server.packs.resources.SimpleReloadInstance.m_143940_(SimpleReloadInstance.java:69) ~[server-1.20.1-20230612.114412-srg.jar%23215!/:?]
	at net.minecraft.Util.m_214652_(Util.java:783) ~[server-1.20.1-20230612.114412-srg.jar%23215!/:?]
	at net.minecraft.Util.m_214679_(Util.java:772) ~[server-1.20.1-20230612.114412-srg.jar%23215!/:?]
	at net.minecraft.server.Main.main(Main.java:166) ~[server-1.20.1-20230612.114412-srg.jar%23215!/:?]
	at jdk.internal.reflect.DirectMethodHandleAccessor.invoke(DirectMethodHandleAccessor.java:103) ~[?:?]
	at java.lang.reflect.Method.invoke(Method.java:580) ~[?:?]
	at net.minecraftforge.fml.loading.targets.CommonLaunchHandler.runTarget(CommonLaunchHandler.java:111) ~[fmlloader-1.20.1-47.3.33.jar%2369!/:?]
	at net.minecraftforge.fml.loading.targets.CommonLaunchHandler.serverService(CommonLaunchHandler.java:103) ~[fmlloader-1.20.1-47.3.33.jar%2369!/:?]
	at net.minecraftforge.fml.loading.targets.CommonServerLaunchHandler.lambda$makeService$0(CommonServerLaunchHandler.java:27) ~[fmlloader-1.20.1-47.3.33.jar%2369!/:?]
	at cpw.mods.modlauncher.LaunchServiceHandlerDecorator.launch(LaunchServiceHandlerDecorator.java:30) ~[modlauncher-10.0.9.jar%2355!/:?]
	at cpw.mods.modlauncher.LaunchServiceHandler.launch(LaunchServiceHandler.java:53) ~[modlauncher-10.0.9.jar%2355!/:?]
	at cpw.mods.modlauncher.LaunchServiceHandler.launch(LaunchServiceHandler.java:71) ~[modlauncher-10.0.9.jar%2355!/:?]
	at cpw.mods.modlauncher.Launcher.run(Launcher.java:108) ~[modlauncher-10.0.9.jar%2355!/:?]
	at cpw.mods.modlauncher.Launcher.main(Launcher.java:78) ~[modlauncher-10.0.9.jar%2355!/:?]
	at cpw.mods.modlauncher.BootstrapLaunchConsumer.accept(BootstrapLaunchConsumer.java:26) ~[modlauncher-10.0.9.jar%2355!/:?]
	at cpw.mods.modlauncher.BootstrapLaunchConsumer.accept(BootstrapLaunchConsumer.java:23) ~[modlauncher-10.0.9.jar%2355!/:?]
	at cpw.mods.bootstraplauncher.BootstrapLauncher.main(BootstrapLauncher.java:141) ~[bootstraplauncher-1.1.2.jar:?]
[034月2025 21:07:52.999] [main/ERROR] [Apotheosis : Adventure/]: Failed to execute ShieldBreakerTest
java.lang.NullPointerException: Cannot invoke "net.minecraft.world.entity.LivingEntity.m_213824_()" because "attacker" is null
	at net.minecraftforge.common.extensions.IForgeItem.canDisableShield(IForgeItem.java:695) ~[forge-1.20.1-47.3.33-universal.jar%23220!/:?]
	at net.minecraftforge.common.extensions.IForgeItemStack.canDisableShield(IForgeItemStack.java:233) ~[forge-1.20.1-47.3.33-universal.jar%23220!/:?]
	at dev.shadowsoffire.apotheosis.adventure.loot.ShieldBreakerTest.test(ShieldBreakerTest.java:48) ~[%5B神化%5D%20Apotheosis-1.20.1-7.4.6.jar%23177!/:7.4.6]
	at dev.shadowsoffire.apotheosis.adventure.loot.ShieldBreakerTest.test(ShieldBreakerTest.java:25) ~[%5B神化%5D%20Apotheosis-1.20.1-7.4.6.jar%23177!/:7.4.6]
	at dev.shadowsoffire.apotheosis.adventure.loot.LootCategory.isValid(LootCategory.java:89) ~[%5B神化%5D%20Apotheosis-1.20.1-7.4.6.jar%23177!/:7.4.6]
	at dev.shadowsoffire.apotheosis.adventure.loot.LootCategory.forItem(LootCategory.java:182) ~[%5B神化%5D%20Apotheosis-1.20.1-7.4.6.jar%23177!/:7.4.6]
	at dev.shadowsoffire.apotheosis.adventure.loot.AffixLootEntry.getType(AffixLootEntry.java:91) ~[%5B神化%5D%20Apotheosis-1.20.1-7.4.6.jar%23177!/:7.4.6]
	at dev.shadowsoffire.apotheosis.adventure.loot.AffixLootRegistry.validateItem(AffixLootRegistry.java:30) ~[%5B神化%5D%20Apotheosis-1.20.1-7.4.6.jar%23177!/:7.4.6]
	at dev.shadowsoffire.apotheosis.adventure.loot.AffixLootRegistry.validateItem(AffixLootRegistry.java:13) ~[%5B神化%5D%20Apotheosis-1.20.1-7.4.6.jar%23177!/:7.4.6]
	at dev.shadowsoffire.placebo.reload.DynamicRegistry.register(DynamicRegistry.java:322) ~[Placebo-1.20.1-8.6.2.jar%23208!/:8.6.2]
	at dev.shadowsoffire.placebo.reload.DynamicRegistry.lambda$apply$0(DynamicRegistry.java:143) ~[Placebo-1.20.1-8.6.2.jar%23208!/:8.6.2]
	at java.util.HashMap.forEach(HashMap.java:1429) ~[?:?]
	at dev.shadowsoffire.placebo.reload.DynamicRegistry.apply(DynamicRegistry.java:136) ~[Placebo-1.20.1-8.6.2.jar%23208!/:8.6.2]
	at dev.shadowsoffire.placebo.reload.DynamicRegistry.m_5787_(DynamicRegistry.java:62) ~[Placebo-1.20.1-8.6.2.jar%23208!/:8.6.2]
	at net.minecraft.server.packs.resources.SimplePreparableReloadListener.m_10789_(SimplePreparableReloadListener.java:13) ~[server-1.20.1-20230612.114412-srg.jar%23215!/:?]
	at java.util.concurrent.CompletableFuture$UniAccept.tryFire(CompletableFuture.java:718) ~[?:?]
	at java.util.concurrent.CompletableFuture$Completion.run(CompletableFuture.java:482) ~[?:?]
	at net.minecraft.server.packs.resources.SimpleReloadInstance.m_143940_(SimpleReloadInstance.java:69) ~[server-1.20.1-20230612.114412-srg.jar%23215!/:?]
	at net.minecraft.Util.m_214652_(Util.java:783) ~[server-1.20.1-20230612.114412-srg.jar%23215!/:?]
	at net.minecraft.Util.m_214679_(Util.java:772) ~[server-1.20.1-20230612.114412-srg.jar%23215!/:?]
	at net.minecraft.server.Main.main(Main.java:166) ~[server-1.20.1-20230612.114412-srg.jar%23215!/:?]
	at jdk.internal.reflect.DirectMethodHandleAccessor.invoke(DirectMethodHandleAccessor.java:103) ~[?:?]
	at java.lang.reflect.Method.invoke(Method.java:580) ~[?:?]
	at net.minecraftforge.fml.loading.targets.CommonLaunchHandler.runTarget(CommonLaunchHandler.java:111) ~[fmlloader-1.20.1-47.3.33.jar%2369!/:?]
	at net.minecraftforge.fml.loading.targets.CommonLaunchHandler.serverService(CommonLaunchHandler.java:103) ~[fmlloader-1.20.1-47.3.33.jar%2369!/:?]
	at net.minecraftforge.fml.loading.targets.CommonServerLaunchHandler.lambda$makeService$0(CommonServerLaunchHandler.java:27) ~[fmlloader-1.20.1-47.3.33.jar%2369!/:?]
	at cpw.mods.modlauncher.LaunchServiceHandlerDecorator.launch(LaunchServiceHandlerDecorator.java:30) ~[modlauncher-10.0.9.jar%2355!/:?]
	at cpw.mods.modlauncher.LaunchServiceHandler.launch(LaunchServiceHandler.java:53) ~[modlauncher-10.0.9.jar%2355!/:?]
	at cpw.mods.modlauncher.LaunchServiceHandler.launch(LaunchServiceHandler.java:71) ~[modlauncher-10.0.9.jar%2355!/:?]
	at cpw.mods.modlauncher.Launcher.run(Launcher.java:108) ~[modlauncher-10.0.9.jar%2355!/:?]
	at cpw.mods.modlauncher.Launcher.main(Launcher.java:78) ~[modlauncher-10.0.9.jar%2355!/:?]
	at cpw.mods.modlauncher.BootstrapLaunchConsumer.accept(BootstrapLaunchConsumer.java:26) ~[modlauncher-10.0.9.jar%2355!/:?]
	at cpw.mods.modlauncher.BootstrapLaunchConsumer.accept(BootstrapLaunchConsumer.java:23) ~[modlauncher-10.0.9.jar%2355!/:?]
	at cpw.mods.bootstraplauncher.BootstrapLauncher.main(BootstrapLauncher.java:141) ~[bootstraplauncher-1.1.2.jar:?]
[034月2025 21:07:53.013] [main/ERROR] [Apotheosis : Adventure/]: Failed to execute ShieldBreakerTest
java.lang.NullPointerException: Cannot invoke "net.minecraft.world.entity.LivingEntity.m_213824_()" because "attacker" is null
	at net.minecraftforge.common.extensions.IForgeItem.canDisableShield(IForgeItem.java:695) ~[forge-1.20.1-47.3.33-universal.jar%23220!/:?]
	at net.minecraftforge.common.extensions.IForgeItemStack.canDisableShield(IForgeItemStack.java:233) ~[forge-1.20.1-47.3.33-universal.jar%23220!/:?]
	at dev.shadowsoffire.apotheosis.adventure.loot.ShieldBreakerTest.test(ShieldBreakerTest.java:48) ~[%5B神化%5D%20Apotheosis-1.20.1-7.4.6.jar%23177!/:7.4.6]
	at dev.shadowsoffire.apotheosis.adventure.loot.ShieldBreakerTest.test(ShieldBreakerTest.java:25) ~[%5B神化%5D%20Apotheosis-1.20.1-7.4.6.jar%23177!/:7.4.6]
	at dev.shadowsoffire.apotheosis.adventure.loot.LootCategory.isValid(LootCategory.java:89) ~[%5B神化%5D%20Apotheosis-1.20.1-7.4.6.jar%23177!/:7.4.6]
	at dev.shadowsoffire.apotheosis.adventure.loot.LootCategory.forItem(LootCategory.java:182) ~[%5B神化%5D%20Apotheosis-1.20.1-7.4.6.jar%23177!/:7.4.6]
	at dev.shadowsoffire.apotheosis.adventure.loot.AffixLootEntry.getType(AffixLootEntry.java:91) ~[%5B神化%5D%20Apotheosis-1.20.1-7.4.6.jar%23177!/:7.4.6]
	at dev.shadowsoffire.apotheosis.adventure.loot.AffixLootRegistry.validateItem(AffixLootRegistry.java:30) ~[%5B神化%5D%20Apotheosis-1.20.1-7.4.6.jar%23177!/:7.4.6]
	at dev.shadowsoffire.apotheosis.adventure.loot.AffixLootRegistry.validateItem(AffixLootRegistry.java:13) ~[%5B神化%5D%20Apotheosis-1.20.1-7.4.6.jar%23177!/:7.4.6]
	at dev.shadowsoffire.placebo.reload.DynamicRegistry.register(DynamicRegistry.java:322) ~[Placebo-1.20.1-8.6.2.jar%23208!/:8.6.2]
	at dev.shadowsoffire.placebo.reload.DynamicRegistry.lambda$apply$0(DynamicRegistry.java:143) ~[Placebo-1.20.1-8.6.2.jar%23208!/:8.6.2]
	at java.util.HashMap.forEach(HashMap.java:1429) ~[?:?]
	at dev.shadowsoffire.placebo.reload.DynamicRegistry.apply(DynamicRegistry.java:136) ~[Placebo-1.20.1-8.6.2.jar%23208!/:8.6.2]
	at dev.shadowsoffire.placebo.reload.DynamicRegistry.m_5787_(DynamicRegistry.java:62) ~[Placebo-1.20.1-8.6.2.jar%23208!/:8.6.2]
	at net.minecraft.server.packs.resources.SimplePreparableReloadListener.m_10789_(SimplePreparableReloadListener.java:13) ~[server-1.20.1-20230612.114412-srg.jar%23215!/:?]
	at java.util.concurrent.CompletableFuture$UniAccept.tryFire(CompletableFuture.java:718) ~[?:?]
	at java.util.concurrent.CompletableFuture$Completion.run(CompletableFuture.java:482) ~[?:?]
	at net.minecraft.server.packs.resources.SimpleReloadInstance.m_143940_(SimpleReloadInstance.java:69) ~[server-1.20.1-20230612.114412-srg.jar%23215!/:?]
	at net.minecraft.Util.m_214652_(Util.java:783) ~[server-1.20.1-20230612.114412-srg.jar%23215!/:?]
	at net.minecraft.Util.m_214679_(Util.java:772) ~[server-1.20.1-20230612.114412-srg.jar%23215!/:?]
	at net.minecraft.server.Main.main(Main.java:166) ~[server-1.20.1-20230612.114412-srg.jar%23215!/:?]
	at jdk.internal.reflect.DirectMethodHandleAccessor.invoke(DirectMethodHandleAccessor.java:103) ~[?:?]
	at java.lang.reflect.Method.invoke(Method.java:580) ~[?:?]
	at net.minecraftforge.fml.loading.targets.CommonLaunchHandler.runTarget(CommonLaunchHandler.java:111) ~[fmlloader-1.20.1-47.3.33.jar%2369!/:?]
	at net.minecraftforge.fml.loading.targets.CommonLaunchHandler.serverService(CommonLaunchHandler.java:103) ~[fmlloader-1.20.1-47.3.33.jar%2369!/:?]
	at net.minecraftforge.fml.loading.targets.CommonServerLaunchHandler.lambda$makeService$0(CommonServerLaunchHandler.java:27) ~[fmlloader-1.20.1-47.3.33.jar%2369!/:?]
	at cpw.mods.modlauncher.LaunchServiceHandlerDecorator.launch(LaunchServiceHandlerDecorator.java:30) ~[modlauncher-10.0.9.jar%2355!/:?]
	at cpw.mods.modlauncher.LaunchServiceHandler.launch(LaunchServiceHandler.java:53) ~[modlauncher-10.0.9.jar%2355!/:?]
	at cpw.mods.modlauncher.LaunchServiceHandler.launch(LaunchServiceHandler.java:71) ~[modlauncher-10.0.9.jar%2355!/:?]
	at cpw.mods.modlauncher.Launcher.run(Launcher.java:108) ~[modlauncher-10.0.9.jar%2355!/:?]
	at cpw.mods.modlauncher.Launcher.main(Launcher.java:78) ~[modlauncher-10.0.9.jar%2355!/:?]
	at cpw.mods.modlauncher.BootstrapLaunchConsumer.accept(BootstrapLaunchConsumer.java:26) ~[modlauncher-10.0.9.jar%2355!/:?]
	at cpw.mods.modlauncher.BootstrapLaunchConsumer.accept(BootstrapLaunchConsumer.java:23) ~[modlauncher-10.0.9.jar%2355!/:?]
	at cpw.mods.bootstraplauncher.BootstrapLauncher.main(BootstrapLauncher.java:141) ~[bootstraplauncher-1.1.2.jar:?]
[034月2025 21:07:53.029] [main/ERROR] [Apotheosis : Adventure/]: Failed to execute ShieldBreakerTest
java.lang.NullPointerException: Cannot invoke "net.minecraft.world.entity.LivingEntity.m_213824_()" because "attacker" is null
	at net.minecraftforge.common.extensions.IForgeItem.canDisableShield(IForgeItem.java:695) ~[forge-1.20.1-47.3.33-universal.jar%23220!/:?]
	at net.minecraftforge.common.extensions.IForgeItemStack.canDisableShield(IForgeItemStack.java:233) ~[forge-1.20.1-47.3.33-universal.jar%23220!/:?]
	at dev.shadowsoffire.apotheosis.adventure.loot.ShieldBreakerTest.test(ShieldBreakerTest.java:48) ~[%5B神化%5D%20Apotheosis-1.20.1-7.4.6.jar%23177!/:7.4.6]
	at dev.shadowsoffire.apotheosis.adventure.loot.ShieldBreakerTest.test(ShieldBreakerTest.java:25) ~[%5B神化%5D%20Apotheosis-1.20.1-7.4.6.jar%23177!/:7.4.6]
	at dev.shadowsoffire.apotheosis.adventure.loot.LootCategory.isValid(LootCategory.java:89) ~[%5B神化%5D%20Apotheosis-1.20.1-7.4.6.jar%23177!/:7.4.6]
	at dev.shadowsoffire.apotheosis.adventure.loot.LootCategory.forItem(LootCategory.java:182) ~[%5B神化%5D%20Apotheosis-1.20.1-7.4.6.jar%23177!/:7.4.6]
	at dev.shadowsoffire.apotheosis.adventure.loot.AffixLootEntry.getType(AffixLootEntry.java:91) ~[%5B神化%5D%20Apotheosis-1.20.1-7.4.6.jar%23177!/:7.4.6]
	at dev.shadowsoffire.apotheosis.adventure.loot.AffixLootRegistry.validateItem(AffixLootRegistry.java:30) ~[%5B神化%5D%20Apotheosis-1.20.1-7.4.6.jar%23177!/:7.4.6]
	at dev.shadowsoffire.apotheosis.adventure.loot.AffixLootRegistry.validateItem(AffixLootRegistry.java:13) ~[%5B神化%5D%20Apotheosis-1.20.1-7.4.6.jar%23177!/:7.4.6]
	at dev.shadowsoffire.placebo.reload.DynamicRegistry.register(DynamicRegistry.java:322) ~[Placebo-1.20.1-8.6.2.jar%23208!/:8.6.2]
	at dev.shadowsoffire.placebo.reload.DynamicRegistry.lambda$apply$0(DynamicRegistry.java:143) ~[Placebo-1.20.1-8.6.2.jar%23208!/:8.6.2]
	at java.util.HashMap.forEach(HashMap.java:1429) ~[?:?]
	at dev.shadowsoffire.placebo.reload.DynamicRegistry.apply(DynamicRegistry.java:136) ~[Placebo-1.20.1-8.6.2.jar%23208!/:8.6.2]
	at dev.shadowsoffire.placebo.reload.DynamicRegistry.m_5787_(DynamicRegistry.java:62) ~[Placebo-1.20.1-8.6.2.jar%23208!/:8.6.2]
	at net.minecraft.server.packs.resources.SimplePreparableReloadListener.m_10789_(SimplePreparableReloadListener.java:13) ~[server-1.20.1-20230612.114412-srg.jar%23215!/:?]
	at java.util.concurrent.CompletableFuture$UniAccept.tryFire(CompletableFuture.java:718) ~[?:?]
	at java.util.concurrent.CompletableFuture$Completion.run(CompletableFuture.java:482) ~[?:?]
	at net.minecraft.server.packs.resources.SimpleReloadInstance.m_143940_(SimpleReloadInstance.java:69) ~[server-1.20.1-20230612.114412-srg.jar%23215!/:?]
	at net.minecraft.Util.m_214652_(Util.java:783) ~[server-1.20.1-20230612.114412-srg.jar%23215!/:?]
	at net.minecraft.Util.m_214679_(Util.java:772) ~[server-1.20.1-20230612.114412-srg.jar%23215!/:?]
	at net.minecraft.server.Main.main(Main.java:166) ~[server-1.20.1-20230612.114412-srg.jar%23215!/:?]
	at jdk.internal.reflect.DirectMethodHandleAccessor.invoke(DirectMethodHandleAccessor.java:103) ~[?:?]
	at java.lang.reflect.Method.invoke(Method.java:580) ~[?:?]
	at net.minecraftforge.fml.loading.targets.CommonLaunchHandler.runTarget(CommonLaunchHandler.java:111) ~[fmlloader-1.20.1-47.3.33.jar%2369!/:?]
	at net.minecraftforge.fml.loading.targets.CommonLaunchHandler.serverService(CommonLaunchHandler.java:103) ~[fmlloader-1.20.1-47.3.33.jar%2369!/:?]
	at net.minecraftforge.fml.loading.targets.CommonServerLaunchHandler.lambda$makeService$0(CommonServerLaunchHandler.java:27) ~[fmlloader-1.20.1-47.3.33.jar%2369!/:?]
	at cpw.mods.modlauncher.LaunchServiceHandlerDecorator.launch(LaunchServiceHandlerDecorator.java:30) ~[modlauncher-10.0.9.jar%2355!/:?]
	at cpw.mods.modlauncher.LaunchServiceHandler.launch(LaunchServiceHandler.java:53) ~[modlauncher-10.0.9.jar%2355!/:?]
	at cpw.mods.modlauncher.LaunchServiceHandler.launch(LaunchServiceHandler.java:71) ~[modlauncher-10.0.9.jar%2355!/:?]
	at cpw.mods.modlauncher.Launcher.run(Launcher.java:108) ~[modlauncher-10.0.9.jar%2355!/:?]
	at cpw.mods.modlauncher.Launcher.main(Launcher.java:78) ~[modlauncher-10.0.9.jar%2355!/:?]
	at cpw.mods.modlauncher.BootstrapLaunchConsumer.accept(BootstrapLaunchConsumer.java:26) ~[modlauncher-10.0.9.jar%2355!/:?]
	at cpw.mods.modlauncher.BootstrapLaunchConsumer.accept(BootstrapLaunchConsumer.java:23) ~[modlauncher-10.0.9.jar%2355!/:?]
	at cpw.mods.bootstraplauncher.BootstrapLauncher.main(BootstrapLauncher.java:141) ~[bootstraplauncher-1.1.2.jar:?]
[034月2025 21:07:53.051] [main/ERROR] [Apotheosis : Adventure/]: Failed to execute ShieldBreakerTest
java.lang.NullPointerException: Cannot invoke "net.minecraft.world.entity.LivingEntity.m_213824_()" because "attacker" is null
	at net.minecraftforge.common.extensions.IForgeItem.canDisableShield(IForgeItem.java:695) ~[forge-1.20.1-47.3.33-universal.jar%23220!/:?]
	at net.minecraftforge.common.extensions.IForgeItemStack.canDisableShield(IForgeItemStack.java:233) ~[forge-1.20.1-47.3.33-universal.jar%23220!/:?]
	at dev.shadowsoffire.apotheosis.adventure.loot.ShieldBreakerTest.test(ShieldBreakerTest.java:48) ~[%5B神化%5D%20Apotheosis-1.20.1-7.4.6.jar%23177!/:7.4.6]
	at dev.shadowsoffire.apotheosis.adventure.loot.ShieldBreakerTest.test(ShieldBreakerTest.java:25) ~[%5B神化%5D%20Apotheosis-1.20.1-7.4.6.jar%23177!/:7.4.6]
	at dev.shadowsoffire.apotheosis.adventure.loot.LootCategory.isValid(LootCategory.java:89) ~[%5B神化%5D%20Apotheosis-1.20.1-7.4.6.jar%23177!/:7.4.6]
	at dev.shadowsoffire.apotheosis.adventure.loot.LootCategory.forItem(LootCategory.java:182) ~[%5B神化%5D%20Apotheosis-1.20.1-7.4.6.jar%23177!/:7.4.6]
	at dev.shadowsoffire.apotheosis.adventure.loot.AffixLootEntry.getType(AffixLootEntry.java:91) ~[%5B神化%5D%20Apotheosis-1.20.1-7.4.6.jar%23177!/:7.4.6]
	at dev.shadowsoffire.apotheosis.adventure.loot.AffixLootRegistry.validateItem(AffixLootRegistry.java:30) ~[%5B神化%5D%20Apotheosis-1.20.1-7.4.6.jar%23177!/:7.4.6]
	at dev.shadowsoffire.apotheosis.adventure.loot.AffixLootRegistry.validateItem(AffixLootRegistry.java:13) ~[%5B神化%5D%20Apotheosis-1.20.1-7.4.6.jar%23177!/:7.4.6]
	at dev.shadowsoffire.placebo.reload.DynamicRegistry.register(DynamicRegistry.java:322) ~[Placebo-1.20.1-8.6.2.jar%23208!/:8.6.2]
	at dev.shadowsoffire.placebo.reload.DynamicRegistry.lambda$apply$0(DynamicRegistry.java:143) ~[Placebo-1.20.1-8.6.2.jar%23208!/:8.6.2]
	at java.util.HashMap.forEach(HashMap.java:1429) ~[?:?]
	at dev.shadowsoffire.placebo.reload.DynamicRegistry.apply(DynamicRegistry.java:136) ~[Placebo-1.20.1-8.6.2.jar%23208!/:8.6.2]
	at dev.shadowsoffire.placebo.reload.DynamicRegistry.m_5787_(DynamicRegistry.java:62) ~[Placebo-1.20.1-8.6.2.jar%23208!/:8.6.2]
	at net.minecraft.server.packs.resources.SimplePreparableReloadListener.m_10789_(SimplePreparableReloadListener.java:13) ~[server-1.20.1-20230612.114412-srg.jar%23215!/:?]
	at java.util.concurrent.CompletableFuture$UniAccept.tryFire(CompletableFuture.java:718) ~[?:?]
	at java.util.concurrent.CompletableFuture$Completion.run(CompletableFuture.java:482) ~[?:?]
	at net.minecraft.server.packs.resources.SimpleReloadInstance.m_143940_(SimpleReloadInstance.java:69) ~[server-1.20.1-20230612.114412-srg.jar%23215!/:?]
	at net.minecraft.Util.m_214652_(Util.java:783) ~[server-1.20.1-20230612.114412-srg.jar%23215!/:?]
	at net.minecraft.Util.m_214679_(Util.java:772) ~[server-1.20.1-20230612.114412-srg.jar%23215!/:?]
	at net.minecraft.server.Main.main(Main.java:166) ~[server-1.20.1-20230612.114412-srg.jar%23215!/:?]
	at jdk.internal.reflect.DirectMethodHandleAccessor.invoke(DirectMethodHandleAccessor.java:103) ~[?:?]
	at java.lang.reflect.Method.invoke(Method.java:580) ~[?:?]
	at net.minecraftforge.fml.loading.targets.CommonLaunchHandler.runTarget(CommonLaunchHandler.java:111) ~[fmlloader-1.20.1-47.3.33.jar%2369!/:?]
	at net.minecraftforge.fml.loading.targets.CommonLaunchHandler.serverService(CommonLaunchHandler.java:103) ~[fmlloader-1.20.1-47.3.33.jar%2369!/:?]
	at net.minecraftforge.fml.loading.targets.CommonServerLaunchHandler.lambda$makeService$0(CommonServerLaunchHandler.java:27) ~[fmlloader-1.20.1-47.3.33.jar%2369!/:?]
	at cpw.mods.modlauncher.LaunchServiceHandlerDecorator.launch(LaunchServiceHandlerDecorator.java:30) ~[modlauncher-10.0.9.jar%2355!/:?]
	at cpw.mods.modlauncher.LaunchServiceHandler.launch(LaunchServiceHandler.java:53) ~[modlauncher-10.0.9.jar%2355!/:?]
	at cpw.mods.modlauncher.LaunchServiceHandler.launch(LaunchServiceHandler.java:71) ~[modlauncher-10.0.9.jar%2355!/:?]
	at cpw.mods.modlauncher.Launcher.run(Launcher.java:108) ~[modlauncher-10.0.9.jar%2355!/:?]
	at cpw.mods.modlauncher.Launcher.main(Launcher.java:78) ~[modlauncher-10.0.9.jar%2355!/:?]
	at cpw.mods.modlauncher.BootstrapLaunchConsumer.accept(BootstrapLaunchConsumer.java:26) ~[modlauncher-10.0.9.jar%2355!/:?]
	at cpw.mods.modlauncher.BootstrapLaunchConsumer.accept(BootstrapLaunchConsumer.java:23) ~[modlauncher-10.0.9.jar%2355!/:?]
	at cpw.mods.bootstraplauncher.BootstrapLauncher.main(BootstrapLauncher.java:141) ~[bootstraplauncher-1.1.2.jar:?]
[034月2025 21:07:53.065] [main/ERROR] [Apotheosis : Adventure/]: Failed to execute ShieldBreakerTest
java.lang.NullPointerException: Cannot invoke "net.minecraft.world.entity.LivingEntity.m_213824_()" because "attacker" is null
	at net.minecraftforge.common.extensions.IForgeItem.canDisableShield(IForgeItem.java:695) ~[forge-1.20.1-47.3.33-universal.jar%23220!/:?]
	at net.minecraftforge.common.extensions.IForgeItemStack.canDisableShield(IForgeItemStack.java:233) ~[forge-1.20.1-47.3.33-universal.jar%23220!/:?]
	at dev.shadowsoffire.apotheosis.adventure.loot.ShieldBreakerTest.test(ShieldBreakerTest.java:48) ~[%5B神化%5D%20Apotheosis-1.20.1-7.4.6.jar%23177!/:7.4.6]
	at dev.shadowsoffire.apotheosis.adventure.loot.ShieldBreakerTest.test(ShieldBreakerTest.java:25) ~[%5B神化%5D%20Apotheosis-1.20.1-7.4.6.jar%23177!/:7.4.6]
	at dev.shadowsoffire.apotheosis.adventure.loot.LootCategory.isValid(LootCategory.java:89) ~[%5B神化%5D%20Apotheosis-1.20.1-7.4.6.jar%23177!/:7.4.6]
	at dev.shadowsoffire.apotheosis.adventure.loot.LootCategory.forItem(LootCategory.java:182) ~[%5B神化%5D%20Apotheosis-1.20.1-7.4.6.jar%23177!/:7.4.6]
	at dev.shadowsoffire.apotheosis.adventure.loot.AffixLootEntry.getType(AffixLootEntry.java:91) ~[%5B神化%5D%20Apotheosis-1.20.1-7.4.6.jar%23177!/:7.4.6]
	at dev.shadowsoffire.apotheosis.adventure.loot.AffixLootRegistry.validateItem(AffixLootRegistry.java:30) ~[%5B神化%5D%20Apotheosis-1.20.1-7.4.6.jar%23177!/:7.4.6]
	at dev.shadowsoffire.apotheosis.adventure.loot.AffixLootRegistry.validateItem(AffixLootRegistry.java:13) ~[%5B神化%5D%20Apotheosis-1.20.1-7.4.6.jar%23177!/:7.4.6]
	at dev.shadowsoffire.placebo.reload.DynamicRegistry.register(DynamicRegistry.java:322) ~[Placebo-1.20.1-8.6.2.jar%23208!/:8.6.2]
	at dev.shadowsoffire.placebo.reload.DynamicRegistry.lambda$apply$0(DynamicRegistry.java:143) ~[Placebo-1.20.1-8.6.2.jar%23208!/:8.6.2]
	at java.util.HashMap.forEach(HashMap.java:1429) ~[?:?]
	at dev.shadowsoffire.placebo.reload.DynamicRegistry.apply(DynamicRegistry.java:136) ~[Placebo-1.20.1-8.6.2.jar%23208!/:8.6.2]
	at dev.shadowsoffire.placebo.reload.DynamicRegistry.m_5787_(DynamicRegistry.java:62) ~[Placebo-1.20.1-8.6.2.jar%23208!/:8.6.2]
	at net.minecraft.server.packs.resources.SimplePreparableReloadListener.m_10789_(SimplePreparableReloadListener.java:13) ~[server-1.20.1-20230612.114412-srg.jar%23215!/:?]
	at java.util.concurrent.CompletableFuture$UniAccept.tryFire(CompletableFuture.java:718) ~[?:?]
	at java.util.concurrent.CompletableFuture$Completion.run(CompletableFuture.java:482) ~[?:?]
	at net.minecraft.server.packs.resources.SimpleReloadInstance.m_143940_(SimpleReloadInstance.java:69) ~[server-1.20.1-20230612.114412-srg.jar%23215!/:?]
	at net.minecraft.Util.m_214652_(Util.java:783) ~[server-1.20.1-20230612.114412-srg.jar%23215!/:?]
	at net.minecraft.Util.m_214679_(Util.java:772) ~[server-1.20.1-20230612.114412-srg.jar%23215!/:?]
	at net.minecraft.server.Main.main(Main.java:166) ~[server-1.20.1-20230612.114412-srg.jar%23215!/:?]
	at jdk.internal.reflect.DirectMethodHandleAccessor.invoke(DirectMethodHandleAccessor.java:103) ~[?:?]
	at java.lang.reflect.Method.invoke(Method.java:580) ~[?:?]
	at net.minecraftforge.fml.loading.targets.CommonLaunchHandler.runTarget(CommonLaunchHandler.java:111) ~[fmlloader-1.20.1-47.3.33.jar%2369!/:?]
	at net.minecraftforge.fml.loading.targets.CommonLaunchHandler.serverService(CommonLaunchHandler.java:103) ~[fmlloader-1.20.1-47.3.33.jar%2369!/:?]
	at net.minecraftforge.fml.loading.targets.CommonServerLaunchHandler.lambda$makeService$0(CommonServerLaunchHandler.java:27) ~[fmlloader-1.20.1-47.3.33.jar%2369!/:?]
	at cpw.mods.modlauncher.LaunchServiceHandlerDecorator.launch(LaunchServiceHandlerDecorator.java:30) ~[modlauncher-10.0.9.jar%2355!/:?]
	at cpw.mods.modlauncher.LaunchServiceHandler.launch(LaunchServiceHandler.java:53) ~[modlauncher-10.0.9.jar%2355!/:?]
	at cpw.mods.modlauncher.LaunchServiceHandler.launch(LaunchServiceHandler.java:71) ~[modlauncher-10.0.9.jar%2355!/:?]
	at cpw.mods.modlauncher.Launcher.run(Launcher.java:108) ~[modlauncher-10.0.9.jar%2355!/:?]
	at cpw.mods.modlauncher.Launcher.main(Launcher.java:78) ~[modlauncher-10.0.9.jar%2355!/:?]
	at cpw.mods.modlauncher.BootstrapLaunchConsumer.accept(BootstrapLaunchConsumer.java:26) ~[modlauncher-10.0.9.jar%2355!/:?]
	at cpw.mods.modlauncher.BootstrapLaunchConsumer.accept(BootstrapLaunchConsumer.java:23) ~[modlauncher-10.0.9.jar%2355!/:?]
	at cpw.mods.bootstraplauncher.BootstrapLauncher.main(BootstrapLauncher.java:141) ~[bootstraplauncher-1.1.2.jar:?]
[034月2025 21:07:53.080] [main/ERROR] [Apotheosis : Adventure/]: Failed to execute ShieldBreakerTest
java.lang.NullPointerException: Cannot invoke "net.minecraft.world.entity.LivingEntity.m_213824_()" because "attacker" is null
	at net.minecraftforge.common.extensions.IForgeItem.canDisableShield(IForgeItem.java:695) ~[forge-1.20.1-47.3.33-universal.jar%23220!/:?]
	at net.minecraftforge.common.extensions.IForgeItemStack.canDisableShield(IForgeItemStack.java:233) ~[forge-1.20.1-47.3.33-universal.jar%23220!/:?]
	at dev.shadowsoffire.apotheosis.adventure.loot.ShieldBreakerTest.test(ShieldBreakerTest.java:48) ~[%5B神化%5D%20Apotheosis-1.20.1-7.4.6.jar%23177!/:7.4.6]
	at dev.shadowsoffire.apotheosis.adventure.loot.ShieldBreakerTest.test(ShieldBreakerTest.java:25) ~[%5B神化%5D%20Apotheosis-1.20.1-7.4.6.jar%23177!/:7.4.6]
	at dev.shadowsoffire.apotheosis.adventure.loot.LootCategory.isValid(LootCategory.java:89) ~[%5B神化%5D%20Apotheosis-1.20.1-7.4.6.jar%23177!/:7.4.6]
	at dev.shadowsoffire.apotheosis.adventure.loot.LootCategory.forItem(LootCategory.java:182) ~[%5B神化%5D%20Apotheosis-1.20.1-7.4.6.jar%23177!/:7.4.6]
	at dev.shadowsoffire.apotheosis.adventure.loot.AffixLootEntry.getType(AffixLootEntry.java:91) ~[%5B神化%5D%20Apotheosis-1.20.1-7.4.6.jar%23177!/:7.4.6]
	at dev.shadowsoffire.apotheosis.adventure.loot.AffixLootRegistry.validateItem(AffixLootRegistry.java:30) ~[%5B神化%5D%20Apotheosis-1.20.1-7.4.6.jar%23177!/:7.4.6]
	at dev.shadowsoffire.apotheosis.adventure.loot.AffixLootRegistry.validateItem(AffixLootRegistry.java:13) ~[%5B神化%5D%20Apotheosis-1.20.1-7.4.6.jar%23177!/:7.4.6]
	at dev.shadowsoffire.placebo.reload.DynamicRegistry.register(DynamicRegistry.java:322) ~[Placebo-1.20.1-8.6.2.jar%23208!/:8.6.2]
	at dev.shadowsoffire.placebo.reload.DynamicRegistry.lambda$apply$0(DynamicRegistry.java:143) ~[Placebo-1.20.1-8.6.2.jar%23208!/:8.6.2]
	at java.util.HashMap.forEach(HashMap.java:1429) ~[?:?]
	at dev.shadowsoffire.placebo.reload.DynamicRegistry.apply(DynamicRegistry.java:136) ~[Placebo-1.20.1-8.6.2.jar%23208!/:8.6.2]
	at dev.shadowsoffire.placebo.reload.DynamicRegistry.m_5787_(DynamicRegistry.java:62) ~[Placebo-1.20.1-8.6.2.jar%23208!/:8.6.2]
	at net.minecraft.server.packs.resources.SimplePreparableReloadListener.m_10789_(SimplePreparableReloadListener.java:13) ~[server-1.20.1-20230612.114412-srg.jar%23215!/:?]
	at java.util.concurrent.CompletableFuture$UniAccept.tryFire(CompletableFuture.java:718) ~[?:?]
	at java.util.concurrent.CompletableFuture$Completion.run(CompletableFuture.java:482) ~[?:?]
	at net.minecraft.server.packs.resources.SimpleReloadInstance.m_143940_(SimpleReloadInstance.java:69) ~[server-1.20.1-20230612.114412-srg.jar%23215!/:?]
	at net.minecraft.Util.m_214652_(Util.java:783) ~[server-1.20.1-20230612.114412-srg.jar%23215!/:?]
	at net.minecraft.Util.m_214679_(Util.java:772) ~[server-1.20.1-20230612.114412-srg.jar%23215!/:?]
	at net.minecraft.server.Main.main(Main.java:166) ~[server-1.20.1-20230612.114412-srg.jar%23215!/:?]
	at jdk.internal.reflect.DirectMethodHandleAccessor.invoke(DirectMethodHandleAccessor.java:103) ~[?:?]
	at java.lang.reflect.Method.invoke(Method.java:580) ~[?:?]
	at net.minecraftforge.fml.loading.targets.CommonLaunchHandler.runTarget(CommonLaunchHandler.java:111) ~[fmlloader-1.20.1-47.3.33.jar%2369!/:?]
	at net.minecraftforge.fml.loading.targets.CommonLaunchHandler.serverService(CommonLaunchHandler.java:103) ~[fmlloader-1.20.1-47.3.33.jar%2369!/:?]
	at net.minecraftforge.fml.loading.targets.CommonServerLaunchHandler.lambda$makeService$0(CommonServerLaunchHandler.java:27) ~[fmlloader-1.20.1-47.3.33.jar%2369!/:?]
	at cpw.mods.modlauncher.LaunchServiceHandlerDecorator.launch(LaunchServiceHandlerDecorator.java:30) ~[modlauncher-10.0.9.jar%2355!/:?]
	at cpw.mods.modlauncher.LaunchServiceHandler.launch(LaunchServiceHandler.java:53) ~[modlauncher-10.0.9.jar%2355!/:?]
	at cpw.mods.modlauncher.LaunchServiceHandler.launch(LaunchServiceHandler.java:71) ~[modlauncher-10.0.9.jar%2355!/:?]
	at cpw.mods.modlauncher.Launcher.run(Launcher.java:108) ~[modlauncher-10.0.9.jar%2355!/:?]
	at cpw.mods.modlauncher.Launcher.main(Launcher.java:78) ~[modlauncher-10.0.9.jar%2355!/:?]
	at cpw.mods.modlauncher.BootstrapLaunchConsumer.accept(BootstrapLaunchConsumer.java:26) ~[modlauncher-10.0.9.jar%2355!/:?]
	at cpw.mods.modlauncher.BootstrapLaunchConsumer.accept(BootstrapLaunchConsumer.java:23) ~[modlauncher-10.0.9.jar%2355!/:?]
	at cpw.mods.bootstraplauncher.BootstrapLauncher.main(BootstrapLauncher.java:141) ~[bootstraplauncher-1.1.2.jar:?]
[034月2025 21:07:53.092] [main/ERROR] [Apotheosis : Adventure/]: Failed to execute ShieldBreakerTest
java.lang.NullPointerException: Cannot invoke "net.minecraft.world.entity.LivingEntity.m_213824_()" because "attacker" is null
	at net.minecraftforge.common.extensions.IForgeItem.canDisableShield(IForgeItem.java:695) ~[forge-1.20.1-47.3.33-universal.jar%23220!/:?]
	at net.minecraftforge.common.extensions.IForgeItemStack.canDisableShield(IForgeItemStack.java:233) ~[forge-1.20.1-47.3.33-universal.jar%23220!/:?]
	at dev.shadowsoffire.apotheosis.adventure.loot.ShieldBreakerTest.test(ShieldBreakerTest.java:48) ~[%5B神化%5D%20Apotheosis-1.20.1-7.4.6.jar%23177!/:7.4.6]
	at dev.shadowsoffire.apotheosis.adventure.loot.ShieldBreakerTest.test(ShieldBreakerTest.java:25) ~[%5B神化%5D%20Apotheosis-1.20.1-7.4.6.jar%23177!/:7.4.6]
	at dev.shadowsoffire.apotheosis.adventure.loot.LootCategory.isValid(LootCategory.java:89) ~[%5B神化%5D%20Apotheosis-1.20.1-7.4.6.jar%23177!/:7.4.6]
	at dev.shadowsoffire.apotheosis.adventure.loot.LootCategory.forItem(LootCategory.java:182) ~[%5B神化%5D%20Apotheosis-1.20.1-7.4.6.jar%23177!/:7.4.6]
	at dev.shadowsoffire.apotheosis.adventure.loot.AffixLootEntry.getType(AffixLootEntry.java:91) ~[%5B神化%5D%20Apotheosis-1.20.1-7.4.6.jar%23177!/:7.4.6]
	at dev.shadowsoffire.apotheosis.adventure.loot.AffixLootRegistry.validateItem(AffixLootRegistry.java:30) ~[%5B神化%5D%20Apotheosis-1.20.1-7.4.6.jar%23177!/:7.4.6]
	at dev.shadowsoffire.apotheosis.adventure.loot.AffixLootRegistry.validateItem(AffixLootRegistry.java:13) ~[%5B神化%5D%20Apotheosis-1.20.1-7.4.6.jar%23177!/:7.4.6]
	at dev.shadowsoffire.placebo.reload.DynamicRegistry.register(DynamicRegistry.java:322) ~[Placebo-1.20.1-8.6.2.jar%23208!/:8.6.2]
	at dev.shadowsoffire.placebo.reload.DynamicRegistry.lambda$apply$0(DynamicRegistry.java:143) ~[Placebo-1.20.1-8.6.2.jar%23208!/:8.6.2]
	at java.util.HashMap.forEach(HashMap.java:1429) ~[?:?]
	at dev.shadowsoffire.placebo.reload.DynamicRegistry.apply(DynamicRegistry.java:136) ~[Placebo-1.20.1-8.6.2.jar%23208!/:8.6.2]
	at dev.shadowsoffire.placebo.reload.DynamicRegistry.m_5787_(DynamicRegistry.java:62) ~[Placebo-1.20.1-8.6.2.jar%23208!/:8.6.2]
	at net.minecraft.server.packs.resources.SimplePreparableReloadListener.m_10789_(SimplePreparableReloadListener.java:13) ~[server-1.20.1-20230612.114412-srg.jar%23215!/:?]
	at java.util.concurrent.CompletableFuture$UniAccept.tryFire(CompletableFuture.java:718) ~[?:?]
	at java.util.concurrent.CompletableFuture$Completion.run(CompletableFuture.java:482) ~[?:?]
	at net.minecraft.server.packs.resources.SimpleReloadInstance.m_143940_(SimpleReloadInstance.java:69) ~[server-1.20.1-20230612.114412-srg.jar%23215!/:?]
	at net.minecraft.Util.m_214652_(Util.java:783) ~[server-1.20.1-20230612.114412-srg.jar%23215!/:?]
	at net.minecraft.Util.m_214679_(Util.java:772) ~[server-1.20.1-20230612.114412-srg.jar%23215!/:?]
	at net.minecraft.server.Main.main(Main.java:166) ~[server-1.20.1-20230612.114412-srg.jar%23215!/:?]
	at jdk.internal.reflect.DirectMethodHandleAccessor.invoke(DirectMethodHandleAccessor.java:103) ~[?:?]
	at java.lang.reflect.Method.invoke(Method.java:580) ~[?:?]
	at net.minecraftforge.fml.loading.targets.CommonLaunchHandler.runTarget(CommonLaunchHandler.java:111) ~[fmlloader-1.20.1-47.3.33.jar%2369!/:?]
	at net.minecraftforge.fml.loading.targets.CommonLaunchHandler.serverService(CommonLaunchHandler.java:103) ~[fmlloader-1.20.1-47.3.33.jar%2369!/:?]
	at net.minecraftforge.fml.loading.targets.CommonServerLaunchHandler.lambda$makeService$0(CommonServerLaunchHandler.java:27) ~[fmlloader-1.20.1-47.3.33.jar%2369!/:?]
	at cpw.mods.modlauncher.LaunchServiceHandlerDecorator.launch(LaunchServiceHandlerDecorator.java:30) ~[modlauncher-10.0.9.jar%2355!/:?]
	at cpw.mods.modlauncher.LaunchServiceHandler.launch(LaunchServiceHandler.java:53) ~[modlauncher-10.0.9.jar%2355!/:?]
	at cpw.mods.modlauncher.LaunchServiceHandler.launch(LaunchServiceHandler.java:71) ~[modlauncher-10.0.9.jar%2355!/:?]
	at cpw.mods.modlauncher.Launcher.run(Launcher.java:108) ~[modlauncher-10.0.9.jar%2355!/:?]
	at cpw.mods.modlauncher.Launcher.main(Launcher.java:78) ~[modlauncher-10.0.9.jar%2355!/:?]
	at cpw.mods.modlauncher.BootstrapLaunchConsumer.accept(BootstrapLaunchConsumer.java:26) ~[modlauncher-10.0.9.jar%2355!/:?]
	at cpw.mods.modlauncher.BootstrapLaunchConsumer.accept(BootstrapLaunchConsumer.java:23) ~[modlauncher-10.0.9.jar%2355!/:?]
	at cpw.mods.bootstraplauncher.BootstrapLauncher.main(BootstrapLauncher.java:141) ~[bootstraplauncher-1.1.2.jar:?]
[034月2025 21:07:53.106] [main/ERROR] [Apotheosis : Adventure/]: Failed to execute ShieldBreakerTest
java.lang.NullPointerException: Cannot invoke "net.minecraft.world.entity.LivingEntity.m_213824_()" because "attacker" is null
	at net.minecraftforge.common.extensions.IForgeItem.canDisableShield(IForgeItem.java:695) ~[forge-1.20.1-47.3.33-universal.jar%23220!/:?]
	at net.minecraftforge.common.extensions.IForgeItemStack.canDisableShield(IForgeItemStack.java:233) ~[forge-1.20.1-47.3.33-universal.jar%23220!/:?]
	at dev.shadowsoffire.apotheosis.adventure.loot.ShieldBreakerTest.test(ShieldBreakerTest.java:48) ~[%5B神化%5D%20Apotheosis-1.20.1-7.4.6.jar%23177!/:7.4.6]
	at dev.shadowsoffire.apotheosis.adventure.loot.ShieldBreakerTest.test(ShieldBreakerTest.java:25) ~[%5B神化%5D%20Apotheosis-1.20.1-7.4.6.jar%23177!/:7.4.6]
	at dev.shadowsoffire.apotheosis.adventure.loot.LootCategory.isValid(LootCategory.java:89) ~[%5B神化%5D%20Apotheosis-1.20.1-7.4.6.jar%23177!/:7.4.6]
	at dev.shadowsoffire.apotheosis.adventure.loot.LootCategory.forItem(LootCategory.java:182) ~[%5B神化%5D%20Apotheosis-1.20.1-7.4.6.jar%23177!/:7.4.6]
	at dev.shadowsoffire.apotheosis.adventure.loot.AffixLootEntry.getType(AffixLootEntry.java:91) ~[%5B神化%5D%20Apotheosis-1.20.1-7.4.6.jar%23177!/:7.4.6]
	at dev.shadowsoffire.apotheosis.adventure.loot.AffixLootRegistry.validateItem(AffixLootRegistry.java:30) ~[%5B神化%5D%20Apotheosis-1.20.1-7.4.6.jar%23177!/:7.4.6]
	at dev.shadowsoffire.apotheosis.adventure.loot.AffixLootRegistry.validateItem(AffixLootRegistry.java:13) ~[%5B神化%5D%20Apotheosis-1.20.1-7.4.6.jar%23177!/:7.4.6]
	at dev.shadowsoffire.placebo.reload.DynamicRegistry.register(DynamicRegistry.java:322) ~[Placebo-1.20.1-8.6.2.jar%23208!/:8.6.2]
	at dev.shadowsoffire.placebo.reload.DynamicRegistry.lambda$apply$0(DynamicRegistry.java:143) ~[Placebo-1.20.1-8.6.2.jar%23208!/:8.6.2]
	at java.util.HashMap.forEach(HashMap.java:1429) ~[?:?]
	at dev.shadowsoffire.placebo.reload.DynamicRegistry.apply(DynamicRegistry.java:136) ~[Placebo-1.20.1-8.6.2.jar%23208!/:8.6.2]
	at dev.shadowsoffire.placebo.reload.DynamicRegistry.m_5787_(DynamicRegistry.java:62) ~[Placebo-1.20.1-8.6.2.jar%23208!/:8.6.2]
	at net.minecraft.server.packs.resources.SimplePreparableReloadListener.m_10789_(SimplePreparableReloadListener.java:13) ~[server-1.20.1-20230612.114412-srg.jar%23215!/:?]
	at java.util.concurrent.CompletableFuture$UniAccept.tryFire(CompletableFuture.java:718) ~[?:?]
	at java.util.concurrent.CompletableFuture$Completion.run(CompletableFuture.java:482) ~[?:?]
	at net.minecraft.server.packs.resources.SimpleReloadInstance.m_143940_(SimpleReloadInstance.java:69) ~[server-1.20.1-20230612.114412-srg.jar%23215!/:?]
	at net.minecraft.Util.m_214652_(Util.java:783) ~[server-1.20.1-20230612.114412-srg.jar%23215!/:?]
	at net.minecraft.Util.m_214679_(Util.java:772) ~[server-1.20.1-20230612.114412-srg.jar%23215!/:?]
	at net.minecraft.server.Main.main(Main.java:166) ~[server-1.20.1-20230612.114412-srg.jar%23215!/:?]
	at jdk.internal.reflect.DirectMethodHandleAccessor.invoke(DirectMethodHandleAccessor.java:103) ~[?:?]
	at java.lang.reflect.Method.invoke(Method.java:580) ~[?:?]
	at net.minecraftforge.fml.loading.targets.CommonLaunchHandler.runTarget(CommonLaunchHandler.java:111) ~[fmlloader-1.20.1-47.3.33.jar%2369!/:?]
	at net.minecraftforge.fml.loading.targets.CommonLaunchHandler.serverService(CommonLaunchHandler.java:103) ~[fmlloader-1.20.1-47.3.33.jar%2369!/:?]
	at net.minecraftforge.fml.loading.targets.CommonServerLaunchHandler.lambda$makeService$0(CommonServerLaunchHandler.java:27) ~[fmlloader-1.20.1-47.3.33.jar%2369!/:?]
	at cpw.mods.modlauncher.LaunchServiceHandlerDecorator.launch(LaunchServiceHandlerDecorator.java:30) ~[modlauncher-10.0.9.jar%2355!/:?]
	at cpw.mods.modlauncher.LaunchServiceHandler.launch(LaunchServiceHandler.java:53) ~[modlauncher-10.0.9.jar%2355!/:?]
	at cpw.mods.modlauncher.LaunchServiceHandler.launch(LaunchServiceHandler.java:71) ~[modlauncher-10.0.9.jar%2355!/:?]
	at cpw.mods.modlauncher.Launcher.run(Launcher.java:108) ~[modlauncher-10.0.9.jar%2355!/:?]
	at cpw.mods.modlauncher.Launcher.main(Launcher.java:78) ~[modlauncher-10.0.9.jar%2355!/:?]
	at cpw.mods.modlauncher.BootstrapLaunchConsumer.accept(BootstrapLaunchConsumer.java:26) ~[modlauncher-10.0.9.jar%2355!/:?]
	at cpw.mods.modlauncher.BootstrapLaunchConsumer.accept(BootstrapLaunchConsumer.java:23) ~[modlauncher-10.0.9.jar%2355!/:?]
	at cpw.mods.bootstraplauncher.BootstrapLauncher.main(BootstrapLauncher.java:141) ~[bootstraplauncher-1.1.2.jar:?]
[034月2025 21:07:53.119] [main/ERROR] [Apotheosis : Adventure/]: Failed to execute ShieldBreakerTest
java.lang.NullPointerException: Cannot invoke "net.minecraft.world.entity.LivingEntity.m_213824_()" because "attacker" is null
	at net.minecraftforge.common.extensions.IForgeItem.canDisableShield(IForgeItem.java:695) ~[forge-1.20.1-47.3.33-universal.jar%23220!/:?]
	at net.minecraftforge.common.extensions.IForgeItemStack.canDisableShield(IForgeItemStack.java:233) ~[forge-1.20.1-47.3.33-universal.jar%23220!/:?]
	at dev.shadowsoffire.apotheosis.adventure.loot.ShieldBreakerTest.test(ShieldBreakerTest.java:48) ~[%5B神化%5D%20Apotheosis-1.20.1-7.4.6.jar%23177!/:7.4.6]
	at dev.shadowsoffire.apotheosis.adventure.loot.ShieldBreakerTest.test(ShieldBreakerTest.java:25) ~[%5B神化%5D%20Apotheosis-1.20.1-7.4.6.jar%23177!/:7.4.6]
	at dev.shadowsoffire.apotheosis.adventure.loot.LootCategory.isValid(LootCategory.java:89) ~[%5B神化%5D%20Apotheosis-1.20.1-7.4.6.jar%23177!/:7.4.6]
	at dev.shadowsoffire.apotheosis.adventure.loot.LootCategory.forItem(LootCategory.java:182) ~[%5B神化%5D%20Apotheosis-1.20.1-7.4.6.jar%23177!/:7.4.6]
	at dev.shadowsoffire.apotheosis.adventure.loot.AffixLootEntry.getType(AffixLootEntry.java:91) ~[%5B神化%5D%20Apotheosis-1.20.1-7.4.6.jar%23177!/:7.4.6]
	at dev.shadowsoffire.apotheosis.adventure.loot.AffixLootRegistry.validateItem(AffixLootRegistry.java:30) ~[%5B神化%5D%20Apotheosis-1.20.1-7.4.6.jar%23177!/:7.4.6]
	at dev.shadowsoffire.apotheosis.adventure.loot.AffixLootRegistry.validateItem(AffixLootRegistry.java:13) ~[%5B神化%5D%20Apotheosis-1.20.1-7.4.6.jar%23177!/:7.4.6]
	at dev.shadowsoffire.placebo.reload.DynamicRegistry.register(DynamicRegistry.java:322) ~[Placebo-1.20.1-8.6.2.jar%23208!/:8.6.2]
	at dev.shadowsoffire.placebo.reload.DynamicRegistry.lambda$apply$0(DynamicRegistry.java:143) ~[Placebo-1.20.1-8.6.2.jar%23208!/:8.6.2]
	at java.util.HashMap.forEach(HashMap.java:1429) ~[?:?]
	at dev.shadowsoffire.placebo.reload.DynamicRegistry.apply(DynamicRegistry.java:136) ~[Placebo-1.20.1-8.6.2.jar%23208!/:8.6.2]
	at dev.shadowsoffire.placebo.reload.DynamicRegistry.m_5787_(DynamicRegistry.java:62) ~[Placebo-1.20.1-8.6.2.jar%23208!/:8.6.2]
	at net.minecraft.server.packs.resources.SimplePreparableReloadListener.m_10789_(SimplePreparableReloadListener.java:13) ~[server-1.20.1-20230612.114412-srg.jar%23215!/:?]
	at java.util.concurrent.CompletableFuture$UniAccept.tryFire(CompletableFuture.java:718) ~[?:?]
	at java.util.concurrent.CompletableFuture$Completion.run(CompletableFuture.java:482) ~[?:?]
	at net.minecraft.server.packs.resources.SimpleReloadInstance.m_143940_(SimpleReloadInstance.java:69) ~[server-1.20.1-20230612.114412-srg.jar%23215!/:?]
	at net.minecraft.Util.m_214652_(Util.java:783) ~[server-1.20.1-20230612.114412-srg.jar%23215!/:?]
	at net.minecraft.Util.m_214679_(Util.java:772) ~[server-1.20.1-20230612.114412-srg.jar%23215!/:?]
	at net.minecraft.server.Main.main(Main.java:166) ~[server-1.20.1-20230612.114412-srg.jar%23215!/:?]
	at jdk.internal.reflect.DirectMethodHandleAccessor.invoke(DirectMethodHandleAccessor.java:103) ~[?:?]
	at java.lang.reflect.Method.invoke(Method.java:580) ~[?:?]
	at net.minecraftforge.fml.loading.targets.CommonLaunchHandler.runTarget(CommonLaunchHandler.java:111) ~[fmlloader-1.20.1-47.3.33.jar%2369!/:?]
	at net.minecraftforge.fml.loading.targets.CommonLaunchHandler.serverService(CommonLaunchHandler.java:103) ~[fmlloader-1.20.1-47.3.33.jar%2369!/:?]
	at net.minecraftforge.fml.loading.targets.CommonServerLaunchHandler.lambda$makeService$0(CommonServerLaunchHandler.java:27) ~[fmlloader-1.20.1-47.3.33.jar%2369!/:?]
	at cpw.mods.modlauncher.LaunchServiceHandlerDecorator.launch(LaunchServiceHandlerDecorator.java:30) ~[modlauncher-10.0.9.jar%2355!/:?]
	at cpw.mods.modlauncher.LaunchServiceHandler.launch(LaunchServiceHandler.java:53) ~[modlauncher-10.0.9.jar%2355!/:?]
	at cpw.mods.modlauncher.LaunchServiceHandler.launch(LaunchServiceHandler.java:71) ~[modlauncher-10.0.9.jar%2355!/:?]
	at cpw.mods.modlauncher.Launcher.run(Launcher.java:108) ~[modlauncher-10.0.9.jar%2355!/:?]
	at cpw.mods.modlauncher.Launcher.main(Launcher.java:78) ~[modlauncher-10.0.9.jar%2355!/:?]
	at cpw.mods.modlauncher.BootstrapLaunchConsumer.accept(BootstrapLaunchConsumer.java:26) ~[modlauncher-10.0.9.jar%2355!/:?]
	at cpw.mods.modlauncher.BootstrapLaunchConsumer.accept(BootstrapLaunchConsumer.java:23) ~[modlauncher-10.0.9.jar%2355!/:?]
	at cpw.mods.bootstraplauncher.BootstrapLauncher.main(BootstrapLauncher.java:141) ~[bootstraplauncher-1.1.2.jar:?]
[034月2025 21:07:53.131] [main/ERROR] [Apotheosis : Adventure/]: Failed to execute ShieldBreakerTest
java.lang.NullPointerException: Cannot invoke "net.minecraft.world.entity.LivingEntity.m_213824_()" because "attacker" is null
	at net.minecraftforge.common.extensions.IForgeItem.canDisableShield(IForgeItem.java:695) ~[forge-1.20.1-47.3.33-universal.jar%23220!/:?]
	at net.minecraftforge.common.extensions.IForgeItemStack.canDisableShield(IForgeItemStack.java:233) ~[forge-1.20.1-47.3.33-universal.jar%23220!/:?]
	at dev.shadowsoffire.apotheosis.adventure.loot.ShieldBreakerTest.test(ShieldBreakerTest.java:48) ~[%5B神化%5D%20Apotheosis-1.20.1-7.4.6.jar%23177!/:7.4.6]
	at dev.shadowsoffire.apotheosis.adventure.loot.ShieldBreakerTest.test(ShieldBreakerTest.java:25) ~[%5B神化%5D%20Apotheosis-1.20.1-7.4.6.jar%23177!/:7.4.6]
	at dev.shadowsoffire.apotheosis.adventure.loot.LootCategory.isValid(LootCategory.java:89) ~[%5B神化%5D%20Apotheosis-1.20.1-7.4.6.jar%23177!/:7.4.6]
	at dev.shadowsoffire.apotheosis.adventure.loot.LootCategory.forItem(LootCategory.java:182) ~[%5B神化%5D%20Apotheosis-1.20.1-7.4.6.jar%23177!/:7.4.6]
	at dev.shadowsoffire.apotheosis.adventure.loot.AffixLootEntry.getType(AffixLootEntry.java:91) ~[%5B神化%5D%20Apotheosis-1.20.1-7.4.6.jar%23177!/:7.4.6]
	at dev.shadowsoffire.apotheosis.adventure.loot.AffixLootRegistry.validateItem(AffixLootRegistry.java:30) ~[%5B神化%5D%20Apotheosis-1.20.1-7.4.6.jar%23177!/:7.4.6]
	at dev.shadowsoffire.apotheosis.adventure.loot.AffixLootRegistry.validateItem(AffixLootRegistry.java:13) ~[%5B神化%5D%20Apotheosis-1.20.1-7.4.6.jar%23177!/:7.4.6]
	at dev.shadowsoffire.placebo.reload.DynamicRegistry.register(DynamicRegistry.java:322) ~[Placebo-1.20.1-8.6.2.jar%23208!/:8.6.2]
	at dev.shadowsoffire.placebo.reload.DynamicRegistry.lambda$apply$0(DynamicRegistry.java:143) ~[Placebo-1.20.1-8.6.2.jar%23208!/:8.6.2]
	at java.util.HashMap.forEach(HashMap.java:1429) ~[?:?]
	at dev.shadowsoffire.placebo.reload.DynamicRegistry.apply(DynamicRegistry.java:136) ~[Placebo-1.20.1-8.6.2.jar%23208!/:8.6.2]
	at dev.shadowsoffire.placebo.reload.DynamicRegistry.m_5787_(DynamicRegistry.java:62) ~[Placebo-1.20.1-8.6.2.jar%23208!/:8.6.2]
	at net.minecraft.server.packs.resources.SimplePreparableReloadListener.m_10789_(SimplePreparableReloadListener.java:13) ~[server-1.20.1-20230612.114412-srg.jar%23215!/:?]
	at java.util.concurrent.CompletableFuture$UniAccept.tryFire(CompletableFuture.java:718) ~[?:?]
	at java.util.concurrent.CompletableFuture$Completion.run(CompletableFuture.java:482) ~[?:?]
	at net.minecraft.server.packs.resources.SimpleReloadInstance.m_143940_(SimpleReloadInstance.java:69) ~[server-1.20.1-20230612.114412-srg.jar%23215!/:?]
	at net.minecraft.Util.m_214652_(Util.java:783) ~[server-1.20.1-20230612.114412-srg.jar%23215!/:?]
	at net.minecraft.Util.m_214679_(Util.java:772) ~[server-1.20.1-20230612.114412-srg.jar%23215!/:?]
	at net.minecraft.server.Main.main(Main.java:166) ~[server-1.20.1-20230612.114412-srg.jar%23215!/:?]
	at jdk.internal.reflect.DirectMethodHandleAccessor.invoke(DirectMethodHandleAccessor.java:103) ~[?:?]
	at java.lang.reflect.Method.invoke(Method.java:580) ~[?:?]
	at net.minecraftforge.fml.loading.targets.CommonLaunchHandler.runTarget(CommonLaunchHandler.java:111) ~[fmlloader-1.20.1-47.3.33.jar%2369!/:?]
	at net.minecraftforge.fml.loading.targets.CommonLaunchHandler.serverService(CommonLaunchHandler.java:103) ~[fmlloader-1.20.1-47.3.33.jar%2369!/:?]
	at net.minecraftforge.fml.loading.targets.CommonServerLaunchHandler.lambda$makeService$0(CommonServerLaunchHandler.java:27) ~[fmlloader-1.20.1-47.3.33.jar%2369!/:?]
	at cpw.mods.modlauncher.LaunchServiceHandlerDecorator.launch(LaunchServiceHandlerDecorator.java:30) ~[modlauncher-10.0.9.jar%2355!/:?]
	at cpw.mods.modlauncher.LaunchServiceHandler.launch(LaunchServiceHandler.java:53) ~[modlauncher-10.0.9.jar%2355!/:?]
	at cpw.mods.modlauncher.LaunchServiceHandler.launch(LaunchServiceHandler.java:71) ~[modlauncher-10.0.9.jar%2355!/:?]
	at cpw.mods.modlauncher.Launcher.run(Launcher.java:108) ~[modlauncher-10.0.9.jar%2355!/:?]
	at cpw.mods.modlauncher.Launcher.main(Launcher.java:78) ~[modlauncher-10.0.9.jar%2355!/:?]
	at cpw.mods.modlauncher.BootstrapLaunchConsumer.accept(BootstrapLaunchConsumer.java:26) ~[modlauncher-10.0.9.jar%2355!/:?]
	at cpw.mods.modlauncher.BootstrapLaunchConsumer.accept(BootstrapLaunchConsumer.java:23) ~[modlauncher-10.0.9.jar%2355!/:?]
	at cpw.mods.bootstraplauncher.BootstrapLauncher.main(BootstrapLauncher.java:141) ~[bootstraplauncher-1.1.2.jar:?]
[034月2025 21:07:53.143] [main/ERROR] [Apotheosis : Adventure/]: Failed to execute ShieldBreakerTest
java.lang.NullPointerException: Cannot invoke "net.minecraft.world.entity.LivingEntity.m_213824_()" because "attacker" is null
	at net.minecraftforge.common.extensions.IForgeItem.canDisableShield(IForgeItem.java:695) ~[forge-1.20.1-47.3.33-universal.jar%23220!/:?]
	at net.minecraftforge.common.extensions.IForgeItemStack.canDisableShield(IForgeItemStack.java:233) ~[forge-1.20.1-47.3.33-universal.jar%23220!/:?]
	at dev.shadowsoffire.apotheosis.adventure.loot.ShieldBreakerTest.test(ShieldBreakerTest.java:48) ~[%5B神化%5D%20Apotheosis-1.20.1-7.4.6.jar%23177!/:7.4.6]
	at dev.shadowsoffire.apotheosis.adventure.loot.ShieldBreakerTest.test(ShieldBreakerTest.java:25) ~[%5B神化%5D%20Apotheosis-1.20.1-7.4.6.jar%23177!/:7.4.6]
	at dev.shadowsoffire.apotheosis.adventure.loot.LootCategory.isValid(LootCategory.java:89) ~[%5B神化%5D%20Apotheosis-1.20.1-7.4.6.jar%23177!/:7.4.6]
	at dev.shadowsoffire.apotheosis.adventure.loot.LootCategory.forItem(LootCategory.java:182) ~[%5B神化%5D%20Apotheosis-1.20.1-7.4.6.jar%23177!/:7.4.6]
	at dev.shadowsoffire.apotheosis.adventure.loot.AffixLootEntry.getType(AffixLootEntry.java:91) ~[%5B神化%5D%20Apotheosis-1.20.1-7.4.6.jar%23177!/:7.4.6]
	at dev.shadowsoffire.apotheosis.adventure.loot.AffixLootRegistry.validateItem(AffixLootRegistry.java:30) ~[%5B神化%5D%20Apotheosis-1.20.1-7.4.6.jar%23177!/:7.4.6]
	at dev.shadowsoffire.apotheosis.adventure.loot.AffixLootRegistry.validateItem(AffixLootRegistry.java:13) ~[%5B神化%5D%20Apotheosis-1.20.1-7.4.6.jar%23177!/:7.4.6]
	at dev.shadowsoffire.placebo.reload.DynamicRegistry.register(DynamicRegistry.java:322) ~[Placebo-1.20.1-8.6.2.jar%23208!/:8.6.2]
	at dev.shadowsoffire.placebo.reload.DynamicRegistry.lambda$apply$0(DynamicRegistry.java:143) ~[Placebo-1.20.1-8.6.2.jar%23208!/:8.6.2]
	at java.util.HashMap.forEach(HashMap.java:1429) ~[?:?]
	at dev.shadowsoffire.placebo.reload.DynamicRegistry.apply(DynamicRegistry.java:136) ~[Placebo-1.20.1-8.6.2.jar%23208!/:8.6.2]
	at dev.shadowsoffire.placebo.reload.DynamicRegistry.m_5787_(DynamicRegistry.java:62) ~[Placebo-1.20.1-8.6.2.jar%23208!/:8.6.2]
	at net.minecraft.server.packs.resources.SimplePreparableReloadListener.m_10789_(SimplePreparableReloadListener.java:13) ~[server-1.20.1-20230612.114412-srg.jar%23215!/:?]
	at java.util.concurrent.CompletableFuture$UniAccept.tryFire(CompletableFuture.java:718) ~[?:?]
	at java.util.concurrent.CompletableFuture$Completion.run(CompletableFuture.java:482) ~[?:?]
	at net.minecraft.server.packs.resources.SimpleReloadInstance.m_143940_(SimpleReloadInstance.java:69) ~[server-1.20.1-20230612.114412-srg.jar%23215!/:?]
	at net.minecraft.Util.m_214652_(Util.java:783) ~[server-1.20.1-20230612.114412-srg.jar%23215!/:?]
	at net.minecraft.Util.m_214679_(Util.java:772) ~[server-1.20.1-20230612.114412-srg.jar%23215!/:?]
	at net.minecraft.server.Main.main(Main.java:166) ~[server-1.20.1-20230612.114412-srg.jar%23215!/:?]
	at jdk.internal.reflect.DirectMethodHandleAccessor.invoke(DirectMethodHandleAccessor.java:103) ~[?:?]
	at java.lang.reflect.Method.invoke(Method.java:580) ~[?:?]
	at net.minecraftforge.fml.loading.targets.CommonLaunchHandler.runTarget(CommonLaunchHandler.java:111) ~[fmlloader-1.20.1-47.3.33.jar%2369!/:?]
	at net.minecraftforge.fml.loading.targets.CommonLaunchHandler.serverService(CommonLaunchHandler.java:103) ~[fmlloader-1.20.1-47.3.33.jar%2369!/:?]
	at net.minecraftforge.fml.loading.targets.CommonServerLaunchHandler.lambda$makeService$0(CommonServerLaunchHandler.java:27) ~[fmlloader-1.20.1-47.3.33.jar%2369!/:?]
	at cpw.mods.modlauncher.LaunchServiceHandlerDecorator.launch(LaunchServiceHandlerDecorator.java:30) ~[modlauncher-10.0.9.jar%2355!/:?]
	at cpw.mods.modlauncher.LaunchServiceHandler.launch(LaunchServiceHandler.java:53) ~[modlauncher-10.0.9.jar%2355!/:?]
	at cpw.mods.modlauncher.LaunchServiceHandler.launch(LaunchServiceHandler.java:71) ~[modlauncher-10.0.9.jar%2355!/:?]
	at cpw.mods.modlauncher.Launcher.run(Launcher.java:108) ~[modlauncher-10.0.9.jar%2355!/:?]
	at cpw.mods.modlauncher.Launcher.main(Launcher.java:78) ~[modlauncher-10.0.9.jar%2355!/:?]
	at cpw.mods.modlauncher.BootstrapLaunchConsumer.accept(BootstrapLaunchConsumer.java:26) ~[modlauncher-10.0.9.jar%2355!/:?]
	at cpw.mods.modlauncher.BootstrapLaunchConsumer.accept(BootstrapLaunchConsumer.java:23) ~[modlauncher-10.0.9.jar%2355!/:?]
	at cpw.mods.bootstraplauncher.BootstrapLauncher.main(BootstrapLauncher.java:141) ~[bootstraplauncher-1.1.2.jar:?]
[034月2025 21:07:53.157] [main/ERROR] [Apotheosis : Adventure/]: Failed to execute ShieldBreakerTest
java.lang.NullPointerException: Cannot invoke "net.minecraft.world.entity.LivingEntity.m_213824_()" because "attacker" is null
	at net.minecraftforge.common.extensions.IForgeItem.canDisableShield(IForgeItem.java:695) ~[forge-1.20.1-47.3.33-universal.jar%23220!/:?]
	at net.minecraftforge.common.extensions.IForgeItemStack.canDisableShield(IForgeItemStack.java:233) ~[forge-1.20.1-47.3.33-universal.jar%23220!/:?]
	at dev.shadowsoffire.apotheosis.adventure.loot.ShieldBreakerTest.test(ShieldBreakerTest.java:48) ~[%5B神化%5D%20Apotheosis-1.20.1-7.4.6.jar%23177!/:7.4.6]
	at dev.shadowsoffire.apotheosis.adventure.loot.ShieldBreakerTest.test(ShieldBreakerTest.java:25) ~[%5B神化%5D%20Apotheosis-1.20.1-7.4.6.jar%23177!/:7.4.6]
	at dev.shadowsoffire.apotheosis.adventure.loot.LootCategory.isValid(LootCategory.java:89) ~[%5B神化%5D%20Apotheosis-1.20.1-7.4.6.jar%23177!/:7.4.6]
	at dev.shadowsoffire.apotheosis.adventure.loot.LootCategory.forItem(LootCategory.java:182) ~[%5B神化%5D%20Apotheosis-1.20.1-7.4.6.jar%23177!/:7.4.6]
	at dev.shadowsoffire.apotheosis.adventure.loot.AffixLootEntry.getType(AffixLootEntry.java:91) ~[%5B神化%5D%20Apotheosis-1.20.1-7.4.6.jar%23177!/:7.4.6]
	at dev.shadowsoffire.apotheosis.adventure.loot.AffixLootRegistry.validateItem(AffixLootRegistry.java:30) ~[%5B神化%5D%20Apotheosis-1.20.1-7.4.6.jar%23177!/:7.4.6]
	at dev.shadowsoffire.apotheosis.adventure.loot.AffixLootRegistry.validateItem(AffixLootRegistry.java:13) ~[%5B神化%5D%20Apotheosis-1.20.1-7.4.6.jar%23177!/:7.4.6]
	at dev.shadowsoffire.placebo.reload.DynamicRegistry.register(DynamicRegistry.java:322) ~[Placebo-1.20.1-8.6.2.jar%23208!/:8.6.2]
	at dev.shadowsoffire.placebo.reload.DynamicRegistry.lambda$apply$0(DynamicRegistry.java:143) ~[Placebo-1.20.1-8.6.2.jar%23208!/:8.6.2]
	at java.util.HashMap.forEach(HashMap.java:1429) ~[?:?]
	at dev.shadowsoffire.placebo.reload.DynamicRegistry.apply(DynamicRegistry.java:136) ~[Placebo-1.20.1-8.6.2.jar%23208!/:8.6.2]
	at dev.shadowsoffire.placebo.reload.DynamicRegistry.m_5787_(DynamicRegistry.java:62) ~[Placebo-1.20.1-8.6.2.jar%23208!/:8.6.2]
	at net.minecraft.server.packs.resources.SimplePreparableReloadListener.m_10789_(SimplePreparableReloadListener.java:13) ~[server-1.20.1-20230612.114412-srg.jar%23215!/:?]
	at java.util.concurrent.CompletableFuture$UniAccept.tryFire(CompletableFuture.java:718) ~[?:?]
	at java.util.concurrent.CompletableFuture$Completion.run(CompletableFuture.java:482) ~[?:?]
	at net.minecraft.server.packs.resources.SimpleReloadInstance.m_143940_(SimpleReloadInstance.java:69) ~[server-1.20.1-20230612.114412-srg.jar%23215!/:?]
	at net.minecraft.Util.m_214652_(Util.java:783) ~[server-1.20.1-20230612.114412-srg.jar%23215!/:?]
	at net.minecraft.Util.m_214679_(Util.java:772) ~[server-1.20.1-20230612.114412-srg.jar%23215!/:?]
	at net.minecraft.server.Main.main(Main.java:166) ~[server-1.20.1-20230612.114412-srg.jar%23215!/:?]
	at jdk.internal.reflect.DirectMethodHandleAccessor.invoke(DirectMethodHandleAccessor.java:103) ~[?:?]
	at java.lang.reflect.Method.invoke(Method.java:580) ~[?:?]
	at net.minecraftforge.fml.loading.targets.CommonLaunchHandler.runTarget(CommonLaunchHandler.java:111) ~[fmlloader-1.20.1-47.3.33.jar%2369!/:?]
	at net.minecraftforge.fml.loading.targets.CommonLaunchHandler.serverService(CommonLaunchHandler.java:103) ~[fmlloader-1.20.1-47.3.33.jar%2369!/:?]
	at net.minecraftforge.fml.loading.targets.CommonServerLaunchHandler.lambda$makeService$0(CommonServerLaunchHandler.java:27) ~[fmlloader-1.20.1-47.3.33.jar%2369!/:?]
	at cpw.mods.modlauncher.LaunchServiceHandlerDecorator.launch(LaunchServiceHandlerDecorator.java:30) ~[modlauncher-10.0.9.jar%2355!/:?]
	at cpw.mods.modlauncher.LaunchServiceHandler.launch(LaunchServiceHandler.java:53) ~[modlauncher-10.0.9.jar%2355!/:?]
	at cpw.mods.modlauncher.LaunchServiceHandler.launch(LaunchServiceHandler.java:71) ~[modlauncher-10.0.9.jar%2355!/:?]
	at cpw.mods.modlauncher.Launcher.run(Launcher.java:108) ~[modlauncher-10.0.9.jar%2355!/:?]
	at cpw.mods.modlauncher.Launcher.main(Launcher.java:78) ~[modlauncher-10.0.9.jar%2355!/:?]
	at cpw.mods.modlauncher.BootstrapLaunchConsumer.accept(BootstrapLaunchConsumer.java:26) ~[modlauncher-10.0.9.jar%2355!/:?]
	at cpw.mods.modlauncher.BootstrapLaunchConsumer.accept(BootstrapLaunchConsumer.java:23) ~[modlauncher-10.0.9.jar%2355!/:?]
	at cpw.mods.bootstraplauncher.BootstrapLauncher.main(BootstrapLauncher.java:141) ~[bootstraplauncher-1.1.2.jar:?]
[034月2025 21:07:53.168] [main/ERROR] [Apotheosis : Adventure/]: Failed to execute ShieldBreakerTest
java.lang.NullPointerException: Cannot invoke "net.minecraft.world.entity.LivingEntity.m_213824_()" because "attacker" is null
	at net.minecraftforge.common.extensions.IForgeItem.canDisableShield(IForgeItem.java:695) ~[forge-1.20.1-47.3.33-universal.jar%23220!/:?]
	at net.minecraftforge.common.extensions.IForgeItemStack.canDisableShield(IForgeItemStack.java:233) ~[forge-1.20.1-47.3.33-universal.jar%23220!/:?]
	at dev.shadowsoffire.apotheosis.adventure.loot.ShieldBreakerTest.test(ShieldBreakerTest.java:48) ~[%5B神化%5D%20Apotheosis-1.20.1-7.4.6.jar%23177!/:7.4.6]
	at dev.shadowsoffire.apotheosis.adventure.loot.ShieldBreakerTest.test(ShieldBreakerTest.java:25) ~[%5B神化%5D%20Apotheosis-1.20.1-7.4.6.jar%23177!/:7.4.6]
	at dev.shadowsoffire.apotheosis.adventure.loot.LootCategory.isValid(LootCategory.java:89) ~[%5B神化%5D%20Apotheosis-1.20.1-7.4.6.jar%23177!/:7.4.6]
	at dev.shadowsoffire.apotheosis.adventure.loot.LootCategory.forItem(LootCategory.java:182) ~[%5B神化%5D%20Apotheosis-1.20.1-7.4.6.jar%23177!/:7.4.6]
	at dev.shadowsoffire.apotheosis.adventure.loot.AffixLootEntry.getType(AffixLootEntry.java:91) ~[%5B神化%5D%20Apotheosis-1.20.1-7.4.6.jar%23177!/:7.4.6]
	at dev.shadowsoffire.apotheosis.adventure.loot.AffixLootRegistry.validateItem(AffixLootRegistry.java:30) ~[%5B神化%5D%20Apotheosis-1.20.1-7.4.6.jar%23177!/:7.4.6]
	at dev.shadowsoffire.apotheosis.adventure.loot.AffixLootRegistry.validateItem(AffixLootRegistry.java:13) ~[%5B神化%5D%20Apotheosis-1.20.1-7.4.6.jar%23177!/:7.4.6]
	at dev.shadowsoffire.placebo.reload.DynamicRegistry.register(DynamicRegistry.java:322) ~[Placebo-1.20.1-8.6.2.jar%23208!/:8.6.2]
	at dev.shadowsoffire.placebo.reload.DynamicRegistry.lambda$apply$0(DynamicRegistry.java:143) ~[Placebo-1.20.1-8.6.2.jar%23208!/:8.6.2]
	at java.util.HashMap.forEach(HashMap.java:1429) ~[?:?]
	at dev.shadowsoffire.placebo.reload.DynamicRegistry.apply(DynamicRegistry.java:136) ~[Placebo-1.20.1-8.6.2.jar%23208!/:8.6.2]
	at dev.shadowsoffire.placebo.reload.DynamicRegistry.m_5787_(DynamicRegistry.java:62) ~[Placebo-1.20.1-8.6.2.jar%23208!/:8.6.2]
	at net.minecraft.server.packs.resources.SimplePreparableReloadListener.m_10789_(SimplePreparableReloadListener.java:13) ~[server-1.20.1-20230612.114412-srg.jar%23215!/:?]
	at java.util.concurrent.CompletableFuture$UniAccept.tryFire(CompletableFuture.java:718) ~[?:?]
	at java.util.concurrent.CompletableFuture$Completion.run(CompletableFuture.java:482) ~[?:?]
	at net.minecraft.server.packs.resources.SimpleReloadInstance.m_143940_(SimpleReloadInstance.java:69) ~[server-1.20.1-20230612.114412-srg.jar%23215!/:?]
	at net.minecraft.Util.m_214652_(Util.java:783) ~[server-1.20.1-20230612.114412-srg.jar%23215!/:?]
	at net.minecraft.Util.m_214679_(Util.java:772) ~[server-1.20.1-20230612.114412-srg.jar%23215!/:?]
	at net.minecraft.server.Main.main(Main.java:166) ~[server-1.20.1-20230612.114412-srg.jar%23215!/:?]
	at jdk.internal.reflect.DirectMethodHandleAccessor.invoke(DirectMethodHandleAccessor.java:103) ~[?:?]
	at java.lang.reflect.Method.invoke(Method.java:580) ~[?:?]
	at net.minecraftforge.fml.loading.targets.CommonLaunchHandler.runTarget(CommonLaunchHandler.java:111) ~[fmlloader-1.20.1-47.3.33.jar%2369!/:?]
	at net.minecraftforge.fml.loading.targets.CommonLaunchHandler.serverService(CommonLaunchHandler.java:103) ~[fmlloader-1.20.1-47.3.33.jar%2369!/:?]
	at net.minecraftforge.fml.loading.targets.CommonServerLaunchHandler.lambda$makeService$0(CommonServerLaunchHandler.java:27) ~[fmlloader-1.20.1-47.3.33.jar%2369!/:?]
	at cpw.mods.modlauncher.LaunchServiceHandlerDecorator.launch(LaunchServiceHandlerDecorator.java:30) ~[modlauncher-10.0.9.jar%2355!/:?]
	at cpw.mods.modlauncher.LaunchServiceHandler.launch(LaunchServiceHandler.java:53) ~[modlauncher-10.0.9.jar%2355!/:?]
	at cpw.mods.modlauncher.LaunchServiceHandler.launch(LaunchServiceHandler.java:71) ~[modlauncher-10.0.9.jar%2355!/:?]
	at cpw.mods.modlauncher.Launcher.run(Launcher.java:108) ~[modlauncher-10.0.9.jar%2355!/:?]
	at cpw.mods.modlauncher.Launcher.main(Launcher.java:78) ~[modlauncher-10.0.9.jar%2355!/:?]
	at cpw.mods.modlauncher.BootstrapLaunchConsumer.accept(BootstrapLaunchConsumer.java:26) ~[modlauncher-10.0.9.jar%2355!/:?]
	at cpw.mods.modlauncher.BootstrapLaunchConsumer.accept(BootstrapLaunchConsumer.java:23) ~[modlauncher-10.0.9.jar%2355!/:?]
	at cpw.mods.bootstraplauncher.BootstrapLauncher.main(BootstrapLauncher.java:141) ~[bootstraplauncher-1.1.2.jar:?]
[034月2025 21:07:53.182] [main/ERROR] [Apotheosis : Adventure/]: Failed to execute ShieldBreakerTest
java.lang.NullPointerException: Cannot invoke "net.minecraft.world.entity.LivingEntity.m_213824_()" because "attacker" is null
	at net.minecraftforge.common.extensions.IForgeItem.canDisableShield(IForgeItem.java:695) ~[forge-1.20.1-47.3.33-universal.jar%23220!/:?]
	at net.minecraftforge.common.extensions.IForgeItemStack.canDisableShield(IForgeItemStack.java:233) ~[forge-1.20.1-47.3.33-universal.jar%23220!/:?]
	at dev.shadowsoffire.apotheosis.adventure.loot.ShieldBreakerTest.test(ShieldBreakerTest.java:48) ~[%5B神化%5D%20Apotheosis-1.20.1-7.4.6.jar%23177!/:7.4.6]
	at dev.shadowsoffire.apotheosis.adventure.loot.ShieldBreakerTest.test(ShieldBreakerTest.java:25) ~[%5B神化%5D%20Apotheosis-1.20.1-7.4.6.jar%23177!/:7.4.6]
	at dev.shadowsoffire.apotheosis.adventure.loot.LootCategory.isValid(LootCategory.java:89) ~[%5B神化%5D%20Apotheosis-1.20.1-7.4.6.jar%23177!/:7.4.6]
	at dev.shadowsoffire.apotheosis.adventure.loot.LootCategory.forItem(LootCategory.java:182) ~[%5B神化%5D%20Apotheosis-1.20.1-7.4.6.jar%23177!/:7.4.6]
	at dev.shadowsoffire.apotheosis.adventure.loot.AffixLootEntry.getType(AffixLootEntry.java:91) ~[%5B神化%5D%20Apotheosis-1.20.1-7.4.6.jar%23177!/:7.4.6]
	at dev.shadowsoffire.apotheosis.adventure.loot.AffixLootRegistry.validateItem(AffixLootRegistry.java:30) ~[%5B神化%5D%20Apotheosis-1.20.1-7.4.6.jar%23177!/:7.4.6]
	at dev.shadowsoffire.apotheosis.adventure.loot.AffixLootRegistry.validateItem(AffixLootRegistry.java:13) ~[%5B神化%5D%20Apotheosis-1.20.1-7.4.6.jar%23177!/:7.4.6]
	at dev.shadowsoffire.placebo.reload.DynamicRegistry.register(DynamicRegistry.java:322) ~[Placebo-1.20.1-8.6.2.jar%23208!/:8.6.2]
	at dev.shadowsoffire.placebo.reload.DynamicRegistry.lambda$apply$0(DynamicRegistry.java:143) ~[Placebo-1.20.1-8.6.2.jar%23208!/:8.6.2]
	at java.util.HashMap.forEach(HashMap.java:1429) ~[?:?]
	at dev.shadowsoffire.placebo.reload.DynamicRegistry.apply(DynamicRegistry.java:136) ~[Placebo-1.20.1-8.6.2.jar%23208!/:8.6.2]
	at dev.shadowsoffire.placebo.reload.DynamicRegistry.m_5787_(DynamicRegistry.java:62) ~[Placebo-1.20.1-8.6.2.jar%23208!/:8.6.2]
	at net.minecraft.server.packs.resources.SimplePreparableReloadListener.m_10789_(SimplePreparableReloadListener.java:13) ~[server-1.20.1-20230612.114412-srg.jar%23215!/:?]
	at java.util.concurrent.CompletableFuture$UniAccept.tryFire(CompletableFuture.java:718) ~[?:?]
	at java.util.concurrent.CompletableFuture$Completion.run(CompletableFuture.java:482) ~[?:?]
	at net.minecraft.server.packs.resources.SimpleReloadInstance.m_143940_(SimpleReloadInstance.java:69) ~[server-1.20.1-20230612.114412-srg.jar%23215!/:?]
	at net.minecraft.Util.m_214652_(Util.java:783) ~[server-1.20.1-20230612.114412-srg.jar%23215!/:?]
	at net.minecraft.Util.m_214679_(Util.java:772) ~[server-1.20.1-20230612.114412-srg.jar%23215!/:?]
	at net.minecraft.server.Main.main(Main.java:166) ~[server-1.20.1-20230612.114412-srg.jar%23215!/:?]
	at jdk.internal.reflect.DirectMethodHandleAccessor.invoke(DirectMethodHandleAccessor.java:103) ~[?:?]
	at java.lang.reflect.Method.invoke(Method.java:580) ~[?:?]
	at net.minecraftforge.fml.loading.targets.CommonLaunchHandler.runTarget(CommonLaunchHandler.java:111) ~[fmlloader-1.20.1-47.3.33.jar%2369!/:?]
	at net.minecraftforge.fml.loading.targets.CommonLaunchHandler.serverService(CommonLaunchHandler.java:103) ~[fmlloader-1.20.1-47.3.33.jar%2369!/:?]
	at net.minecraftforge.fml.loading.targets.CommonServerLaunchHandler.lambda$makeService$0(CommonServerLaunchHandler.java:27) ~[fmlloader-1.20.1-47.3.33.jar%2369!/:?]
	at cpw.mods.modlauncher.LaunchServiceHandlerDecorator.launch(LaunchServiceHandlerDecorator.java:30) ~[modlauncher-10.0.9.jar%2355!/:?]
	at cpw.mods.modlauncher.LaunchServiceHandler.launch(LaunchServiceHandler.java:53) ~[modlauncher-10.0.9.jar%2355!/:?]
	at cpw.mods.modlauncher.LaunchServiceHandler.launch(LaunchServiceHandler.java:71) ~[modlauncher-10.0.9.jar%2355!/:?]
	at cpw.mods.modlauncher.Launcher.run(Launcher.java:108) ~[modlauncher-10.0.9.jar%2355!/:?]
	at cpw.mods.modlauncher.Launcher.main(Launcher.java:78) ~[modlauncher-10.0.9.jar%2355!/:?]
	at cpw.mods.modlauncher.BootstrapLaunchConsumer.accept(BootstrapLaunchConsumer.java:26) ~[modlauncher-10.0.9.jar%2355!/:?]
	at cpw.mods.modlauncher.BootstrapLaunchConsumer.accept(BootstrapLaunchConsumer.java:23) ~[modlauncher-10.0.9.jar%2355!/:?]
	at cpw.mods.bootstraplauncher.BootstrapLauncher.main(BootstrapLauncher.java:141) ~[bootstraplauncher-1.1.2.jar:?]
[034月2025 21:07:53.198] [main/ERROR] [Apotheosis : Adventure/]: Failed to execute ShieldBreakerTest
java.lang.NullPointerException: Cannot invoke "net.minecraft.world.entity.LivingEntity.m_213824_()" because "attacker" is null
	at net.minecraftforge.common.extensions.IForgeItem.canDisableShield(IForgeItem.java:695) ~[forge-1.20.1-47.3.33-universal.jar%23220!/:?]
	at net.minecraftforge.common.extensions.IForgeItemStack.canDisableShield(IForgeItemStack.java:233) ~[forge-1.20.1-47.3.33-universal.jar%23220!/:?]
	at dev.shadowsoffire.apotheosis.adventure.loot.ShieldBreakerTest.test(ShieldBreakerTest.java:48) ~[%5B神化%5D%20Apotheosis-1.20.1-7.4.6.jar%23177!/:7.4.6]
	at dev.shadowsoffire.apotheosis.adventure.loot.ShieldBreakerTest.test(ShieldBreakerTest.java:25) ~[%5B神化%5D%20Apotheosis-1.20.1-7.4.6.jar%23177!/:7.4.6]
	at dev.shadowsoffire.apotheosis.adventure.loot.LootCategory.isValid(LootCategory.java:89) ~[%5B神化%5D%20Apotheosis-1.20.1-7.4.6.jar%23177!/:7.4.6]
	at dev.shadowsoffire.apotheosis.adventure.loot.LootCategory.forItem(LootCategory.java:182) ~[%5B神化%5D%20Apotheosis-1.20.1-7.4.6.jar%23177!/:7.4.6]
	at dev.shadowsoffire.apotheosis.adventure.loot.AffixLootEntry.getType(AffixLootEntry.java:91) ~[%5B神化%5D%20Apotheosis-1.20.1-7.4.6.jar%23177!/:7.4.6]
	at dev.shadowsoffire.apotheosis.adventure.loot.AffixLootRegistry.validateItem(AffixLootRegistry.java:30) ~[%5B神化%5D%20Apotheosis-1.20.1-7.4.6.jar%23177!/:7.4.6]
	at dev.shadowsoffire.apotheosis.adventure.loot.AffixLootRegistry.validateItem(AffixLootRegistry.java:13) ~[%5B神化%5D%20Apotheosis-1.20.1-7.4.6.jar%23177!/:7.4.6]
	at dev.shadowsoffire.placebo.reload.DynamicRegistry.register(DynamicRegistry.java:322) ~[Placebo-1.20.1-8.6.2.jar%23208!/:8.6.2]
	at dev.shadowsoffire.placebo.reload.DynamicRegistry.lambda$apply$0(DynamicRegistry.java:143) ~[Placebo-1.20.1-8.6.2.jar%23208!/:8.6.2]
	at java.util.HashMap.forEach(HashMap.java:1429) ~[?:?]
	at dev.shadowsoffire.placebo.reload.DynamicRegistry.apply(DynamicRegistry.java:136) ~[Placebo-1.20.1-8.6.2.jar%23208!/:8.6.2]
	at dev.shadowsoffire.placebo.reload.DynamicRegistry.m_5787_(DynamicRegistry.java:62) ~[Placebo-1.20.1-8.6.2.jar%23208!/:8.6.2]
	at net.minecraft.server.packs.resources.SimplePreparableReloadListener.m_10789_(SimplePreparableReloadListener.java:13) ~[server-1.20.1-20230612.114412-srg.jar%23215!/:?]
	at java.util.concurrent.CompletableFuture$UniAccept.tryFire(CompletableFuture.java:718) ~[?:?]
	at java.util.concurrent.CompletableFuture$Completion.run(CompletableFuture.java:482) ~[?:?]
	at net.minecraft.server.packs.resources.SimpleReloadInstance.m_143940_(SimpleReloadInstance.java:69) ~[server-1.20.1-20230612.114412-srg.jar%23215!/:?]
	at net.minecraft.Util.m_214652_(Util.java:783) ~[server-1.20.1-20230612.114412-srg.jar%23215!/:?]
	at net.minecraft.Util.m_214679_(Util.java:772) ~[server-1.20.1-20230612.114412-srg.jar%23215!/:?]
	at net.minecraft.server.Main.main(Main.java:166) ~[server-1.20.1-20230612.114412-srg.jar%23215!/:?]
	at jdk.internal.reflect.DirectMethodHandleAccessor.invoke(DirectMethodHandleAccessor.java:103) ~[?:?]
	at java.lang.reflect.Method.invoke(Method.java:580) ~[?:?]
	at net.minecraftforge.fml.loading.targets.CommonLaunchHandler.runTarget(CommonLaunchHandler.java:111) ~[fmlloader-1.20.1-47.3.33.jar%2369!/:?]
	at net.minecraftforge.fml.loading.targets.CommonLaunchHandler.serverService(CommonLaunchHandler.java:103) ~[fmlloader-1.20.1-47.3.33.jar%2369!/:?]
	at net.minecraftforge.fml.loading.targets.CommonServerLaunchHandler.lambda$makeService$0(CommonServerLaunchHandler.java:27) ~[fmlloader-1.20.1-47.3.33.jar%2369!/:?]
	at cpw.mods.modlauncher.LaunchServiceHandlerDecorator.launch(LaunchServiceHandlerDecorator.java:30) ~[modlauncher-10.0.9.jar%2355!/:?]
	at cpw.mods.modlauncher.LaunchServiceHandler.launch(LaunchServiceHandler.java:53) ~[modlauncher-10.0.9.jar%2355!/:?]
	at cpw.mods.modlauncher.LaunchServiceHandler.launch(LaunchServiceHandler.java:71) ~[modlauncher-10.0.9.jar%2355!/:?]
	at cpw.mods.modlauncher.Launcher.run(Launcher.java:108) ~[modlauncher-10.0.9.jar%2355!/:?]
	at cpw.mods.modlauncher.Launcher.main(Launcher.java:78) ~[modlauncher-10.0.9.jar%2355!/:?]
	at cpw.mods.modlauncher.BootstrapLaunchConsumer.accept(BootstrapLaunchConsumer.java:26) ~[modlauncher-10.0.9.jar%2355!/:?]
	at cpw.mods.modlauncher.BootstrapLaunchConsumer.accept(BootstrapLaunchConsumer.java:23) ~[modlauncher-10.0.9.jar%2355!/:?]
	at cpw.mods.bootstraplauncher.BootstrapLauncher.main(BootstrapLauncher.java:141) ~[bootstraplauncher-1.1.2.jar:?]
[034月2025 21:07:53.210] [main/ERROR] [Apotheosis : Adventure/]: Failed to execute ShieldBreakerTest
java.lang.NullPointerException: Cannot invoke "net.minecraft.world.entity.LivingEntity.m_213824_()" because "attacker" is null
	at net.minecraftforge.common.extensions.IForgeItem.canDisableShield(IForgeItem.java:695) ~[forge-1.20.1-47.3.33-universal.jar%23220!/:?]
	at net.minecraftforge.common.extensions.IForgeItemStack.canDisableShield(IForgeItemStack.java:233) ~[forge-1.20.1-47.3.33-universal.jar%23220!/:?]
	at dev.shadowsoffire.apotheosis.adventure.loot.ShieldBreakerTest.test(ShieldBreakerTest.java:48) ~[%5B神化%5D%20Apotheosis-1.20.1-7.4.6.jar%23177!/:7.4.6]
	at dev.shadowsoffire.apotheosis.adventure.loot.ShieldBreakerTest.test(ShieldBreakerTest.java:25) ~[%5B神化%5D%20Apotheosis-1.20.1-7.4.6.jar%23177!/:7.4.6]
	at dev.shadowsoffire.apotheosis.adventure.loot.LootCategory.isValid(LootCategory.java:89) ~[%5B神化%5D%20Apotheosis-1.20.1-7.4.6.jar%23177!/:7.4.6]
	at dev.shadowsoffire.apotheosis.adventure.loot.LootCategory.forItem(LootCategory.java:182) ~[%5B神化%5D%20Apotheosis-1.20.1-7.4.6.jar%23177!/:7.4.6]
	at dev.shadowsoffire.apotheosis.adventure.loot.AffixLootEntry.getType(AffixLootEntry.java:91) ~[%5B神化%5D%20Apotheosis-1.20.1-7.4.6.jar%23177!/:7.4.6]
	at dev.shadowsoffire.apotheosis.adventure.loot.AffixLootRegistry.validateItem(AffixLootRegistry.java:30) ~[%5B神化%5D%20Apotheosis-1.20.1-7.4.6.jar%23177!/:7.4.6]
	at dev.shadowsoffire.apotheosis.adventure.loot.AffixLootRegistry.validateItem(AffixLootRegistry.java:13) ~[%5B神化%5D%20Apotheosis-1.20.1-7.4.6.jar%23177!/:7.4.6]
	at dev.shadowsoffire.placebo.reload.DynamicRegistry.register(DynamicRegistry.java:322) ~[Placebo-1.20.1-8.6.2.jar%23208!/:8.6.2]
	at dev.shadowsoffire.placebo.reload.DynamicRegistry.lambda$apply$0(DynamicRegistry.java:143) ~[Placebo-1.20.1-8.6.2.jar%23208!/:8.6.2]
	at java.util.HashMap.forEach(HashMap.java:1429) ~[?:?]
	at dev.shadowsoffire.placebo.reload.DynamicRegistry.apply(DynamicRegistry.java:136) ~[Placebo-1.20.1-8.6.2.jar%23208!/:8.6.2]
	at dev.shadowsoffire.placebo.reload.DynamicRegistry.m_5787_(DynamicRegistry.java:62) ~[Placebo-1.20.1-8.6.2.jar%23208!/:8.6.2]
	at net.minecraft.server.packs.resources.SimplePreparableReloadListener.m_10789_(SimplePreparableReloadListener.java:13) ~[server-1.20.1-20230612.114412-srg.jar%23215!/:?]
	at java.util.concurrent.CompletableFuture$UniAccept.tryFire(CompletableFuture.java:718) ~[?:?]
	at java.util.concurrent.CompletableFuture$Completion.run(CompletableFuture.java:482) ~[?:?]
	at net.minecraft.server.packs.resources.SimpleReloadInstance.m_143940_(SimpleReloadInstance.java:69) ~[server-1.20.1-20230612.114412-srg.jar%23215!/:?]
	at net.minecraft.Util.m_214652_(Util.java:783) ~[server-1.20.1-20230612.114412-srg.jar%23215!/:?]
	at net.minecraft.Util.m_214679_(Util.java:772) ~[server-1.20.1-20230612.114412-srg.jar%23215!/:?]
	at net.minecraft.server.Main.main(Main.java:166) ~[server-1.20.1-20230612.114412-srg.jar%23215!/:?]
	at jdk.internal.reflect.DirectMethodHandleAccessor.invoke(DirectMethodHandleAccessor.java:103) ~[?:?]
	at java.lang.reflect.Method.invoke(Method.java:580) ~[?:?]
	at net.minecraftforge.fml.loading.targets.CommonLaunchHandler.runTarget(CommonLaunchHandler.java:111) ~[fmlloader-1.20.1-47.3.33.jar%2369!/:?]
	at net.minecraftforge.fml.loading.targets.CommonLaunchHandler.serverService(CommonLaunchHandler.java:103) ~[fmlloader-1.20.1-47.3.33.jar%2369!/:?]
	at net.minecraftforge.fml.loading.targets.CommonServerLaunchHandler.lambda$makeService$0(CommonServerLaunchHandler.java:27) ~[fmlloader-1.20.1-47.3.33.jar%2369!/:?]
	at cpw.mods.modlauncher.LaunchServiceHandlerDecorator.launch(LaunchServiceHandlerDecorator.java:30) ~[modlauncher-10.0.9.jar%2355!/:?]
	at cpw.mods.modlauncher.LaunchServiceHandler.launch(LaunchServiceHandler.java:53) ~[modlauncher-10.0.9.jar%2355!/:?]
	at cpw.mods.modlauncher.LaunchServiceHandler.launch(LaunchServiceHandler.java:71) ~[modlauncher-10.0.9.jar%2355!/:?]
	at cpw.mods.modlauncher.Launcher.run(Launcher.java:108) ~[modlauncher-10.0.9.jar%2355!/:?]
	at cpw.mods.modlauncher.Launcher.main(Launcher.java:78) ~[modlauncher-10.0.9.jar%2355!/:?]
	at cpw.mods.modlauncher.BootstrapLaunchConsumer.accept(BootstrapLaunchConsumer.java:26) ~[modlauncher-10.0.9.jar%2355!/:?]
	at cpw.mods.modlauncher.BootstrapLaunchConsumer.accept(BootstrapLaunchConsumer.java:23) ~[modlauncher-10.0.9.jar%2355!/:?]
	at cpw.mods.bootstraplauncher.BootstrapLauncher.main(BootstrapLauncher.java:141) ~[bootstraplauncher-1.1.2.jar:?]
[034月2025 21:07:53.225] [main/ERROR] [Apotheosis : Adventure/]: Failed to execute ShieldBreakerTest
java.lang.NullPointerException: Cannot invoke "net.minecraft.world.entity.LivingEntity.m_213824_()" because "attacker" is null
	at net.minecraftforge.common.extensions.IForgeItem.canDisableShield(IForgeItem.java:695) ~[forge-1.20.1-47.3.33-universal.jar%23220!/:?]
	at net.minecraftforge.common.extensions.IForgeItemStack.canDisableShield(IForgeItemStack.java:233) ~[forge-1.20.1-47.3.33-universal.jar%23220!/:?]
	at dev.shadowsoffire.apotheosis.adventure.loot.ShieldBreakerTest.test(ShieldBreakerTest.java:48) ~[%5B神化%5D%20Apotheosis-1.20.1-7.4.6.jar%23177!/:7.4.6]
	at dev.shadowsoffire.apotheosis.adventure.loot.ShieldBreakerTest.test(ShieldBreakerTest.java:25) ~[%5B神化%5D%20Apotheosis-1.20.1-7.4.6.jar%23177!/:7.4.6]
	at dev.shadowsoffire.apotheosis.adventure.loot.LootCategory.isValid(LootCategory.java:89) ~[%5B神化%5D%20Apotheosis-1.20.1-7.4.6.jar%23177!/:7.4.6]
	at dev.shadowsoffire.apotheosis.adventure.loot.LootCategory.forItem(LootCategory.java:182) ~[%5B神化%5D%20Apotheosis-1.20.1-7.4.6.jar%23177!/:7.4.6]
	at dev.shadowsoffire.apotheosis.adventure.loot.AffixLootEntry.getType(AffixLootEntry.java:91) ~[%5B神化%5D%20Apotheosis-1.20.1-7.4.6.jar%23177!/:7.4.6]
	at dev.shadowsoffire.apotheosis.adventure.loot.AffixLootRegistry.validateItem(AffixLootRegistry.java:30) ~[%5B神化%5D%20Apotheosis-1.20.1-7.4.6.jar%23177!/:7.4.6]
	at dev.shadowsoffire.apotheosis.adventure.loot.AffixLootRegistry.validateItem(AffixLootRegistry.java:13) ~[%5B神化%5D%20Apotheosis-1.20.1-7.4.6.jar%23177!/:7.4.6]
	at dev.shadowsoffire.placebo.reload.DynamicRegistry.register(DynamicRegistry.java:322) ~[Placebo-1.20.1-8.6.2.jar%23208!/:8.6.2]
	at dev.shadowsoffire.placebo.reload.DynamicRegistry.lambda$apply$0(DynamicRegistry.java:143) ~[Placebo-1.20.1-8.6.2.jar%23208!/:8.6.2]
	at java.util.HashMap.forEach(HashMap.java:1429) ~[?:?]
	at dev.shadowsoffire.placebo.reload.DynamicRegistry.apply(DynamicRegistry.java:136) ~[Placebo-1.20.1-8.6.2.jar%23208!/:8.6.2]
	at dev.shadowsoffire.placebo.reload.DynamicRegistry.m_5787_(DynamicRegistry.java:62) ~[Placebo-1.20.1-8.6.2.jar%23208!/:8.6.2]
	at net.minecraft.server.packs.resources.SimplePreparableReloadListener.m_10789_(SimplePreparableReloadListener.java:13) ~[server-1.20.1-20230612.114412-srg.jar%23215!/:?]
	at java.util.concurrent.CompletableFuture$UniAccept.tryFire(CompletableFuture.java:718) ~[?:?]
	at java.util.concurrent.CompletableFuture$Completion.run(CompletableFuture.java:482) ~[?:?]
	at net.minecraft.server.packs.resources.SimpleReloadInstance.m_143940_(SimpleReloadInstance.java:69) ~[server-1.20.1-20230612.114412-srg.jar%23215!/:?]
	at net.minecraft.Util.m_214652_(Util.java:783) ~[server-1.20.1-20230612.114412-srg.jar%23215!/:?]
	at net.minecraft.Util.m_214679_(Util.java:772) ~[server-1.20.1-20230612.114412-srg.jar%23215!/:?]
	at net.minecraft.server.Main.main(Main.java:166) ~[server-1.20.1-20230612.114412-srg.jar%23215!/:?]
	at jdk.internal.reflect.DirectMethodHandleAccessor.invoke(DirectMethodHandleAccessor.java:103) ~[?:?]
	at java.lang.reflect.Method.invoke(Method.java:580) ~[?:?]
	at net.minecraftforge.fml.loading.targets.CommonLaunchHandler.runTarget(CommonLaunchHandler.java:111) ~[fmlloader-1.20.1-47.3.33.jar%2369!/:?]
	at net.minecraftforge.fml.loading.targets.CommonLaunchHandler.serverService(CommonLaunchHandler.java:103) ~[fmlloader-1.20.1-47.3.33.jar%2369!/:?]
	at net.minecraftforge.fml.loading.targets.CommonServerLaunchHandler.lambda$makeService$0(CommonServerLaunchHandler.java:27) ~[fmlloader-1.20.1-47.3.33.jar%2369!/:?]
	at cpw.mods.modlauncher.LaunchServiceHandlerDecorator.launch(LaunchServiceHandlerDecorator.java:30) ~[modlauncher-10.0.9.jar%2355!/:?]
	at cpw.mods.modlauncher.LaunchServiceHandler.launch(LaunchServiceHandler.java:53) ~[modlauncher-10.0.9.jar%2355!/:?]
	at cpw.mods.modlauncher.LaunchServiceHandler.launch(LaunchServiceHandler.java:71) ~[modlauncher-10.0.9.jar%2355!/:?]
	at cpw.mods.modlauncher.Launcher.run(Launcher.java:108) ~[modlauncher-10.0.9.jar%2355!/:?]
	at cpw.mods.modlauncher.Launcher.main(Launcher.java:78) ~[modlauncher-10.0.9.jar%2355!/:?]
	at cpw.mods.modlauncher.BootstrapLaunchConsumer.accept(BootstrapLaunchConsumer.java:26) ~[modlauncher-10.0.9.jar%2355!/:?]
	at cpw.mods.modlauncher.BootstrapLaunchConsumer.accept(BootstrapLaunchConsumer.java:23) ~[modlauncher-10.0.9.jar%2355!/:?]
	at cpw.mods.bootstraplauncher.BootstrapLauncher.main(BootstrapLauncher.java:141) ~[bootstraplauncher-1.1.2.jar:?]
[034月2025 21:07:53.242] [main/ERROR] [Apotheosis : Adventure/]: Failed to execute ShieldBreakerTest
java.lang.NullPointerException: Cannot invoke "net.minecraft.world.entity.LivingEntity.m_213824_()" because "attacker" is null
	at net.minecraftforge.common.extensions.IForgeItem.canDisableShield(IForgeItem.java:695) ~[forge-1.20.1-47.3.33-universal.jar%23220!/:?]
	at net.minecraftforge.common.extensions.IForgeItemStack.canDisableShield(IForgeItemStack.java:233) ~[forge-1.20.1-47.3.33-universal.jar%23220!/:?]
	at dev.shadowsoffire.apotheosis.adventure.loot.ShieldBreakerTest.test(ShieldBreakerTest.java:48) ~[%5B神化%5D%20Apotheosis-1.20.1-7.4.6.jar%23177!/:7.4.6]
	at dev.shadowsoffire.apotheosis.adventure.loot.ShieldBreakerTest.test(ShieldBreakerTest.java:25) ~[%5B神化%5D%20Apotheosis-1.20.1-7.4.6.jar%23177!/:7.4.6]
	at dev.shadowsoffire.apotheosis.adventure.loot.LootCategory.isValid(LootCategory.java:89) ~[%5B神化%5D%20Apotheosis-1.20.1-7.4.6.jar%23177!/:7.4.6]
	at dev.shadowsoffire.apotheosis.adventure.loot.LootCategory.forItem(LootCategory.java:182) ~[%5B神化%5D%20Apotheosis-1.20.1-7.4.6.jar%23177!/:7.4.6]
	at dev.shadowsoffire.apotheosis.adventure.loot.AffixLootEntry.getType(AffixLootEntry.java:91) ~[%5B神化%5D%20Apotheosis-1.20.1-7.4.6.jar%23177!/:7.4.6]
	at dev.shadowsoffire.apotheosis.adventure.loot.AffixLootRegistry.validateItem(AffixLootRegistry.java:30) ~[%5B神化%5D%20Apotheosis-1.20.1-7.4.6.jar%23177!/:7.4.6]
	at dev.shadowsoffire.apotheosis.adventure.loot.AffixLootRegistry.validateItem(AffixLootRegistry.java:13) ~[%5B神化%5D%20Apotheosis-1.20.1-7.4.6.jar%23177!/:7.4.6]
	at dev.shadowsoffire.placebo.reload.DynamicRegistry.register(DynamicRegistry.java:322) ~[Placebo-1.20.1-8.6.2.jar%23208!/:8.6.2]
	at dev.shadowsoffire.placebo.reload.DynamicRegistry.lambda$apply$0(DynamicRegistry.java:143) ~[Placebo-1.20.1-8.6.2.jar%23208!/:8.6.2]
	at java.util.HashMap.forEach(HashMap.java:1429) ~[?:?]
	at dev.shadowsoffire.placebo.reload.DynamicRegistry.apply(DynamicRegistry.java:136) ~[Placebo-1.20.1-8.6.2.jar%23208!/:8.6.2]
	at dev.shadowsoffire.placebo.reload.DynamicRegistry.m_5787_(DynamicRegistry.java:62) ~[Placebo-1.20.1-8.6.2.jar%23208!/:8.6.2]
	at net.minecraft.server.packs.resources.SimplePreparableReloadListener.m_10789_(SimplePreparableReloadListener.java:13) ~[server-1.20.1-20230612.114412-srg.jar%23215!/:?]
	at java.util.concurrent.CompletableFuture$UniAccept.tryFire(CompletableFuture.java:718) ~[?:?]
	at java.util.concurrent.CompletableFuture$Completion.run(CompletableFuture.java:482) ~[?:?]
	at net.minecraft.server.packs.resources.SimpleReloadInstance.m_143940_(SimpleReloadInstance.java:69) ~[server-1.20.1-20230612.114412-srg.jar%23215!/:?]
	at net.minecraft.Util.m_214652_(Util.java:783) ~[server-1.20.1-20230612.114412-srg.jar%23215!/:?]
	at net.minecraft.Util.m_214679_(Util.java:772) ~[server-1.20.1-20230612.114412-srg.jar%23215!/:?]
	at net.minecraft.server.Main.main(Main.java:166) ~[server-1.20.1-20230612.114412-srg.jar%23215!/:?]
	at jdk.internal.reflect.DirectMethodHandleAccessor.invoke(DirectMethodHandleAccessor.java:103) ~[?:?]
	at java.lang.reflect.Method.invoke(Method.java:580) ~[?:?]
	at net.minecraftforge.fml.loading.targets.CommonLaunchHandler.runTarget(CommonLaunchHandler.java:111) ~[fmlloader-1.20.1-47.3.33.jar%2369!/:?]
	at net.minecraftforge.fml.loading.targets.CommonLaunchHandler.serverService(CommonLaunchHandler.java:103) ~[fmlloader-1.20.1-47.3.33.jar%2369!/:?]
	at net.minecraftforge.fml.loading.targets.CommonServerLaunchHandler.lambda$makeService$0(CommonServerLaunchHandler.java:27) ~[fmlloader-1.20.1-47.3.33.jar%2369!/:?]
	at cpw.mods.modlauncher.LaunchServiceHandlerDecorator.launch(LaunchServiceHandlerDecorator.java:30) ~[modlauncher-10.0.9.jar%2355!/:?]
	at cpw.mods.modlauncher.LaunchServiceHandler.launch(LaunchServiceHandler.java:53) ~[modlauncher-10.0.9.jar%2355!/:?]
	at cpw.mods.modlauncher.LaunchServiceHandler.launch(LaunchServiceHandler.java:71) ~[modlauncher-10.0.9.jar%2355!/:?]
	at cpw.mods.modlauncher.Launcher.run(Launcher.java:108) ~[modlauncher-10.0.9.jar%2355!/:?]
	at cpw.mods.modlauncher.Launcher.main(Launcher.java:78) ~[modlauncher-10.0.9.jar%2355!/:?]
	at cpw.mods.modlauncher.BootstrapLaunchConsumer.accept(BootstrapLaunchConsumer.java:26) ~[modlauncher-10.0.9.jar%2355!/:?]
	at cpw.mods.modlauncher.BootstrapLaunchConsumer.accept(BootstrapLaunchConsumer.java:23) ~[modlauncher-10.0.9.jar%2355!/:?]
	at cpw.mods.bootstraplauncher.BootstrapLauncher.main(BootstrapLauncher.java:141) ~[bootstraplauncher-1.1.2.jar:?]
[034月2025 21:07:53.255] [main/ERROR] [Apotheosis : Adventure/]: Failed to execute ShieldBreakerTest
java.lang.NullPointerException: Cannot invoke "net.minecraft.world.entity.LivingEntity.m_213824_()" because "attacker" is null
	at net.minecraftforge.common.extensions.IForgeItem.canDisableShield(IForgeItem.java:695) ~[forge-1.20.1-47.3.33-universal.jar%23220!/:?]
	at net.minecraftforge.common.extensions.IForgeItemStack.canDisableShield(IForgeItemStack.java:233) ~[forge-1.20.1-47.3.33-universal.jar%23220!/:?]
	at dev.shadowsoffire.apotheosis.adventure.loot.ShieldBreakerTest.test(ShieldBreakerTest.java:48) ~[%5B神化%5D%20Apotheosis-1.20.1-7.4.6.jar%23177!/:7.4.6]
	at dev.shadowsoffire.apotheosis.adventure.loot.ShieldBreakerTest.test(ShieldBreakerTest.java:25) ~[%5B神化%5D%20Apotheosis-1.20.1-7.4.6.jar%23177!/:7.4.6]
	at dev.shadowsoffire.apotheosis.adventure.loot.LootCategory.isValid(LootCategory.java:89) ~[%5B神化%5D%20Apotheosis-1.20.1-7.4.6.jar%23177!/:7.4.6]
	at dev.shadowsoffire.apotheosis.adventure.loot.LootCategory.forItem(LootCategory.java:182) ~[%5B神化%5D%20Apotheosis-1.20.1-7.4.6.jar%23177!/:7.4.6]
	at dev.shadowsoffire.apotheosis.adventure.loot.AffixLootEntry.getType(AffixLootEntry.java:91) ~[%5B神化%5D%20Apotheosis-1.20.1-7.4.6.jar%23177!/:7.4.6]
	at dev.shadowsoffire.apotheosis.adventure.loot.AffixLootRegistry.validateItem(AffixLootRegistry.java:30) ~[%5B神化%5D%20Apotheosis-1.20.1-7.4.6.jar%23177!/:7.4.6]
	at dev.shadowsoffire.apotheosis.adventure.loot.AffixLootRegistry.validateItem(AffixLootRegistry.java:13) ~[%5B神化%5D%20Apotheosis-1.20.1-7.4.6.jar%23177!/:7.4.6]
	at dev.shadowsoffire.placebo.reload.DynamicRegistry.register(DynamicRegistry.java:322) ~[Placebo-1.20.1-8.6.2.jar%23208!/:8.6.2]
	at dev.shadowsoffire.placebo.reload.DynamicRegistry.lambda$apply$0(DynamicRegistry.java:143) ~[Placebo-1.20.1-8.6.2.jar%23208!/:8.6.2]
	at java.util.HashMap.forEach(HashMap.java:1429) ~[?:?]
	at dev.shadowsoffire.placebo.reload.DynamicRegistry.apply(DynamicRegistry.java:136) ~[Placebo-1.20.1-8.6.2.jar%23208!/:8.6.2]
	at dev.shadowsoffire.placebo.reload.DynamicRegistry.m_5787_(DynamicRegistry.java:62) ~[Placebo-1.20.1-8.6.2.jar%23208!/:8.6.2]
	at net.minecraft.server.packs.resources.SimplePreparableReloadListener.m_10789_(SimplePreparableReloadListener.java:13) ~[server-1.20.1-20230612.114412-srg.jar%23215!/:?]
	at java.util.concurrent.CompletableFuture$UniAccept.tryFire(CompletableFuture.java:718) ~[?:?]
	at java.util.concurrent.CompletableFuture$Completion.run(CompletableFuture.java:482) ~[?:?]
	at net.minecraft.server.packs.resources.SimpleReloadInstance.m_143940_(SimpleReloadInstance.java:69) ~[server-1.20.1-20230612.114412-srg.jar%23215!/:?]
	at net.minecraft.Util.m_214652_(Util.java:783) ~[server-1.20.1-20230612.114412-srg.jar%23215!/:?]
	at net.minecraft.Util.m_214679_(Util.java:772) ~[server-1.20.1-20230612.114412-srg.jar%23215!/:?]
	at net.minecraft.server.Main.main(Main.java:166) ~[server-1.20.1-20230612.114412-srg.jar%23215!/:?]
	at jdk.internal.reflect.DirectMethodHandleAccessor.invoke(DirectMethodHandleAccessor.java:103) ~[?:?]
	at java.lang.reflect.Method.invoke(Method.java:580) ~[?:?]
	at net.minecraftforge.fml.loading.targets.CommonLaunchHandler.runTarget(CommonLaunchHandler.java:111) ~[fmlloader-1.20.1-47.3.33.jar%2369!/:?]
	at net.minecraftforge.fml.loading.targets.CommonLaunchHandler.serverService(CommonLaunchHandler.java:103) ~[fmlloader-1.20.1-47.3.33.jar%2369!/:?]
	at net.minecraftforge.fml.loading.targets.CommonServerLaunchHandler.lambda$makeService$0(CommonServerLaunchHandler.java:27) ~[fmlloader-1.20.1-47.3.33.jar%2369!/:?]
	at cpw.mods.modlauncher.LaunchServiceHandlerDecorator.launch(LaunchServiceHandlerDecorator.java:30) ~[modlauncher-10.0.9.jar%2355!/:?]
	at cpw.mods.modlauncher.LaunchServiceHandler.launch(LaunchServiceHandler.java:53) ~[modlauncher-10.0.9.jar%2355!/:?]
	at cpw.mods.modlauncher.LaunchServiceHandler.launch(LaunchServiceHandler.java:71) ~[modlauncher-10.0.9.jar%2355!/:?]
	at cpw.mods.modlauncher.Launcher.run(Launcher.java:108) ~[modlauncher-10.0.9.jar%2355!/:?]
	at cpw.mods.modlauncher.Launcher.main(Launcher.java:78) ~[modlauncher-10.0.9.jar%2355!/:?]
	at cpw.mods.modlauncher.BootstrapLaunchConsumer.accept(BootstrapLaunchConsumer.java:26) ~[modlauncher-10.0.9.jar%2355!/:?]
	at cpw.mods.modlauncher.BootstrapLaunchConsumer.accept(BootstrapLaunchConsumer.java:23) ~[modlauncher-10.0.9.jar%2355!/:?]
	at cpw.mods.bootstraplauncher.BootstrapLauncher.main(BootstrapLauncher.java:141) ~[bootstraplauncher-1.1.2.jar:?]
[034月2025 21:07:53.274] [main/ERROR] [Apotheosis : Adventure/]: Failed to execute ShieldBreakerTest
java.lang.NullPointerException: Cannot invoke "net.minecraft.world.entity.LivingEntity.m_213824_()" because "attacker" is null
	at net.minecraftforge.common.extensions.IForgeItem.canDisableShield(IForgeItem.java:695) ~[forge-1.20.1-47.3.33-universal.jar%23220!/:?]
	at net.minecraftforge.common.extensions.IForgeItemStack.canDisableShield(IForgeItemStack.java:233) ~[forge-1.20.1-47.3.33-universal.jar%23220!/:?]
	at dev.shadowsoffire.apotheosis.adventure.loot.ShieldBreakerTest.test(ShieldBreakerTest.java:48) ~[%5B神化%5D%20Apotheosis-1.20.1-7.4.6.jar%23177!/:7.4.6]
	at dev.shadowsoffire.apotheosis.adventure.loot.ShieldBreakerTest.test(ShieldBreakerTest.java:25) ~[%5B神化%5D%20Apotheosis-1.20.1-7.4.6.jar%23177!/:7.4.6]
	at dev.shadowsoffire.apotheosis.adventure.loot.LootCategory.isValid(LootCategory.java:89) ~[%5B神化%5D%20Apotheosis-1.20.1-7.4.6.jar%23177!/:7.4.6]
	at dev.shadowsoffire.apotheosis.adventure.loot.LootCategory.forItem(LootCategory.java:182) ~[%5B神化%5D%20Apotheosis-1.20.1-7.4.6.jar%23177!/:7.4.6]
	at dev.shadowsoffire.apotheosis.adventure.loot.AffixLootEntry.getType(AffixLootEntry.java:91) ~[%5B神化%5D%20Apotheosis-1.20.1-7.4.6.jar%23177!/:7.4.6]
	at dev.shadowsoffire.apotheosis.adventure.loot.AffixLootRegistry.validateItem(AffixLootRegistry.java:30) ~[%5B神化%5D%20Apotheosis-1.20.1-7.4.6.jar%23177!/:7.4.6]
	at dev.shadowsoffire.apotheosis.adventure.loot.AffixLootRegistry.validateItem(AffixLootRegistry.java:13) ~[%5B神化%5D%20Apotheosis-1.20.1-7.4.6.jar%23177!/:7.4.6]
	at dev.shadowsoffire.placebo.reload.DynamicRegistry.register(DynamicRegistry.java:322) ~[Placebo-1.20.1-8.6.2.jar%23208!/:8.6.2]
	at dev.shadowsoffire.placebo.reload.DynamicRegistry.lambda$apply$0(DynamicRegistry.java:143) ~[Placebo-1.20.1-8.6.2.jar%23208!/:8.6.2]
	at java.util.HashMap.forEach(HashMap.java:1429) ~[?:?]
	at dev.shadowsoffire.placebo.reload.DynamicRegistry.apply(DynamicRegistry.java:136) ~[Placebo-1.20.1-8.6.2.jar%23208!/:8.6.2]
	at dev.shadowsoffire.placebo.reload.DynamicRegistry.m_5787_(DynamicRegistry.java:62) ~[Placebo-1.20.1-8.6.2.jar%23208!/:8.6.2]
	at net.minecraft.server.packs.resources.SimplePreparableReloadListener.m_10789_(SimplePreparableReloadListener.java:13) ~[server-1.20.1-20230612.114412-srg.jar%23215!/:?]
	at java.util.concurrent.CompletableFuture$UniAccept.tryFire(CompletableFuture.java:718) ~[?:?]
	at java.util.concurrent.CompletableFuture$Completion.run(CompletableFuture.java:482) ~[?:?]
	at net.minecraft.server.packs.resources.SimpleReloadInstance.m_143940_(SimpleReloadInstance.java:69) ~[server-1.20.1-20230612.114412-srg.jar%23215!/:?]
	at net.minecraft.Util.m_214652_(Util.java:783) ~[server-1.20.1-20230612.114412-srg.jar%23215!/:?]
	at net.minecraft.Util.m_214679_(Util.java:772) ~[server-1.20.1-20230612.114412-srg.jar%23215!/:?]
	at net.minecraft.server.Main.main(Main.java:166) ~[server-1.20.1-20230612.114412-srg.jar%23215!/:?]
	at jdk.internal.reflect.DirectMethodHandleAccessor.invoke(DirectMethodHandleAccessor.java:103) ~[?:?]
	at java.lang.reflect.Method.invoke(Method.java:580) ~[?:?]
	at net.minecraftforge.fml.loading.targets.CommonLaunchHandler.runTarget(CommonLaunchHandler.java:111) ~[fmlloader-1.20.1-47.3.33.jar%2369!/:?]
	at net.minecraftforge.fml.loading.targets.CommonLaunchHandler.serverService(CommonLaunchHandler.java:103) ~[fmlloader-1.20.1-47.3.33.jar%2369!/:?]
	at net.minecraftforge.fml.loading.targets.CommonServerLaunchHandler.lambda$makeService$0(CommonServerLaunchHandler.java:27) ~[fmlloader-1.20.1-47.3.33.jar%2369!/:?]
	at cpw.mods.modlauncher.LaunchServiceHandlerDecorator.launch(LaunchServiceHandlerDecorator.java:30) ~[modlauncher-10.0.9.jar%2355!/:?]
	at cpw.mods.modlauncher.LaunchServiceHandler.launch(LaunchServiceHandler.java:53) ~[modlauncher-10.0.9.jar%2355!/:?]
	at cpw.mods.modlauncher.LaunchServiceHandler.launch(LaunchServiceHandler.java:71) ~[modlauncher-10.0.9.jar%2355!/:?]
	at cpw.mods.modlauncher.Launcher.run(Launcher.java:108) ~[modlauncher-10.0.9.jar%2355!/:?]
	at cpw.mods.modlauncher.Launcher.main(Launcher.java:78) ~[modlauncher-10.0.9.jar%2355!/:?]
	at cpw.mods.modlauncher.BootstrapLaunchConsumer.accept(BootstrapLaunchConsumer.java:26) ~[modlauncher-10.0.9.jar%2355!/:?]
	at cpw.mods.modlauncher.BootstrapLaunchConsumer.accept(BootstrapLaunchConsumer.java:23) ~[modlauncher-10.0.9.jar%2355!/:?]
	at cpw.mods.bootstraplauncher.BootstrapLauncher.main(BootstrapLauncher.java:141) ~[bootstraplauncher-1.1.2.jar:?]
[034月2025 21:07:53.289] [main/ERROR] [Apotheosis : Adventure/]: Failed to execute ShieldBreakerTest
java.lang.NullPointerException: Cannot invoke "net.minecraft.world.entity.LivingEntity.m_213824_()" because "attacker" is null
	at net.minecraftforge.common.extensions.IForgeItem.canDisableShield(IForgeItem.java:695) ~[forge-1.20.1-47.3.33-universal.jar%23220!/:?]
	at net.minecraftforge.common.extensions.IForgeItemStack.canDisableShield(IForgeItemStack.java:233) ~[forge-1.20.1-47.3.33-universal.jar%23220!/:?]
	at dev.shadowsoffire.apotheosis.adventure.loot.ShieldBreakerTest.test(ShieldBreakerTest.java:48) ~[%5B神化%5D%20Apotheosis-1.20.1-7.4.6.jar%23177!/:7.4.6]
	at dev.shadowsoffire.apotheosis.adventure.loot.ShieldBreakerTest.test(ShieldBreakerTest.java:25) ~[%5B神化%5D%20Apotheosis-1.20.1-7.4.6.jar%23177!/:7.4.6]
	at dev.shadowsoffire.apotheosis.adventure.loot.LootCategory.isValid(LootCategory.java:89) ~[%5B神化%5D%20Apotheosis-1.20.1-7.4.6.jar%23177!/:7.4.6]
	at dev.shadowsoffire.apotheosis.adventure.loot.LootCategory.forItem(LootCategory.java:182) ~[%5B神化%5D%20Apotheosis-1.20.1-7.4.6.jar%23177!/:7.4.6]
	at dev.shadowsoffire.apotheosis.adventure.loot.AffixLootEntry.getType(AffixLootEntry.java:91) ~[%5B神化%5D%20Apotheosis-1.20.1-7.4.6.jar%23177!/:7.4.6]
	at dev.shadowsoffire.apotheosis.adventure.loot.AffixLootRegistry.validateItem(AffixLootRegistry.java:30) ~[%5B神化%5D%20Apotheosis-1.20.1-7.4.6.jar%23177!/:7.4.6]
	at dev.shadowsoffire.apotheosis.adventure.loot.AffixLootRegistry.validateItem(AffixLootRegistry.java:13) ~[%5B神化%5D%20Apotheosis-1.20.1-7.4.6.jar%23177!/:7.4.6]
	at dev.shadowsoffire.placebo.reload.DynamicRegistry.register(DynamicRegistry.java:322) ~[Placebo-1.20.1-8.6.2.jar%23208!/:8.6.2]
	at dev.shadowsoffire.placebo.reload.DynamicRegistry.lambda$apply$0(DynamicRegistry.java:143) ~[Placebo-1.20.1-8.6.2.jar%23208!/:8.6.2]
	at java.util.HashMap.forEach(HashMap.java:1429) ~[?:?]
	at dev.shadowsoffire.placebo.reload.DynamicRegistry.apply(DynamicRegistry.java:136) ~[Placebo-1.20.1-8.6.2.jar%23208!/:8.6.2]
	at dev.shadowsoffire.placebo.reload.DynamicRegistry.m_5787_(DynamicRegistry.java:62) ~[Placebo-1.20.1-8.6.2.jar%23208!/:8.6.2]
	at net.minecraft.server.packs.resources.SimplePreparableReloadListener.m_10789_(SimplePreparableReloadListener.java:13) ~[server-1.20.1-20230612.114412-srg.jar%23215!/:?]
	at java.util.concurrent.CompletableFuture$UniAccept.tryFire(CompletableFuture.java:718) ~[?:?]
	at java.util.concurrent.CompletableFuture$Completion.run(CompletableFuture.java:482) ~[?:?]
	at net.minecraft.server.packs.resources.SimpleReloadInstance.m_143940_(SimpleReloadInstance.java:69) ~[server-1.20.1-20230612.114412-srg.jar%23215!/:?]
	at net.minecraft.Util.m_214652_(Util.java:783) ~[server-1.20.1-20230612.114412-srg.jar%23215!/:?]
	at net.minecraft.Util.m_214679_(Util.java:772) ~[server-1.20.1-20230612.114412-srg.jar%23215!/:?]
	at net.minecraft.server.Main.main(Main.java:166) ~[server-1.20.1-20230612.114412-srg.jar%23215!/:?]
	at jdk.internal.reflect.DirectMethodHandleAccessor.invoke(DirectMethodHandleAccessor.java:103) ~[?:?]
	at java.lang.reflect.Method.invoke(Method.java:580) ~[?:?]
	at net.minecraftforge.fml.loading.targets.CommonLaunchHandler.runTarget(CommonLaunchHandler.java:111) ~[fmlloader-1.20.1-47.3.33.jar%2369!/:?]
	at net.minecraftforge.fml.loading.targets.CommonLaunchHandler.serverService(CommonLaunchHandler.java:103) ~[fmlloader-1.20.1-47.3.33.jar%2369!/:?]
	at net.minecraftforge.fml.loading.targets.CommonServerLaunchHandler.lambda$makeService$0(CommonServerLaunchHandler.java:27) ~[fmlloader-1.20.1-47.3.33.jar%2369!/:?]
	at cpw.mods.modlauncher.LaunchServiceHandlerDecorator.launch(LaunchServiceHandlerDecorator.java:30) ~[modlauncher-10.0.9.jar%2355!/:?]
	at cpw.mods.modlauncher.LaunchServiceHandler.launch(LaunchServiceHandler.java:53) ~[modlauncher-10.0.9.jar%2355!/:?]
	at cpw.mods.modlauncher.LaunchServiceHandler.launch(LaunchServiceHandler.java:71) ~[modlauncher-10.0.9.jar%2355!/:?]
	at cpw.mods.modlauncher.Launcher.run(Launcher.java:108) ~[modlauncher-10.0.9.jar%2355!/:?]
	at cpw.mods.modlauncher.Launcher.main(Launcher.java:78) ~[modlauncher-10.0.9.jar%2355!/:?]
	at cpw.mods.modlauncher.BootstrapLaunchConsumer.accept(BootstrapLaunchConsumer.java:26) ~[modlauncher-10.0.9.jar%2355!/:?]
	at cpw.mods.modlauncher.BootstrapLaunchConsumer.accept(BootstrapLaunchConsumer.java:23) ~[modlauncher-10.0.9.jar%2355!/:?]
	at cpw.mods.bootstraplauncher.BootstrapLauncher.main(BootstrapLauncher.java:141) ~[bootstraplauncher-1.1.2.jar:?]
[034月2025 21:07:53.302] [main/ERROR] [Apotheosis : Adventure/]: Failed to execute ShieldBreakerTest
java.lang.NullPointerException: Cannot invoke "net.minecraft.world.entity.LivingEntity.m_213824_()" because "attacker" is null
	at net.minecraftforge.common.extensions.IForgeItem.canDisableShield(IForgeItem.java:695) ~[forge-1.20.1-47.3.33-universal.jar%23220!/:?]
	at net.minecraftforge.common.extensions.IForgeItemStack.canDisableShield(IForgeItemStack.java:233) ~[forge-1.20.1-47.3.33-universal.jar%23220!/:?]
	at dev.shadowsoffire.apotheosis.adventure.loot.ShieldBreakerTest.test(ShieldBreakerTest.java:48) ~[%5B神化%5D%20Apotheosis-1.20.1-7.4.6.jar%23177!/:7.4.6]
	at dev.shadowsoffire.apotheosis.adventure.loot.ShieldBreakerTest.test(ShieldBreakerTest.java:25) ~[%5B神化%5D%20Apotheosis-1.20.1-7.4.6.jar%23177!/:7.4.6]
	at dev.shadowsoffire.apotheosis.adventure.loot.LootCategory.isValid(LootCategory.java:89) ~[%5B神化%5D%20Apotheosis-1.20.1-7.4.6.jar%23177!/:7.4.6]
	at dev.shadowsoffire.apotheosis.adventure.loot.LootCategory.forItem(LootCategory.java:182) ~[%5B神化%5D%20Apotheosis-1.20.1-7.4.6.jar%23177!/:7.4.6]
	at dev.shadowsoffire.apotheosis.adventure.loot.AffixLootEntry.getType(AffixLootEntry.java:91) ~[%5B神化%5D%20Apotheosis-1.20.1-7.4.6.jar%23177!/:7.4.6]
	at dev.shadowsoffire.apotheosis.adventure.loot.AffixLootRegistry.validateItem(AffixLootRegistry.java:30) ~[%5B神化%5D%20Apotheosis-1.20.1-7.4.6.jar%23177!/:7.4.6]
	at dev.shadowsoffire.apotheosis.adventure.loot.AffixLootRegistry.validateItem(AffixLootRegistry.java:13) ~[%5B神化%5D%20Apotheosis-1.20.1-7.4.6.jar%23177!/:7.4.6]
	at dev.shadowsoffire.placebo.reload.DynamicRegistry.register(DynamicRegistry.java:322) ~[Placebo-1.20.1-8.6.2.jar%23208!/:8.6.2]
	at dev.shadowsoffire.placebo.reload.DynamicRegistry.lambda$apply$0(DynamicRegistry.java:143) ~[Placebo-1.20.1-8.6.2.jar%23208!/:8.6.2]
	at java.util.HashMap.forEach(HashMap.java:1429) ~[?:?]
	at dev.shadowsoffire.placebo.reload.DynamicRegistry.apply(DynamicRegistry.java:136) ~[Placebo-1.20.1-8.6.2.jar%23208!/:8.6.2]
	at dev.shadowsoffire.placebo.reload.DynamicRegistry.m_5787_(DynamicRegistry.java:62) ~[Placebo-1.20.1-8.6.2.jar%23208!/:8.6.2]
	at net.minecraft.server.packs.resources.SimplePreparableReloadListener.m_10789_(SimplePreparableReloadListener.java:13) ~[server-1.20.1-20230612.114412-srg.jar%23215!/:?]
	at java.util.concurrent.CompletableFuture$UniAccept.tryFire(CompletableFuture.java:718) ~[?:?]
	at java.util.concurrent.CompletableFuture$Completion.run(CompletableFuture.java:482) ~[?:?]
	at net.minecraft.server.packs.resources.SimpleReloadInstance.m_143940_(SimpleReloadInstance.java:69) ~[server-1.20.1-20230612.114412-srg.jar%23215!/:?]
	at net.minecraft.Util.m_214652_(Util.java:783) ~[server-1.20.1-20230612.114412-srg.jar%23215!/:?]
	at net.minecraft.Util.m_214679_(Util.java:772) ~[server-1.20.1-20230612.114412-srg.jar%23215!/:?]
	at net.minecraft.server.Main.main(Main.java:166) ~[server-1.20.1-20230612.114412-srg.jar%23215!/:?]
	at jdk.internal.reflect.DirectMethodHandleAccessor.invoke(DirectMethodHandleAccessor.java:103) ~[?:?]
	at java.lang.reflect.Method.invoke(Method.java:580) ~[?:?]
	at net.minecraftforge.fml.loading.targets.CommonLaunchHandler.runTarget(CommonLaunchHandler.java:111) ~[fmlloader-1.20.1-47.3.33.jar%2369!/:?]
	at net.minecraftforge.fml.loading.targets.CommonLaunchHandler.serverService(CommonLaunchHandler.java:103) ~[fmlloader-1.20.1-47.3.33.jar%2369!/:?]
	at net.minecraftforge.fml.loading.targets.CommonServerLaunchHandler.lambda$makeService$0(CommonServerLaunchHandler.java:27) ~[fmlloader-1.20.1-47.3.33.jar%2369!/:?]
	at cpw.mods.modlauncher.LaunchServiceHandlerDecorator.launch(LaunchServiceHandlerDecorator.java:30) ~[modlauncher-10.0.9.jar%2355!/:?]
	at cpw.mods.modlauncher.LaunchServiceHandler.launch(LaunchServiceHandler.java:53) ~[modlauncher-10.0.9.jar%2355!/:?]
	at cpw.mods.modlauncher.LaunchServiceHandler.launch(LaunchServiceHandler.java:71) ~[modlauncher-10.0.9.jar%2355!/:?]
	at cpw.mods.modlauncher.Launcher.run(Launcher.java:108) ~[modlauncher-10.0.9.jar%2355!/:?]
	at cpw.mods.modlauncher.Launcher.main(Launcher.java:78) ~[modlauncher-10.0.9.jar%2355!/:?]
	at cpw.mods.modlauncher.BootstrapLaunchConsumer.accept(BootstrapLaunchConsumer.java:26) ~[modlauncher-10.0.9.jar%2355!/:?]
	at cpw.mods.modlauncher.BootstrapLaunchConsumer.accept(BootstrapLaunchConsumer.java:23) ~[modlauncher-10.0.9.jar%2355!/:?]
	at cpw.mods.bootstraplauncher.BootstrapLauncher.main(BootstrapLauncher.java:141) ~[bootstraplauncher-1.1.2.jar:?]
[034月2025 21:07:53.316] [main/ERROR] [Apotheosis : Adventure/]: Failed to execute ShieldBreakerTest
java.lang.NullPointerException: Cannot invoke "net.minecraft.world.entity.LivingEntity.m_213824_()" because "attacker" is null
	at net.minecraftforge.common.extensions.IForgeItem.canDisableShield(IForgeItem.java:695) ~[forge-1.20.1-47.3.33-universal.jar%23220!/:?]
	at net.minecraftforge.common.extensions.IForgeItemStack.canDisableShield(IForgeItemStack.java:233) ~[forge-1.20.1-47.3.33-universal.jar%23220!/:?]
	at dev.shadowsoffire.apotheosis.adventure.loot.ShieldBreakerTest.test(ShieldBreakerTest.java:48) ~[%5B神化%5D%20Apotheosis-1.20.1-7.4.6.jar%23177!/:7.4.6]
	at dev.shadowsoffire.apotheosis.adventure.loot.ShieldBreakerTest.test(ShieldBreakerTest.java:25) ~[%5B神化%5D%20Apotheosis-1.20.1-7.4.6.jar%23177!/:7.4.6]
	at dev.shadowsoffire.apotheosis.adventure.loot.LootCategory.isValid(LootCategory.java:89) ~[%5B神化%5D%20Apotheosis-1.20.1-7.4.6.jar%23177!/:7.4.6]
	at dev.shadowsoffire.apotheosis.adventure.loot.LootCategory.forItem(LootCategory.java:182) ~[%5B神化%5D%20Apotheosis-1.20.1-7.4.6.jar%23177!/:7.4.6]
	at dev.shadowsoffire.apotheosis.adventure.loot.AffixLootEntry.getType(AffixLootEntry.java:91) ~[%5B神化%5D%20Apotheosis-1.20.1-7.4.6.jar%23177!/:7.4.6]
	at dev.shadowsoffire.apotheosis.adventure.loot.AffixLootRegistry.validateItem(AffixLootRegistry.java:30) ~[%5B神化%5D%20Apotheosis-1.20.1-7.4.6.jar%23177!/:7.4.6]
	at dev.shadowsoffire.apotheosis.adventure.loot.AffixLootRegistry.validateItem(AffixLootRegistry.java:13) ~[%5B神化%5D%20Apotheosis-1.20.1-7.4.6.jar%23177!/:7.4.6]
	at dev.shadowsoffire.placebo.reload.DynamicRegistry.register(DynamicRegistry.java:322) ~[Placebo-1.20.1-8.6.2.jar%23208!/:8.6.2]
	at dev.shadowsoffire.placebo.reload.DynamicRegistry.lambda$apply$0(DynamicRegistry.java:143) ~[Placebo-1.20.1-8.6.2.jar%23208!/:8.6.2]
	at java.util.HashMap.forEach(HashMap.java:1429) ~[?:?]
	at dev.shadowsoffire.placebo.reload.DynamicRegistry.apply(DynamicRegistry.java:136) ~[Placebo-1.20.1-8.6.2.jar%23208!/:8.6.2]
	at dev.shadowsoffire.placebo.reload.DynamicRegistry.m_5787_(DynamicRegistry.java:62) ~[Placebo-1.20.1-8.6.2.jar%23208!/:8.6.2]
	at net.minecraft.server.packs.resources.SimplePreparableReloadListener.m_10789_(SimplePreparableReloadListener.java:13) ~[server-1.20.1-20230612.114412-srg.jar%23215!/:?]
	at java.util.concurrent.CompletableFuture$UniAccept.tryFire(CompletableFuture.java:718) ~[?:?]
	at java.util.concurrent.CompletableFuture$Completion.run(CompletableFuture.java:482) ~[?:?]
	at net.minecraft.server.packs.resources.SimpleReloadInstance.m_143940_(SimpleReloadInstance.java:69) ~[server-1.20.1-20230612.114412-srg.jar%23215!/:?]
	at net.minecraft.Util.m_214652_(Util.java:783) ~[server-1.20.1-20230612.114412-srg.jar%23215!/:?]
	at net.minecraft.Util.m_214679_(Util.java:772) ~[server-1.20.1-20230612.114412-srg.jar%23215!/:?]
	at net.minecraft.server.Main.main(Main.java:166) ~[server-1.20.1-20230612.114412-srg.jar%23215!/:?]
	at jdk.internal.reflect.DirectMethodHandleAccessor.invoke(DirectMethodHandleAccessor.java:103) ~[?:?]
	at java.lang.reflect.Method.invoke(Method.java:580) ~[?:?]
	at net.minecraftforge.fml.loading.targets.CommonLaunchHandler.runTarget(CommonLaunchHandler.java:111) ~[fmlloader-1.20.1-47.3.33.jar%2369!/:?]
	at net.minecraftforge.fml.loading.targets.CommonLaunchHandler.serverService(CommonLaunchHandler.java:103) ~[fmlloader-1.20.1-47.3.33.jar%2369!/:?]
	at net.minecraftforge.fml.loading.targets.CommonServerLaunchHandler.lambda$makeService$0(CommonServerLaunchHandler.java:27) ~[fmlloader-1.20.1-47.3.33.jar%2369!/:?]
	at cpw.mods.modlauncher.LaunchServiceHandlerDecorator.launch(LaunchServiceHandlerDecorator.java:30) ~[modlauncher-10.0.9.jar%2355!/:?]
	at cpw.mods.modlauncher.LaunchServiceHandler.launch(LaunchServiceHandler.java:53) ~[modlauncher-10.0.9.jar%2355!/:?]
	at cpw.mods.modlauncher.LaunchServiceHandler.launch(LaunchServiceHandler.java:71) ~[modlauncher-10.0.9.jar%2355!/:?]
	at cpw.mods.modlauncher.Launcher.run(Launcher.java:108) ~[modlauncher-10.0.9.jar%2355!/:?]
	at cpw.mods.modlauncher.Launcher.main(Launcher.java:78) ~[modlauncher-10.0.9.jar%2355!/:?]
	at cpw.mods.modlauncher.BootstrapLaunchConsumer.accept(BootstrapLaunchConsumer.java:26) ~[modlauncher-10.0.9.jar%2355!/:?]
	at cpw.mods.modlauncher.BootstrapLaunchConsumer.accept(BootstrapLaunchConsumer.java:23) ~[modlauncher-10.0.9.jar%2355!/:?]
	at cpw.mods.bootstraplauncher.BootstrapLauncher.main(BootstrapLauncher.java:141) ~[bootstraplauncher-1.1.2.jar:?]
[034月2025 21:07:53.331] [main/ERROR] [Apotheosis : Adventure/]: Failed to execute ShieldBreakerTest
java.lang.NullPointerException: Cannot invoke "net.minecraft.world.entity.LivingEntity.m_213824_()" because "attacker" is null
	at net.minecraftforge.common.extensions.IForgeItem.canDisableShield(IForgeItem.java:695) ~[forge-1.20.1-47.3.33-universal.jar%23220!/:?]
	at net.minecraftforge.common.extensions.IForgeItemStack.canDisableShield(IForgeItemStack.java:233) ~[forge-1.20.1-47.3.33-universal.jar%23220!/:?]
	at dev.shadowsoffire.apotheosis.adventure.loot.ShieldBreakerTest.test(ShieldBreakerTest.java:48) ~[%5B神化%5D%20Apotheosis-1.20.1-7.4.6.jar%23177!/:7.4.6]
	at dev.shadowsoffire.apotheosis.adventure.loot.ShieldBreakerTest.test(ShieldBreakerTest.java:25) ~[%5B神化%5D%20Apotheosis-1.20.1-7.4.6.jar%23177!/:7.4.6]
	at dev.shadowsoffire.apotheosis.adventure.loot.LootCategory.isValid(LootCategory.java:89) ~[%5B神化%5D%20Apotheosis-1.20.1-7.4.6.jar%23177!/:7.4.6]
	at dev.shadowsoffire.apotheosis.adventure.loot.LootCategory.forItem(LootCategory.java:182) ~[%5B神化%5D%20Apotheosis-1.20.1-7.4.6.jar%23177!/:7.4.6]
	at dev.shadowsoffire.apotheosis.adventure.loot.AffixLootEntry.getType(AffixLootEntry.java:91) ~[%5B神化%5D%20Apotheosis-1.20.1-7.4.6.jar%23177!/:7.4.6]
	at dev.shadowsoffire.apotheosis.adventure.loot.AffixLootRegistry.validateItem(AffixLootRegistry.java:30) ~[%5B神化%5D%20Apotheosis-1.20.1-7.4.6.jar%23177!/:7.4.6]
	at dev.shadowsoffire.apotheosis.adventure.loot.AffixLootRegistry.validateItem(AffixLootRegistry.java:13) ~[%5B神化%5D%20Apotheosis-1.20.1-7.4.6.jar%23177!/:7.4.6]
	at dev.shadowsoffire.placebo.reload.DynamicRegistry.register(DynamicRegistry.java:322) ~[Placebo-1.20.1-8.6.2.jar%23208!/:8.6.2]
	at dev.shadowsoffire.placebo.reload.DynamicRegistry.lambda$apply$0(DynamicRegistry.java:143) ~[Placebo-1.20.1-8.6.2.jar%23208!/:8.6.2]
	at java.util.HashMap.forEach(HashMap.java:1429) ~[?:?]
	at dev.shadowsoffire.placebo.reload.DynamicRegistry.apply(DynamicRegistry.java:136) ~[Placebo-1.20.1-8.6.2.jar%23208!/:8.6.2]
	at dev.shadowsoffire.placebo.reload.DynamicRegistry.m_5787_(DynamicRegistry.java:62) ~[Placebo-1.20.1-8.6.2.jar%23208!/:8.6.2]
	at net.minecraft.server.packs.resources.SimplePreparableReloadListener.m_10789_(SimplePreparableReloadListener.java:13) ~[server-1.20.1-20230612.114412-srg.jar%23215!/:?]
	at java.util.concurrent.CompletableFuture$UniAccept.tryFire(CompletableFuture.java:718) ~[?:?]
	at java.util.concurrent.CompletableFuture$Completion.run(CompletableFuture.java:482) ~[?:?]
	at net.minecraft.server.packs.resources.SimpleReloadInstance.m_143940_(SimpleReloadInstance.java:69) ~[server-1.20.1-20230612.114412-srg.jar%23215!/:?]
	at net.minecraft.Util.m_214652_(Util.java:783) ~[server-1.20.1-20230612.114412-srg.jar%23215!/:?]
	at net.minecraft.Util.m_214679_(Util.java:772) ~[server-1.20.1-20230612.114412-srg.jar%23215!/:?]
	at net.minecraft.server.Main.main(Main.java:166) ~[server-1.20.1-20230612.114412-srg.jar%23215!/:?]
	at jdk.internal.reflect.DirectMethodHandleAccessor.invoke(DirectMethodHandleAccessor.java:103) ~[?:?]
	at java.lang.reflect.Method.invoke(Method.java:580) ~[?:?]
	at net.minecraftforge.fml.loading.targets.CommonLaunchHandler.runTarget(CommonLaunchHandler.java:111) ~[fmlloader-1.20.1-47.3.33.jar%2369!/:?]
	at net.minecraftforge.fml.loading.targets.CommonLaunchHandler.serverService(CommonLaunchHandler.java:103) ~[fmlloader-1.20.1-47.3.33.jar%2369!/:?]
	at net.minecraftforge.fml.loading.targets.CommonServerLaunchHandler.lambda$makeService$0(CommonServerLaunchHandler.java:27) ~[fmlloader-1.20.1-47.3.33.jar%2369!/:?]
	at cpw.mods.modlauncher.LaunchServiceHandlerDecorator.launch(LaunchServiceHandlerDecorator.java:30) ~[modlauncher-10.0.9.jar%2355!/:?]
	at cpw.mods.modlauncher.LaunchServiceHandler.launch(LaunchServiceHandler.java:53) ~[modlauncher-10.0.9.jar%2355!/:?]
	at cpw.mods.modlauncher.LaunchServiceHandler.launch(LaunchServiceHandler.java:71) ~[modlauncher-10.0.9.jar%2355!/:?]
	at cpw.mods.modlauncher.Launcher.run(Launcher.java:108) ~[modlauncher-10.0.9.jar%2355!/:?]
	at cpw.mods.modlauncher.Launcher.main(Launcher.java:78) ~[modlauncher-10.0.9.jar%2355!/:?]
	at cpw.mods.modlauncher.BootstrapLaunchConsumer.accept(BootstrapLaunchConsumer.java:26) ~[modlauncher-10.0.9.jar%2355!/:?]
	at cpw.mods.modlauncher.BootstrapLaunchConsumer.accept(BootstrapLaunchConsumer.java:23) ~[modlauncher-10.0.9.jar%2355!/:?]
	at cpw.mods.bootstraplauncher.BootstrapLauncher.main(BootstrapLauncher.java:141) ~[bootstraplauncher-1.1.2.jar:?]
[034月2025 21:07:53.343] [main/ERROR] [Apotheosis : Adventure/]: Failed to execute ShieldBreakerTest
java.lang.NullPointerException: Cannot invoke "net.minecraft.world.entity.LivingEntity.m_213824_()" because "attacker" is null
	at net.minecraftforge.common.extensions.IForgeItem.canDisableShield(IForgeItem.java:695) ~[forge-1.20.1-47.3.33-universal.jar%23220!/:?]
	at net.minecraftforge.common.extensions.IForgeItemStack.canDisableShield(IForgeItemStack.java:233) ~[forge-1.20.1-47.3.33-universal.jar%23220!/:?]
	at dev.shadowsoffire.apotheosis.adventure.loot.ShieldBreakerTest.test(ShieldBreakerTest.java:48) ~[%5B神化%5D%20Apotheosis-1.20.1-7.4.6.jar%23177!/:7.4.6]
	at dev.shadowsoffire.apotheosis.adventure.loot.ShieldBreakerTest.test(ShieldBreakerTest.java:25) ~[%5B神化%5D%20Apotheosis-1.20.1-7.4.6.jar%23177!/:7.4.6]
	at dev.shadowsoffire.apotheosis.adventure.loot.LootCategory.isValid(LootCategory.java:89) ~[%5B神化%5D%20Apotheosis-1.20.1-7.4.6.jar%23177!/:7.4.6]
	at dev.shadowsoffire.apotheosis.adventure.loot.LootCategory.forItem(LootCategory.java:182) ~[%5B神化%5D%20Apotheosis-1.20.1-7.4.6.jar%23177!/:7.4.6]
	at dev.shadowsoffire.apotheosis.adventure.loot.AffixLootEntry.getType(AffixLootEntry.java:91) ~[%5B神化%5D%20Apotheosis-1.20.1-7.4.6.jar%23177!/:7.4.6]
	at dev.shadowsoffire.apotheosis.adventure.loot.AffixLootRegistry.validateItem(AffixLootRegistry.java:30) ~[%5B神化%5D%20Apotheosis-1.20.1-7.4.6.jar%23177!/:7.4.6]
	at dev.shadowsoffire.apotheosis.adventure.loot.AffixLootRegistry.validateItem(AffixLootRegistry.java:13) ~[%5B神化%5D%20Apotheosis-1.20.1-7.4.6.jar%23177!/:7.4.6]
	at dev.shadowsoffire.placebo.reload.DynamicRegistry.register(DynamicRegistry.java:322) ~[Placebo-1.20.1-8.6.2.jar%23208!/:8.6.2]
	at dev.shadowsoffire.placebo.reload.DynamicRegistry.lambda$apply$0(DynamicRegistry.java:143) ~[Placebo-1.20.1-8.6.2.jar%23208!/:8.6.2]
	at java.util.HashMap.forEach(HashMap.java:1429) ~[?:?]
	at dev.shadowsoffire.placebo.reload.DynamicRegistry.apply(DynamicRegistry.java:136) ~[Placebo-1.20.1-8.6.2.jar%23208!/:8.6.2]
	at dev.shadowsoffire.placebo.reload.DynamicRegistry.m_5787_(DynamicRegistry.java:62) ~[Placebo-1.20.1-8.6.2.jar%23208!/:8.6.2]
	at net.minecraft.server.packs.resources.SimplePreparableReloadListener.m_10789_(SimplePreparableReloadListener.java:13) ~[server-1.20.1-20230612.114412-srg.jar%23215!/:?]
	at java.util.concurrent.CompletableFuture$UniAccept.tryFire(CompletableFuture.java:718) ~[?:?]
	at java.util.concurrent.CompletableFuture$Completion.run(CompletableFuture.java:482) ~[?:?]
	at net.minecraft.server.packs.resources.SimpleReloadInstance.m_143940_(SimpleReloadInstance.java:69) ~[server-1.20.1-20230612.114412-srg.jar%23215!/:?]
	at net.minecraft.Util.m_214652_(Util.java:783) ~[server-1.20.1-20230612.114412-srg.jar%23215!/:?]
	at net.minecraft.Util.m_214679_(Util.java:772) ~[server-1.20.1-20230612.114412-srg.jar%23215!/:?]
	at net.minecraft.server.Main.main(Main.java:166) ~[server-1.20.1-20230612.114412-srg.jar%23215!/:?]
	at jdk.internal.reflect.DirectMethodHandleAccessor.invoke(DirectMethodHandleAccessor.java:103) ~[?:?]
	at java.lang.reflect.Method.invoke(Method.java:580) ~[?:?]
	at net.minecraftforge.fml.loading.targets.CommonLaunchHandler.runTarget(CommonLaunchHandler.java:111) ~[fmlloader-1.20.1-47.3.33.jar%2369!/:?]
	at net.minecraftforge.fml.loading.targets.CommonLaunchHandler.serverService(CommonLaunchHandler.java:103) ~[fmlloader-1.20.1-47.3.33.jar%2369!/:?]
	at net.minecraftforge.fml.loading.targets.CommonServerLaunchHandler.lambda$makeService$0(CommonServerLaunchHandler.java:27) ~[fmlloader-1.20.1-47.3.33.jar%2369!/:?]
	at cpw.mods.modlauncher.LaunchServiceHandlerDecorator.launch(LaunchServiceHandlerDecorator.java:30) ~[modlauncher-10.0.9.jar%2355!/:?]
	at cpw.mods.modlauncher.LaunchServiceHandler.launch(LaunchServiceHandler.java:53) ~[modlauncher-10.0.9.jar%2355!/:?]
	at cpw.mods.modlauncher.LaunchServiceHandler.launch(LaunchServiceHandler.java:71) ~[modlauncher-10.0.9.jar%2355!/:?]
	at cpw.mods.modlauncher.Launcher.run(Launcher.java:108) ~[modlauncher-10.0.9.jar%2355!/:?]
	at cpw.mods.modlauncher.Launcher.main(Launcher.java:78) ~[modlauncher-10.0.9.jar%2355!/:?]
	at cpw.mods.modlauncher.BootstrapLaunchConsumer.accept(BootstrapLaunchConsumer.java:26) ~[modlauncher-10.0.9.jar%2355!/:?]
	at cpw.mods.modlauncher.BootstrapLaunchConsumer.accept(BootstrapLaunchConsumer.java:23) ~[modlauncher-10.0.9.jar%2355!/:?]
	at cpw.mods.bootstraplauncher.BootstrapLauncher.main(BootstrapLauncher.java:141) ~[bootstraplauncher-1.1.2.jar:?]
[034月2025 21:07:53.355] [main/ERROR] [Apotheosis : Adventure/]: Failed to execute ShieldBreakerTest
java.lang.NullPointerException: Cannot invoke "net.minecraft.world.entity.LivingEntity.m_213824_()" because "attacker" is null
	at net.minecraftforge.common.extensions.IForgeItem.canDisableShield(IForgeItem.java:695) ~[forge-1.20.1-47.3.33-universal.jar%23220!/:?]
	at net.minecraftforge.common.extensions.IForgeItemStack.canDisableShield(IForgeItemStack.java:233) ~[forge-1.20.1-47.3.33-universal.jar%23220!/:?]
	at dev.shadowsoffire.apotheosis.adventure.loot.ShieldBreakerTest.test(ShieldBreakerTest.java:48) ~[%5B神化%5D%20Apotheosis-1.20.1-7.4.6.jar%23177!/:7.4.6]
	at dev.shadowsoffire.apotheosis.adventure.loot.ShieldBreakerTest.test(ShieldBreakerTest.java:25) ~[%5B神化%5D%20Apotheosis-1.20.1-7.4.6.jar%23177!/:7.4.6]
	at dev.shadowsoffire.apotheosis.adventure.loot.LootCategory.isValid(LootCategory.java:89) ~[%5B神化%5D%20Apotheosis-1.20.1-7.4.6.jar%23177!/:7.4.6]
	at dev.shadowsoffire.apotheosis.adventure.loot.LootCategory.forItem(LootCategory.java:182) ~[%5B神化%5D%20Apotheosis-1.20.1-7.4.6.jar%23177!/:7.4.6]
	at dev.shadowsoffire.apotheosis.adventure.loot.AffixLootEntry.getType(AffixLootEntry.java:91) ~[%5B神化%5D%20Apotheosis-1.20.1-7.4.6.jar%23177!/:7.4.6]
	at dev.shadowsoffire.apotheosis.adventure.loot.AffixLootRegistry.validateItem(AffixLootRegistry.java:30) ~[%5B神化%5D%20Apotheosis-1.20.1-7.4.6.jar%23177!/:7.4.6]
	at dev.shadowsoffire.apotheosis.adventure.loot.AffixLootRegistry.validateItem(AffixLootRegistry.java:13) ~[%5B神化%5D%20Apotheosis-1.20.1-7.4.6.jar%23177!/:7.4.6]
	at dev.shadowsoffire.placebo.reload.DynamicRegistry.register(DynamicRegistry.java:322) ~[Placebo-1.20.1-8.6.2.jar%23208!/:8.6.2]
	at dev.shadowsoffire.placebo.reload.DynamicRegistry.lambda$apply$0(DynamicRegistry.java:143) ~[Placebo-1.20.1-8.6.2.jar%23208!/:8.6.2]
	at java.util.HashMap.forEach(HashMap.java:1429) ~[?:?]
	at dev.shadowsoffire.placebo.reload.DynamicRegistry.apply(DynamicRegistry.java:136) ~[Placebo-1.20.1-8.6.2.jar%23208!/:8.6.2]
	at dev.shadowsoffire.placebo.reload.DynamicRegistry.m_5787_(DynamicRegistry.java:62) ~[Placebo-1.20.1-8.6.2.jar%23208!/:8.6.2]
	at net.minecraft.server.packs.resources.SimplePreparableReloadListener.m_10789_(SimplePreparableReloadListener.java:13) ~[server-1.20.1-20230612.114412-srg.jar%23215!/:?]
	at java.util.concurrent.CompletableFuture$UniAccept.tryFire(CompletableFuture.java:718) ~[?:?]
	at java.util.concurrent.CompletableFuture$Completion.run(CompletableFuture.java:482) ~[?:?]
	at net.minecraft.server.packs.resources.SimpleReloadInstance.m_143940_(SimpleReloadInstance.java:69) ~[server-1.20.1-20230612.114412-srg.jar%23215!/:?]
	at net.minecraft.Util.m_214652_(Util.java:783) ~[server-1.20.1-20230612.114412-srg.jar%23215!/:?]
	at net.minecraft.Util.m_214679_(Util.java:772) ~[server-1.20.1-20230612.114412-srg.jar%23215!/:?]
	at net.minecraft.server.Main.main(Main.java:166) ~[server-1.20.1-20230612.114412-srg.jar%23215!/:?]
	at jdk.internal.reflect.DirectMethodHandleAccessor.invoke(DirectMethodHandleAccessor.java:103) ~[?:?]
	at java.lang.reflect.Method.invoke(Method.java:580) ~[?:?]
	at net.minecraftforge.fml.loading.targets.CommonLaunchHandler.runTarget(CommonLaunchHandler.java:111) ~[fmlloader-1.20.1-47.3.33.jar%2369!/:?]
	at net.minecraftforge.fml.loading.targets.CommonLaunchHandler.serverService(CommonLaunchHandler.java:103) ~[fmlloader-1.20.1-47.3.33.jar%2369!/:?]
	at net.minecraftforge.fml.loading.targets.CommonServerLaunchHandler.lambda$makeService$0(CommonServerLaunchHandler.java:27) ~[fmlloader-1.20.1-47.3.33.jar%2369!/:?]
	at cpw.mods.modlauncher.LaunchServiceHandlerDecorator.launch(LaunchServiceHandlerDecorator.java:30) ~[modlauncher-10.0.9.jar%2355!/:?]
	at cpw.mods.modlauncher.LaunchServiceHandler.launch(LaunchServiceHandler.java:53) ~[modlauncher-10.0.9.jar%2355!/:?]
	at cpw.mods.modlauncher.LaunchServiceHandler.launch(LaunchServiceHandler.java:71) ~[modlauncher-10.0.9.jar%2355!/:?]
	at cpw.mods.modlauncher.Launcher.run(Launcher.java:108) ~[modlauncher-10.0.9.jar%2355!/:?]
	at cpw.mods.modlauncher.Launcher.main(Launcher.java:78) ~[modlauncher-10.0.9.jar%2355!/:?]
	at cpw.mods.modlauncher.BootstrapLaunchConsumer.accept(BootstrapLaunchConsumer.java:26) ~[modlauncher-10.0.9.jar%2355!/:?]
	at cpw.mods.modlauncher.BootstrapLaunchConsumer.accept(BootstrapLaunchConsumer.java:23) ~[modlauncher-10.0.9.jar%2355!/:?]
	at cpw.mods.bootstraplauncher.BootstrapLauncher.main(BootstrapLauncher.java:141) ~[bootstraplauncher-1.1.2.jar:?]
[034月2025 21:07:53.369] [main/INFO] [Apotheosis : Adventure/]: Registered 67 affix_loot_entries.
[034月2025 21:07:53.386] [main/INFO] [Apotheosis : Adventure/]: Registered 17 bosses.
[034月2025 21:07:53.402] [main/INFO] [Apotheosis : Adventure/]: Registered 8 rogue_spawners.
[034月2025 21:07:53.422] [main/INFO] [Apotheosis : Adventure/]: Registered 5 minibosses.
[034月2025 21:07:53.433] [main/INFO] [Apotheosis : Village/]: Registered 28 wanderer_trades.
[034月2025 21:07:53.441] [main/INFO] [mod.chloeprime.apotheosismodernragnarok.common.gem.framework.GemInjectionRegistry/]: Registered 9 amr_gem_injections.
[034月2025 21:07:57.267] [Forge Version Check/INFO] [net.minecraftforge.fml.VersionChecker/]: [forge] Found status: OUTDATED Current: 47.3.33 Target: 47.4.0
[034月2025 21:07:57.284] [Forge Version Check/INFO] [net.minecraftforge.fml.VersionChecker/]: [puzzleslib] Starting version check at https://raw.githubusercontent.com/Fuzss/modresources/main/update/puzzleslib.json
[034月2025 21:07:57.291] [Forge Version Check/WARN] [net.minecraftforge.fml.VersionChecker/]: Failed to process update information
java.net.ConnectException: null
	at jdk.internal.net.http.HttpClientImpl.send(HttpClientImpl.java:951) ~[java.net.http:?]
	at jdk.internal.net.http.HttpClientFacade.send(HttpClientFacade.java:133) ~[java.net.http:?]
	at net.minecraftforge.fml.VersionChecker$1.openUrlString(VersionChecker.java:142) ~[fmlcore-1.20.1-47.3.33.jar%23216!/:?]
	at net.minecraftforge.fml.VersionChecker$1.process(VersionChecker.java:180) ~[fmlcore-1.20.1-47.3.33.jar%23216!/:?]
	at java.lang.Iterable.forEach(Iterable.java:75) ~[?:?]
	at net.minecraftforge.fml.VersionChecker$1.run(VersionChecker.java:117) ~[fmlcore-1.20.1-47.3.33.jar%23216!/:?]
Caused by: java.net.ConnectException
	at jdk.internal.net.http.common.Utils.toConnectException(Utils.java:1041) ~[java.net.http:?]
	at jdk.internal.net.http.PlainHttpConnection.connectAsync(PlainHttpConnection.java:227) ~[java.net.http:?]
	at jdk.internal.net.http.AsyncSSLConnection.connectAsync(AsyncSSLConnection.java:56) ~[java.net.http:?]
	at jdk.internal.net.http.Http2Connection.createAsync(Http2Connection.java:527) ~[java.net.http:?]
	at jdk.internal.net.http.Http2ClientImpl.getConnectionFor(Http2ClientImpl.java:138) ~[java.net.http:?]
	at jdk.internal.net.http.ExchangeImpl.get(ExchangeImpl.java:94) ~[java.net.http:?]
	at jdk.internal.net.http.Exchange.establishExchange(Exchange.java:391) ~[java.net.http:?]
	at jdk.internal.net.http.Exchange.responseAsyncImpl0(Exchange.java:584) ~[java.net.http:?]
	at jdk.internal.net.http.Exchange.responseAsyncImpl(Exchange.java:428) ~[java.net.http:?]
	at jdk.internal.net.http.Exchange.responseAsync(Exchange.java:420) ~[java.net.http:?]
	at jdk.internal.net.http.MultiExchange.responseAsyncImpl(MultiExchange.java:413) ~[java.net.http:?]
	at jdk.internal.net.http.MultiExchange.lambda$responseAsyncImpl$7(MultiExchange.java:454) ~[java.net.http:?]
	at java.util.concurrent.CompletableFuture.uniHandle(CompletableFuture.java:934) ~[?:?]
	at java.util.concurrent.CompletableFuture.uniHandleStage(CompletableFuture.java:950) ~[?:?]
	at java.util.concurrent.CompletableFuture.handle(CompletableFuture.java:2372) ~[?:?]
	at jdk.internal.net.http.MultiExchange.responseAsyncImpl(MultiExchange.java:444) ~[java.net.http:?]
	at jdk.internal.net.http.MultiExchange.lambda$responseAsync0$2(MultiExchange.java:346) ~[java.net.http:?]
	at java.util.concurrent.CompletableFuture$UniCompose.tryFire(CompletableFuture.java:1150) ~[?:?]
	at java.util.concurrent.CompletableFuture.postComplete(CompletableFuture.java:510) ~[?:?]
	at java.util.concurrent.CompletableFuture$AsyncSupply.run(CompletableFuture.java:1773) ~[?:?]
	at jdk.internal.net.http.HttpClientImpl$DelegatingExecutor.execute(HttpClientImpl.java:177) ~[java.net.http:?]
	at java.util.concurrent.CompletableFuture.completeAsync(CompletableFuture.java:2719) ~[?:?]
	at jdk.internal.net.http.MultiExchange.responseAsync(MultiExchange.java:299) ~[java.net.http:?]
	at jdk.internal.net.http.HttpClientImpl.sendAsync(HttpClientImpl.java:1049) ~[java.net.http:?]
	at jdk.internal.net.http.HttpClientImpl.send(HttpClientImpl.java:930) ~[java.net.http:?]
	... 5 more
Caused by: java.nio.channels.UnresolvedAddressException
	at sun.nio.ch.Net.checkAddress(Net.java:137) ~[?:?]
	at sun.nio.ch.Net.checkAddress(Net.java:145) ~[?:?]
	at sun.nio.ch.SocketChannelImpl.checkRemote(SocketChannelImpl.java:842) ~[?:?]
	at sun.nio.ch.SocketChannelImpl.connect(SocketChannelImpl.java:865) ~[?:?]
	at jdk.internal.net.http.PlainHttpConnection.lambda$connectAsync$1(PlainHttpConnection.java:210) ~[java.net.http:?]
	at java.security.AccessController.doPrivileged(AccessController.java:571) ~[?:?]
	at jdk.internal.net.http.PlainHttpConnection.connectAsync(PlainHttpConnection.java:212) ~[java.net.http:?]
	at jdk.internal.net.http.AsyncSSLConnection.connectAsync(AsyncSSLConnection.java:56) ~[java.net.http:?]
	at jdk.internal.net.http.Http2Connection.createAsync(Http2Connection.java:527) ~[java.net.http:?]
	at jdk.internal.net.http.Http2ClientImpl.getConnectionFor(Http2ClientImpl.java:138) ~[java.net.http:?]
	at jdk.internal.net.http.ExchangeImpl.get(ExchangeImpl.java:94) ~[java.net.http:?]
	at jdk.internal.net.http.Exchange.establishExchange(Exchange.java:391) ~[java.net.http:?]
	at jdk.internal.net.http.Exchange.responseAsyncImpl0(Exchange.java:584) ~[java.net.http:?]
	at jdk.internal.net.http.Exchange.responseAsyncImpl(Exchange.java:428) ~[java.net.http:?]
	at jdk.internal.net.http.Exchange.responseAsync(Exchange.java:420) ~[java.net.http:?]
	at jdk.internal.net.http.MultiExchange.responseAsyncImpl(MultiExchange.java:413) ~[java.net.http:?]
	at jdk.internal.net.http.MultiExchange.lambda$responseAsyncImpl$7(MultiExchange.java:454) ~[java.net.http:?]
	at java.util.concurrent.CompletableFuture.uniHandle(CompletableFuture.java:934) ~[?:?]
	at java.util.concurrent.CompletableFuture.uniHandleStage(CompletableFuture.java:950) ~[?:?]
	at java.util.concurrent.CompletableFuture.handle(CompletableFuture.java:2372) ~[?:?]
	at jdk.internal.net.http.MultiExchange.responseAsyncImpl(MultiExchange.java:444) ~[java.net.http:?]
	at jdk.internal.net.http.MultiExchange.lambda$responseAsync0$2(MultiExchange.java:346) ~[java.net.http:?]
	at java.util.concurrent.CompletableFuture$UniCompose.tryFire(CompletableFuture.java:1150) ~[?:?]
	at java.util.concurrent.CompletableFuture.postComplete(CompletableFuture.java:510) ~[?:?]
	at java.util.concurrent.CompletableFuture$AsyncSupply.run(CompletableFuture.java:1773) ~[?:?]
	at jdk.internal.net.http.HttpClientImpl$DelegatingExecutor.execute(HttpClientImpl.java:177) ~[java.net.http:?]
	at java.util.concurrent.CompletableFuture.completeAsync(CompletableFuture.java:2719) ~[?:?]
	at jdk.internal.net.http.MultiExchange.responseAsync(MultiExchange.java:299) ~[java.net.http:?]
	at jdk.internal.net.http.HttpClientImpl.sendAsync(HttpClientImpl.java:1049) ~[java.net.http:?]
	at jdk.internal.net.http.HttpClientImpl.send(HttpClientImpl.java:930) ~[java.net.http:?]
	... 5 more
[034月2025 21:07:57.314] [Forge Version Check/INFO] [net.minecraftforge.fml.VersionChecker/]: [toms_storage] Starting version check at https://raw.githubusercontent.com/tom5454/Toms-Storage/master/version-check.json
[034月2025 21:07:57.318] [Forge Version Check/WARN] [net.minecraftforge.fml.VersionChecker/]: Failed to process update information
java.net.ConnectException: null
	at jdk.internal.net.http.HttpClientImpl.send(HttpClientImpl.java:951) ~[java.net.http:?]
	at jdk.internal.net.http.HttpClientFacade.send(HttpClientFacade.java:133) ~[java.net.http:?]
	at net.minecraftforge.fml.VersionChecker$1.openUrlString(VersionChecker.java:142) ~[fmlcore-1.20.1-47.3.33.jar%23216!/:?]
	at net.minecraftforge.fml.VersionChecker$1.process(VersionChecker.java:180) ~[fmlcore-1.20.1-47.3.33.jar%23216!/:?]
	at java.lang.Iterable.forEach(Iterable.java:75) ~[?:?]
	at net.minecraftforge.fml.VersionChecker$1.run(VersionChecker.java:117) ~[fmlcore-1.20.1-47.3.33.jar%23216!/:?]
Caused by: java.net.ConnectException
	at jdk.internal.net.http.common.Utils.toConnectException(Utils.java:1041) ~[java.net.http:?]
	at jdk.internal.net.http.PlainHttpConnection.connectAsync(PlainHttpConnection.java:227) ~[java.net.http:?]
	at jdk.internal.net.http.AsyncSSLConnection.connectAsync(AsyncSSLConnection.java:56) ~[java.net.http:?]
	at jdk.internal.net.http.Http2Connection.createAsync(Http2Connection.java:527) ~[java.net.http:?]
	at jdk.internal.net.http.Http2ClientImpl.getConnectionFor(Http2ClientImpl.java:138) ~[java.net.http:?]
	at jdk.internal.net.http.ExchangeImpl.get(ExchangeImpl.java:94) ~[java.net.http:?]
	at jdk.internal.net.http.Exchange.establishExchange(Exchange.java:391) ~[java.net.http:?]
	at jdk.internal.net.http.Exchange.responseAsyncImpl0(Exchange.java:584) ~[java.net.http:?]
	at jdk.internal.net.http.Exchange.responseAsyncImpl(Exchange.java:428) ~[java.net.http:?]
	at jdk.internal.net.http.Exchange.responseAsync(Exchange.java:420) ~[java.net.http:?]
	at jdk.internal.net.http.MultiExchange.responseAsyncImpl(MultiExchange.java:413) ~[java.net.http:?]
	at jdk.internal.net.http.MultiExchange.lambda$responseAsyncImpl$7(MultiExchange.java:454) ~[java.net.http:?]
	at java.util.concurrent.CompletableFuture.uniHandle(CompletableFuture.java:934) ~[?:?]
	at java.util.concurrent.CompletableFuture.uniHandleStage(CompletableFuture.java:950) ~[?:?]
	at java.util.concurrent.CompletableFuture.handle(CompletableFuture.java:2372) ~[?:?]
	at jdk.internal.net.http.MultiExchange.responseAsyncImpl(MultiExchange.java:444) ~[java.net.http:?]
	at jdk.internal.net.http.MultiExchange.lambda$responseAsync0$2(MultiExchange.java:346) ~[java.net.http:?]
	at java.util.concurrent.CompletableFuture$UniCompose.tryFire(CompletableFuture.java:1150) ~[?:?]
	at java.util.concurrent.CompletableFuture.postComplete(CompletableFuture.java:510) ~[?:?]
	at java.util.concurrent.CompletableFuture$AsyncSupply.run(CompletableFuture.java:1773) ~[?:?]
	at jdk.internal.net.http.HttpClientImpl$DelegatingExecutor.execute(HttpClientImpl.java:177) ~[java.net.http:?]
	at java.util.concurrent.CompletableFuture.completeAsync(CompletableFuture.java:2719) ~[?:?]
	at jdk.internal.net.http.MultiExchange.responseAsync(MultiExchange.java:299) ~[java.net.http:?]
	at jdk.internal.net.http.HttpClientImpl.sendAsync(HttpClientImpl.java:1049) ~[java.net.http:?]
	at jdk.internal.net.http.HttpClientImpl.send(HttpClientImpl.java:930) ~[java.net.http:?]
	... 5 more
Caused by: java.nio.channels.UnresolvedAddressException
	at sun.nio.ch.Net.checkAddress(Net.java:137) ~[?:?]
	at sun.nio.ch.Net.checkAddress(Net.java:145) ~[?:?]
	at sun.nio.ch.SocketChannelImpl.checkRemote(SocketChannelImpl.java:842) ~[?:?]
	at sun.nio.ch.SocketChannelImpl.connect(SocketChannelImpl.java:865) ~[?:?]
	at jdk.internal.net.http.PlainHttpConnection.lambda$connectAsync$1(PlainHttpConnection.java:210) ~[java.net.http:?]
	at java.security.AccessController.doPrivileged(AccessController.java:571) ~[?:?]
	at jdk.internal.net.http.PlainHttpConnection.connectAsync(PlainHttpConnection.java:212) ~[java.net.http:?]
	at jdk.internal.net.http.AsyncSSLConnection.connectAsync(AsyncSSLConnection.java:56) ~[java.net.http:?]
	at jdk.internal.net.http.Http2Connection.createAsync(Http2Connection.java:527) ~[java.net.http:?]
	at jdk.internal.net.http.Http2ClientImpl.getConnectionFor(Http2ClientImpl.java:138) ~[java.net.http:?]
	at jdk.internal.net.http.ExchangeImpl.get(ExchangeImpl.java:94) ~[java.net.http:?]
	at jdk.internal.net.http.Exchange.establishExchange(Exchange.java:391) ~[java.net.http:?]
	at jdk.internal.net.http.Exchange.responseAsyncImpl0(Exchange.java:584) ~[java.net.http:?]
	at jdk.internal.net.http.Exchange.responseAsyncImpl(Exchange.java:428) ~[java.net.http:?]
	at jdk.internal.net.http.Exchange.responseAsync(Exchange.java:420) ~[java.net.http:?]
	at jdk.internal.net.http.MultiExchange.responseAsyncImpl(MultiExchange.java:413) ~[java.net.http:?]
	at jdk.internal.net.http.MultiExchange.lambda$responseAsyncImpl$7(MultiExchange.java:454) ~[java.net.http:?]
	at java.util.concurrent.CompletableFuture.uniHandle(CompletableFuture.java:934) ~[?:?]
	at java.util.concurrent.CompletableFuture.uniHandleStage(CompletableFuture.java:950) ~[?:?]
	at java.util.concurrent.CompletableFuture.handle(CompletableFuture.java:2372) ~[?:?]
	at jdk.internal.net.http.MultiExchange.responseAsyncImpl(MultiExchange.java:444) ~[java.net.http:?]
	at jdk.internal.net.http.MultiExchange.lambda$responseAsync0$2(MultiExchange.java:346) ~[java.net.http:?]
	at java.util.concurrent.CompletableFuture$UniCompose.tryFire(CompletableFuture.java:1150) ~[?:?]
	at java.util.concurrent.CompletableFuture.postComplete(CompletableFuture.java:510) ~[?:?]
	at java.util.concurrent.CompletableFuture$AsyncSupply.run(CompletableFuture.java:1773) ~[?:?]
	at jdk.internal.net.http.HttpClientImpl$DelegatingExecutor.execute(HttpClientImpl.java:177) ~[java.net.http:?]
	at java.util.concurrent.CompletableFuture.completeAsync(CompletableFuture.java:2719) ~[?:?]
	at jdk.internal.net.http.MultiExchange.responseAsync(MultiExchange.java:299) ~[java.net.http:?]
	at jdk.internal.net.http.HttpClientImpl.sendAsync(HttpClientImpl.java:1049) ~[java.net.http:?]
	at jdk.internal.net.http.HttpClientImpl.send(HttpClientImpl.java:930) ~[java.net.http:?]
	... 5 more
[034月2025 21:08:00.751] [Server thread/INFO] [net.minecraft.server.dedicated.DedicatedServer/]: Starting minecraft server version 1.20.1
[034月2025 21:08:00.752] [Server thread/INFO] [net.minecraft.server.dedicated.DedicatedServer/]: Loading properties
[034月2025 21:08:00.756] [Server thread/INFO] [net.minecraft.server.dedicated.DedicatedServer/]: Default game type: SURVIVAL
[034月2025 21:08:00.759] [Server thread/INFO] [net.minecraft.server.MinecraftServer/]: Generating keypair
[034月2025 21:08:00.969] [Server thread/INFO] [net.minecraft.server.dedicated.DedicatedServer/]: Starting Minecraft server on 127.0.0.1:25565
[034月2025 21:08:01.026] [Server thread/INFO] [net.minecraft.server.network.ServerConnectionListener/]: Using default channel type
[034月2025 21:08:01.403] [Server thread/WARN] [net.minecraft.server.dedicated.DedicatedServer/]: **** SERVER IS RUNNING IN OFFLINE/INSECURE MODE!
[034月2025 21:08:01.406] [Server thread/WARN] [net.minecraft.server.dedicated.DedicatedServer/]: The server will make no attempt to authenticate usernames. Beware.
[034月2025 21:08:01.410] [Server thread/WARN] [net.minecraft.server.dedicated.DedicatedServer/]: While this makes the game possible to play without internet access, it also opens up the ability for hackers to connect with any username they choose.
[034月2025 21:08:01.413] [Server thread/WARN] [net.minecraft.server.dedicated.DedicatedServer/]: To change this, set "online-mode" to "true" in the server.properties file.
[034月2025 21:08:01.496] [Server thread/INFO] [journeymap/]: Loading JourneyMap Forge Configs
[034月2025 21:08:01.529] [Server thread/INFO] [Puzzles Lib/]: Loading server config for mutantmonsters
[034月2025 21:08:01.583] [Server thread/INFO] [com.tom.storagemod.StorageMod/]: Loaded Tom's Simple Storage config file toms_storage-server.toml
[034月2025 21:08:01.609] [Thread-3/INFO] [com.tom.storagemod.StorageMod/]: Tom's Simple Storage config just got changed on the file system!
[034月2025 21:08:01.832] [Server thread/INFO] [net.minecraftforge.coremod.CoreMod.apotheosis/COREMODLOG]: Replaced 1 calls to Enchantment#getMaxLevel() in net/minecraft/world/entity/npc/VillagerTrades$EnchantBookForEmeralds
[034月2025 21:08:01.834] [Server thread/INFO] [net.minecraftforge.coremod.CoreMod.apotheosis/COREMODLOG]: Replaced 1 calls to Enchantment#isTreasureOnly() in net/minecraft/world/entity/npc/VillagerTrades$EnchantBookForEmeralds
[034月2025 21:08:01.837] [Server thread/INFO] [net.minecraftforge.coremod.CoreMod.apotheosis/COREMODLOG]: Replaced 1 calls to Enchantment#isTradeable() in net/minecraft/world/entity/npc/VillagerTrades$EnchantBookForEmeralds
[034月2025 21:08:01.890] [Server thread/INFO] [citadel/]: Added to village structure pool
[034月2025 21:08:01.901] [Server thread/INFO] [citadel/]: Added to village structure pool
[034月2025 21:08:01.908] [Server thread/INFO] [citadel/]: Added to village structure pool
[034月2025 21:08:01.924] [Server thread/INFO] [citadel/]: Added to village structure pool
[034月2025 21:08:01.956] [Server thread/INFO] [citadel/]: Added to village structure pool
[034月2025 21:08:01.982] [Server thread/INFO] [net.minecraft.server.dedicated.DedicatedServer/]: Preparing level "world"
[034月2025 21:08:02.791] [Server thread/INFO] [corgitaco.enhancedcelestials.EnhancedCelestials/]: Possible lunar events for dimension "minecraft:overworld" are [enhancedcelestials:super_blue_moon, enhancedcelestials:super_harvest_moon, enhancedcelestials:harvest_moon, enhancedcelestials:blood_moon, enhancedcelestials:super_moon, enhancedcelestials:blue_moon, enhancedcelestials:super_blood_moon].
[034月2025 21:08:08.178] [Server thread/INFO] [net.minecraft.server.MinecraftServer/]: Preparing start region for dimension minecraft:overworld
[034月2025 21:08:13.018] [Worker-Main-6/INFO] [net.minecraft.server.level.progress.LoggerChunkProgressListener/]: Preparing spawn area: 0%
[034月2025 21:08:13.066] [Worker-Main-6/INFO] [net.minecraft.server.level.progress.LoggerChunkProgressListener/]: Preparing spawn area: 0%
[034月2025 21:08:13.084] [Worker-Main-6/INFO] [net.minecraft.server.level.progress.LoggerChunkProgressListener/]: Preparing spawn area: 0%
[034月2025 21:08:13.144] [Worker-Main-2/INFO] [net.minecraft.server.level.progress.LoggerChunkProgressListener/]: Preparing spawn area: 0%
[034月2025 21:08:13.178] [Worker-Main-1/INFO] [net.minecraft.server.level.progress.LoggerChunkProgressListener/]: Preparing spawn area: 0%
[034月2025 21:08:13.223] [Worker-Main-5/INFO] [net.minecraft.server.level.progress.LoggerChunkProgressListener/]: Preparing spawn area: 0%
[034月2025 21:08:13.238] [Worker-Main-5/INFO] [net.minecraft.server.level.progress.LoggerChunkProgressListener/]: Preparing spawn area: 0%
[034月2025 21:08:13.239] [Worker-Main-5/INFO] [net.minecraft.server.level.progress.LoggerChunkProgressListener/]: Preparing spawn area: 0%
[034月2025 21:08:13.253] [Worker-Main-7/INFO] [net.minecraft.server.level.progress.LoggerChunkProgressListener/]: Preparing spawn area: 0%
[034月2025 21:08:13.265] [Worker-Main-5/INFO] [net.minecraft.server.level.progress.LoggerChunkProgressListener/]: Preparing spawn area: 0%
[034月2025 21:08:13.292] [Worker-Main-1/INFO] [net.minecraft.server.level.progress.LoggerChunkProgressListener/]: Preparing spawn area: 0%
[034月2025 21:08:13.682] [Worker-Main-1/INFO] [net.minecraft.server.level.progress.LoggerChunkProgressListener/]: Preparing spawn area: 0%
[034月2025 21:08:14.186] [Worker-Main-3/INFO] [net.minecraft.server.level.progress.LoggerChunkProgressListener/]: Preparing spawn area: 0%
[034月2025 21:08:14.684] [Worker-Main-2/INFO] [net.minecraft.server.level.progress.LoggerChunkProgressListener/]: Preparing spawn area: 0%
[034月2025 21:08:15.193] [Worker-Main-1/INFO] [net.minecraft.server.level.progress.LoggerChunkProgressListener/]: Preparing spawn area: 0%
[034月2025 21:08:15.682] [Worker-Main-7/INFO] [net.minecraft.server.level.progress.LoggerChunkProgressListener/]: Preparing spawn area: 0%
[034月2025 21:08:16.183] [Worker-Main-6/INFO] [net.minecraft.server.level.progress.LoggerChunkProgressListener/]: Preparing spawn area: 1%
[034月2025 21:08:16.681] [Worker-Main-4/INFO] [net.minecraft.server.level.progress.LoggerChunkProgressListener/]: Preparing spawn area: 12%
[034月2025 21:08:17.184] [Worker-Main-2/INFO] [net.minecraft.server.level.progress.LoggerChunkProgressListener/]: Preparing spawn area: 56%
[034月2025 21:08:17.690] [Server thread/INFO] [net.minecraft.server.level.progress.LoggerChunkProgressListener/]: Time elapsed: 9509 ms
[034月2025 21:08:17.700] [Server thread/INFO] [net.minecraft.server.dedicated.DedicatedServer/]: Done (16.240s)! For help, type "help"
[034月2025 21:08:17.818] [Server thread/INFO] [net.minecraftforge.server.permission.PermissionAPI/]: Successfully initialized permission handler forge:default_handler
[034月2025 21:08:18.064] [Server thread/INFO] [atomicstryker.infernalmobs.common.InfernalMobsCore/]: item config parser finished, item count: 14
[034月2025 21:08:18.103] [Server thread/INFO] [atomicstryker.infernalmobs.common.InfernalMobsCore/]: item config parser finished, item count: 17
[034月2025 21:08:18.123] [Server thread/INFO] [atomicstryker.infernalmobs.common.InfernalMobsCore/]: item config parser finished, item count: 16
[034月2025 21:08:18.136] [Server thread/INFO] [atomicstryker.infernalmobs.common.InfernalMobsCore/]: InfernalMobsCore commonSetup completed! Modifiers ready: 27
[034月2025 21:08:18.145] [Server thread/INFO] [atomicstryker.infernalmobs.common.InfernalMobsCore/]: InfernalMobsCore commonSetup completed! config file at: E:\16MCserver\16MC-forge\.\config\infernalmobs.cfg
[034月2025 21:08:18.157] [Server thread/INFO] [patchouli/]: Sending reload packet to clients
[034月2025 21:14:00.061] [Server thread/WARN] [net.minecraft.network.syncher.SynchedEntityData/]: defineId called for: class net.minecraft.world.entity.player.Player from class tschipp.carryon.common.carry.CarryOnDataManager
[034月2025 21:14:00.175] [Server thread/ERROR] [net.minecraft.stats.ServerRecipeBook/]: Tried to load unrecognized recipe: apotheosis:potion_charm_enchanting removed now.
[034月2025 21:14:00.180] [Server thread/ERROR] [net.minecraft.stats.ServerRecipeBook/]: Tried to load unrecognized recipe: apotheosis:potion_charm_enchanting removed now.
[034月2025 21:14:00.185] [Server thread/INFO] [net.minecraft.server.players.PlayerList/]: wo8suei[/127.0.0.1:60621] logged in with entity id 123 at (95.16799731196839, 108.0, -15.569622012655161)
[034月2025 21:14:00.515] [Server thread/INFO] [net.minecraft.server.MinecraftServer/]: wo8suei joined the game
[034月2025 21:14:00.933] [Server thread/INFO] [Jade/]: Syncing config to wo8suei (d7e9d751-3c59-38e5-a52f-93b4ded50606)
[034月2025 21:14:01.150] [Quark Contributor Loading Thread/ERROR] [quark/]: Failed to load patreon information
java.net.UnknownHostException: raw.githubusercontent.com
	at sun.nio.ch.NioSocketImpl.connect(NioSocketImpl.java:567) ~[?:?]
	at java.net.SocksSocketImpl.connect(SocksSocketImpl.java:327) ~[?:?]
	at java.net.Socket.connect(Socket.java:751) ~[?:?]
	at sun.security.ssl.SSLSocketImpl.connect(SSLSocketImpl.java:304) ~[?:?]
	at sun.net.NetworkClient.doConnect(NetworkClient.java:178) ~[?:?]
	at sun.net.www.http.HttpClient.openServer(HttpClient.java:531) ~[?:?]
	at sun.net.www.http.HttpClient.openServer(HttpClient.java:636) ~[?:?]
	at sun.net.www.protocol.https.HttpsClient.<init>(HttpsClient.java:264) ~[?:?]
	at sun.net.www.protocol.https.HttpsClient.New(HttpsClient.java:377) ~[?:?]
	at sun.net.www.protocol.https.AbstractDelegateHttpsURLConnection.getNewHttpClient(AbstractDelegateHttpsURLConnection.java:193) ~[?:?]
	at sun.net.www.protocol.http.HttpURLConnection.plainConnect0(HttpURLConnection.java:1252) ~[?:?]
	at sun.net.www.protocol.http.HttpURLConnection.plainConnect(HttpURLConnection.java:1138) ~[?:?]
	at sun.net.www.protocol.https.AbstractDelegateHttpsURLConnection.connect(AbstractDelegateHttpsURLConnection.java:179) ~[?:?]
	at sun.net.www.protocol.http.HttpURLConnection.getInputStream0(HttpURLConnection.java:1690) ~[?:?]
	at sun.net.www.protocol.http.HttpURLConnection.getInputStream(HttpURLConnection.java:1614) ~[?:?]
	at sun.net.www.protocol.https.HttpsURLConnectionImpl.getInputStream(HttpsURLConnectionImpl.java:223) ~[?:?]
	at org.violetmoon.quark.base.handler.ContributorRewardHandler$ThreadContributorListLoader.run(ContributorRewardHandler.java:111) ~[%5B夸克%5D%20Quark-4.0-460.jar%23162!/:?]
[034月2025 21:14:02.094] [Server thread/INFO] [com.alrex.parcool.ParCool/]: Limitation of d7e9d751-3c59-38e5-a52f-93b4ded50606 was loaded
[034月2025 21:14:30.308] [Server thread/INFO] [net.minecraft.server.network.ServerGamePacketListenerImpl/]: wo8suei lost connection: Timed out
[034月2025 21:14:30.309] [Server thread/INFO] [net.minecraft.server.MinecraftServer/]: wo8suei left the game
[034月2025 21:14:30.312] [Server thread/INFO] [com.alrex.parcool.ParCool/]: Limitation of d7e9d751-3c59-38e5-a52f-93b4ded50606 was unloaded
[034月2025 21:15:21.467] [Server thread/ERROR] [net.minecraft.stats.ServerRecipeBook/]: Tried to load unrecognized recipe: apotheosis:potion_charm_enchanting removed now.
[034月2025 21:15:21.471] [Server thread/ERROR] [net.minecraft.stats.ServerRecipeBook/]: Tried to load unrecognized recipe: apotheosis:potion_charm_enchanting removed now.
[034月2025 21:15:21.473] [Server thread/INFO] [net.minecraft.server.players.PlayerList/]: wo8suei[/127.0.0.1:60705] logged in with entity id 259 at (95.16799731196839, 108.0, -15.569622012655161)
[034月2025 21:15:21.547] [Server thread/INFO] [net.minecraft.server.MinecraftServer/]: wo8suei joined the game
[034月2025 21:15:21.683] [Server thread/INFO] [Jade/]: Syncing config to wo8suei (d7e9d751-3c59-38e5-a52f-93b4ded50606)
[034月2025 21:15:21.687] [Quark Contributor Loading Thread/ERROR] [quark/]: Failed to load patreon information
java.net.UnknownHostException: raw.githubusercontent.com
	at sun.nio.ch.NioSocketImpl.connect(NioSocketImpl.java:567) ~[?:?]
	at java.net.SocksSocketImpl.connect(SocksSocketImpl.java:327) ~[?:?]
	at java.net.Socket.connect(Socket.java:751) ~[?:?]
	at sun.security.ssl.SSLSocketImpl.connect(SSLSocketImpl.java:304) ~[?:?]
	at sun.net.NetworkClient.doConnect(NetworkClient.java:178) ~[?:?]
	at sun.net.www.http.HttpClient.openServer(HttpClient.java:531) ~[?:?]
	at sun.net.www.http.HttpClient.openServer(HttpClient.java:636) ~[?:?]
	at sun.net.www.protocol.https.HttpsClient.<init>(HttpsClient.java:264) ~[?:?]
	at sun.net.www.protocol.https.HttpsClient.New(HttpsClient.java:377) ~[?:?]
	at sun.net.www.protocol.https.AbstractDelegateHttpsURLConnection.getNewHttpClient(AbstractDelegateHttpsURLConnection.java:193) ~[?:?]
	at sun.net.www.protocol.http.HttpURLConnection.plainConnect0(HttpURLConnection.java:1252) ~[?:?]
	at sun.net.www.protocol.http.HttpURLConnection.plainConnect(HttpURLConnection.java:1138) ~[?:?]
	at sun.net.www.protocol.https.AbstractDelegateHttpsURLConnection.connect(AbstractDelegateHttpsURLConnection.java:179) ~[?:?]
	at sun.net.www.protocol.http.HttpURLConnection.getInputStream0(HttpURLConnection.java:1690) ~[?:?]
	at sun.net.www.protocol.http.HttpURLConnection.getInputStream(HttpURLConnection.java:1614) ~[?:?]
	at sun.net.www.protocol.https.HttpsURLConnectionImpl.getInputStream(HttpsURLConnectionImpl.java:223) ~[?:?]
	at org.violetmoon.quark.base.handler.ContributorRewardHandler$ThreadContributorListLoader.run(ContributorRewardHandler.java:111) ~[%5B夸克%5D%20Quark-4.0-460.jar%23162!/:?]
[034月2025 21:15:21.825] [Server thread/INFO] [com.alrex.parcool.ParCool/]: Limitation of d7e9d751-3c59-38e5-a52f-93b4ded50606 was loaded
[034月2025 21:16:11.014] [Server thread/INFO] [net.minecraft.server.MinecraftServer/]: wo8suei has completed the challenge [Cover Me in Debris]
[034月2025 21:16:45.267] [Server thread/ERROR] [Apotheosis : Adventure/]: Failed to execute LootRule minecraft:netherite_helmet/apotheosis:mythic/ABILITY/0.3!
[034月2025 21:16:45.270] [Server thread/ERROR] [Apotheosis : Adventure/]: Failed to execute LootRule minecraft:netherite_helmet/apotheosis:mythic/ABILITY/0.3!
[034月2025 21:16:54.960] [Server thread/ERROR] [Apotheosis : Adventure/]: Failed to execute LootRule minecraft:netherite_helmet/apotheosis:mythic/ABILITY/0.3!
[034月2025 21:16:54.963] [Server thread/ERROR] [Apotheosis : Adventure/]: Failed to execute LootRule minecraft:netherite_helmet/apotheosis:mythic/ABILITY/0.3!
[034月2025 21:17:01.961] [Server thread/ERROR] [Apotheosis : Adventure/]: Failed to execute LootRule minecraft:netherite_helmet/apotheosis:mythic/ABILITY/0.3!
[034月2025 21:17:01.963] [Server thread/ERROR] [Apotheosis : Adventure/]: Failed to execute LootRule minecraft:netherite_helmet/apotheosis:mythic/ABILITY/0.3!
[034月2025 21:18:59.668] [Server thread/ERROR] [Apotheosis : Adventure/]: Failed to execute LootRule minecraft:netherite_boots/apotheosis:mythic/ABILITY/0.3!
[034月2025 21:18:59.670] [Server thread/ERROR] [Apotheosis : Adventure/]: Failed to execute LootRule minecraft:netherite_boots/apotheosis:mythic/ABILITY/0.3!
[034月2025 21:19:03.885] [Server thread/ERROR] [Apotheosis : Adventure/]: Failed to execute LootRule minecraft:netherite_boots/apotheosis:mythic/ABILITY/0.3!
[034月2025 21:19:03.886] [Server thread/ERROR] [Apotheosis : Adventure/]: Failed to execute LootRule minecraft:netherite_boots/apotheosis:mythic/ABILITY/0.3!
[034月2025 21:19:03.888] [Server thread/ERROR] [Apotheosis : Adventure/]: Failed to execute LootRule minecraft:netherite_boots/apotheosis:mythic/ABILITY/0.3!
[034月2025 21:19:03.889] [Server thread/ERROR] [Apotheosis : Adventure/]: Failed to execute LootRule minecraft:netherite_boots/apotheosis:mythic/ABILITY/0.3!
[034月2025 21:19:05.017] [Server thread/ERROR] [Apotheosis : Adventure/]: Failed to execute LootRule minecraft:netherite_boots/apotheosis:mythic/ABILITY/0.3!
[034月2025 21:19:05.019] [Server thread/ERROR] [Apotheosis : Adventure/]: Failed to execute LootRule minecraft:netherite_boots/apotheosis:mythic/ABILITY/0.3!
[034月2025 21:21:19.439] [Server thread/INFO] [nettal.secureexplosion.SecureExplosion/]: [SecureExplosion]:Exploder:[EntityKineticBullet['entity.tacz.bullet'/1293, l='ServerLevel[world]', x=98.92, y=104.57, z=-9.05]] CanonicalName:[com.tacz.guns.entity.EntityKineticBullet] DirectSourceEntity:[EntityKineticBullet['entity.tacz.bullet'/1293, l='ServerLevel[world]', x=98.92, y=104.57, z=-9.05]]
[034月2025 21:25:37.952] [Server thread/INFO] [net.minecraft.server.MinecraftServer/]: wo8suei has made the advancement [The End?]
[034月2025 21:25:38.936] [Server thread/WARN] [net.minecraft.server.network.ServerGamePacketListenerImpl/]: wo8suei moved too quickly! 31.03834473230698,-53.69816520268165,-31.897972372896156
[034月2025 21:26:11.262] [Server thread/INFO] [nettal.secureexplosion.SecureExplosion/]: [SecureExplosion]:Can not get Exploder,Exploder is null
[034月2025 21:26:13.238] [Server thread/INFO] [nettal.secureexplosion.SecureExplosion/]: [SecureExplosion]:Can not get Exploder,Exploder is null
[034月2025 21:26:15.218] [Server thread/INFO] [nettal.secureexplosion.SecureExplosion/]: [SecureExplosion]:Can not get Exploder,Exploder is null
[034月2025 21:26:17.215] [Server thread/INFO] [nettal.secureexplosion.SecureExplosion/]: [SecureExplosion]:Can not get Exploder,Exploder is null
[034月2025 21:26:19.219] [Server thread/INFO] [nettal.secureexplosion.SecureExplosion/]: [SecureExplosion]:Can not get Exploder,Exploder is null
[034月2025 21:26:21.215] [Server thread/INFO] [nettal.secureexplosion.SecureExplosion/]: [SecureExplosion]:Can not get Exploder,Exploder is null
[034月2025 21:26:23.213] [Server thread/INFO] [nettal.secureexplosion.SecureExplosion/]: [SecureExplosion]:Can not get Exploder,Exploder is null
[034月2025 21:26:25.211] [Server thread/INFO] [nettal.secureexplosion.SecureExplosion/]: [SecureExplosion]:Can not get Exploder,Exploder is null
[034月2025 21:26:27.212] [Server thread/INFO] [nettal.secureexplosion.SecureExplosion/]: [SecureExplosion]:Can not get Exploder,Exploder is null
[034月2025 21:26:29.209] [Server thread/INFO] [nettal.secureexplosion.SecureExplosion/]: [SecureExplosion]:Can not get Exploder,Exploder is null
[034月2025 21:26:34.326] [Server thread/INFO] [net.minecraft.server.MinecraftServer/]: wo8suei has reached the goal [The End... Again...]
[034月2025 21:26:34.352] [Server thread/INFO] [nettal.secureexplosion.SecureExplosion/]: [SecureExplosion]:Exploder:[EndCrystal['End Crystal'/2331, l='ServerLevel[world]', x=0.50, y=61.00, z=-2.50]] CanonicalName:[net.minecraft.world.entity.boss.enderdragon.EndCrystal] DirectSourceEntity:[EndCrystal['End Crystal'/2331, l='ServerLevel[world]', x=0.50, y=61.00, z=-2.50]]
[034月2025 21:26:34.374] [Server thread/INFO] [nettal.secureexplosion.SecureExplosion/]: [SecureExplosion]:Exploder:[EndCrystal['End Crystal'/2332, l='ServerLevel[world]', x=3.50, y=61.00, z=0.50, removed=KILLED]] CanonicalName:[net.minecraft.world.entity.boss.enderdragon.EndCrystal] DirectSourceEntity:[EndCrystal['End Crystal'/2332, l='ServerLevel[world]', x=3.50, y=61.00, z=0.50, removed=KILLED]]
[034月2025 21:26:34.393] [Server thread/INFO] [nettal.secureexplosion.SecureExplosion/]: [SecureExplosion]:Exploder:[EndCrystal['End Crystal'/2329, l='ServerLevel[world]', x=0.50, y=61.00, z=3.50, removed=KILLED]] CanonicalName:[net.minecraft.world.entity.boss.enderdragon.EndCrystal] DirectSourceEntity:[EndCrystal['End Crystal'/2329, l='ServerLevel[world]', x=0.50, y=61.00, z=3.50, removed=KILLED]]
[034月2025 21:26:34.406] [Server thread/INFO] [nettal.secureexplosion.SecureExplosion/]: [SecureExplosion]:Exploder:[EndCrystal['End Crystal'/2330, l='ServerLevel[world]', x=-2.50, y=61.00, z=0.50, removed=KILLED]] CanonicalName:[net.minecraft.world.entity.boss.enderdragon.EndCrystal] DirectSourceEntity:[EndCrystal['End Crystal'/2330, l='ServerLevel[world]', x=-2.50, y=61.00, z=0.50, removed=KILLED]]
[034月2025 21:26:41.508] [Server thread/INFO] [net.minecraft.server.MinecraftServer/]: wo8suei has made the advancement [Take Aim]
[034月2025 21:26:46.619] [Server thread/INFO] [nettal.secureexplosion.SecureExplosion/]: [SecureExplosion]:Exploder:[EndCrystal['End Crystal'/2349, l='ServerLevel[world]', x=-33.50, y=104.00, z=24.50, removed=KILLED]] CanonicalName:[net.minecraft.world.entity.boss.enderdragon.EndCrystal] DirectSourceEntity:[EndCrystal['End Crystal'/2349, l='ServerLevel[world]', x=-33.50, y=104.00, z=24.50, removed=KILLED]]
[034月2025 21:26:49.226] [Server thread/INFO] [nettal.secureexplosion.SecureExplosion/]: [SecureExplosion]:Exploder:[EndCrystal['End Crystal'/2353, l='ServerLevel[world]', x=-41.50, y=92.00, z=-0.50, removed=KILLED]] CanonicalName:[net.minecraft.world.entity.boss.enderdragon.EndCrystal] DirectSourceEntity:[EndCrystal['End Crystal'/2353, l='ServerLevel[world]', x=-41.50, y=92.00, z=-0.50, removed=KILLED]]
[034月2025 21:26:51.628] [Server thread/INFO] [nettal.secureexplosion.SecureExplosion/]: [SecureExplosion]:Exploder:[EndCrystal['End Crystal'/2354, l='ServerLevel[world]', x=-33.50, y=86.00, z=-24.50, removed=KILLED]] CanonicalName:[net.minecraft.world.entity.boss.enderdragon.EndCrystal] DirectSourceEntity:[EndCrystal['End Crystal'/2354, l='ServerLevel[world]', x=-33.50, y=86.00, z=-24.50, removed=KILLED]]
[034月2025 21:26:54.260] [Server thread/INFO] [nettal.secureexplosion.SecureExplosion/]: [SecureExplosion]:Exploder:[EndCrystal['End Crystal'/2360, l='ServerLevel[world]', x=-12.50, y=77.00, z=-39.50, removed=KILLED]] CanonicalName:[net.minecraft.world.entity.boss.enderdragon.EndCrystal] DirectSourceEntity:[EndCrystal['End Crystal'/2360, l='ServerLevel[world]', x=-12.50, y=77.00, z=-39.50, removed=KILLED]]
[034月2025 21:26:56.675] [Server thread/INFO] [nettal.secureexplosion.SecureExplosion/]: [SecureExplosion]:Exploder:[EndCrystal['End Crystal'/2362, l='ServerLevel[world]', x=12.50, y=83.00, z=-39.50, removed=KILLED]] CanonicalName:[net.minecraft.world.entity.boss.enderdragon.EndCrystal] DirectSourceEntity:[EndCrystal['End Crystal'/2362, l='ServerLevel[world]', x=12.50, y=83.00, z=-39.50, removed=KILLED]]
[034月2025 21:27:00.329] [Server thread/INFO] [nettal.secureexplosion.SecureExplosion/]: [SecureExplosion]:Exploder:[EndCrystal['End Crystal'/2363, l='ServerLevel[world]', x=33.50, y=101.00, z=-24.50, removed=KILLED]] CanonicalName:[net.minecraft.world.entity.boss.enderdragon.EndCrystal] DirectSourceEntity:[EndCrystal['End Crystal'/2363, l='ServerLevel[world]', x=33.50, y=101.00, z=-24.50, removed=KILLED]]
[034月2025 21:27:04.024] [Server thread/INFO] [nettal.secureexplosion.SecureExplosion/]: [SecureExplosion]:Exploder:[EndCrystal['End Crystal'/2334, l='ServerLevel[world]', x=42.50, y=80.00, z=0.50, removed=KILLED]] CanonicalName:[net.minecraft.world.entity.boss.enderdragon.EndCrystal] DirectSourceEntity:[EndCrystal['End Crystal'/2334, l='ServerLevel[world]', x=42.50, y=80.00, z=0.50, removed=KILLED]]
[034月2025 21:27:06.926] [Server thread/INFO] [nettal.secureexplosion.SecureExplosion/]: [SecureExplosion]:Exploder:[EndCrystal['End Crystal'/2336, l='ServerLevel[world]', x=33.50, y=95.00, z=24.50, removed=KILLED]] CanonicalName:[net.minecraft.world.entity.boss.enderdragon.EndCrystal] DirectSourceEntity:[EndCrystal['End Crystal'/2336, l='ServerLevel[world]', x=33.50, y=95.00, z=24.50, removed=KILLED]]
[034月2025 21:27:09.674] [Server thread/INFO] [nettal.secureexplosion.SecureExplosion/]: [SecureExplosion]:Exploder:[EndCrystal['End Crystal'/2341, l='ServerLevel[world]', x=12.50, y=89.00, z=39.50, removed=KILLED]] CanonicalName:[net.minecraft.world.entity.boss.enderdragon.EndCrystal] DirectSourceEntity:[EndCrystal['End Crystal'/2341, l='ServerLevel[world]', x=12.50, y=89.00, z=39.50, removed=KILLED]]
[034月2025 21:27:12.026] [Server thread/INFO] [nettal.secureexplosion.SecureExplosion/]: [SecureExplosion]:Exploder:[EndCrystal['End Crystal'/2348, l='ServerLevel[world]', x=-12.50, y=98.00, z=39.50, removed=KILLED]] CanonicalName:[net.minecraft.world.entity.boss.enderdragon.EndCrystal] DirectSourceEntity:[EndCrystal['End Crystal'/2348, l='ServerLevel[world]', x=-12.50, y=98.00, z=39.50, removed=KILLED]]
[034月2025 21:27:16.620] [Server thread/INFO] [nettal.secureexplosion.SecureExplosion/]: [SecureExplosion]:Exploder:[EntityKineticBullet['entity.tacz.bullet'/2452, l='ServerLevel[world]', x=19.59, y=90.29, z=-7.38]] CanonicalName:[com.tacz.guns.entity.EntityKineticBullet] DirectSourceEntity:[EntityKineticBullet['entity.tacz.bullet'/2452, l='ServerLevel[world]', x=19.59, y=90.29, z=-7.38]]
[034月2025 21:27:51.359] [Server thread/INFO] [net.minecraft.server.MinecraftServer/]: wo8suei has made the advancement [Free the End]
[034月2025 21:31:56.887] [Server thread/WARN] [net.minecraft.server.network.ServerGamePacketListenerImpl/]: wo8suei moved too quickly! 0.17122902616478086,0.0,-10.278699454224693
[034月2025 21:33:04.165] [Server thread/WARN] [net.minecraft.server.network.ServerGamePacketListenerImpl/]: wo8suei moved too quickly! -5.953765484587393,3.0,-8.670068386225381
[034月2025 21:33:06.229] [Server thread/WARN] [net.minecraft.server.network.ServerGamePacketListenerImpl/]: wo8suei moved too quickly! -1.637595030944766,0.0,-10.123398243895528
[034月2025 21:33:13.171] [Server thread/WARN] [net.minecraft.server.network.ServerGamePacketListenerImpl/]: wo8suei moved too quickly! -9.27218919385183,6.5,-0.23543594348334584
[034月2025 21:34:05.783] [Server thread/INFO] [nettal.secureexplosion.SecureExplosion/]: [SecureExplosion]:Exploder:[EntityKineticBullet['entity.tacz.bullet'/4073, l='ServerLevel[world]', x=9.73, y=66.38, z=23.03]] CanonicalName:[com.tacz.guns.entity.EntityKineticBullet] DirectSourceEntity:[EntityKineticBullet['entity.tacz.bullet'/4073, l='ServerLevel[world]', x=9.73, y=66.38, z=23.03]]
[034月2025 21:34:13.563] [Server thread/INFO] [nettal.secureexplosion.SecureExplosion/]: [SecureExplosion]:Exploder:[EntityKineticBullet['entity.tacz.bullet'/4080, l='ServerLevel[world]', x=-3.97, y=64.69, z=29.71]] CanonicalName:[com.tacz.guns.entity.EntityKineticBullet] DirectSourceEntity:[EntityKineticBullet['entity.tacz.bullet'/4080, l='ServerLevel[world]', x=-3.97, y=64.69, z=29.71]]
[034月2025 21:35:53.237] [Server thread/ERROR] [net.minecraft.stats.ServerRecipeBook/]: Tried to load unrecognized recipe: apotheosis:potion_charm_enchanting removed now.
[034月2025 21:35:53.246] [Server thread/ERROR] [net.minecraft.stats.ServerRecipeBook/]: Tried to load unrecognized recipe: apotheosis:potion_charm_enchanting removed now.
[034月2025 21:35:53.247] [Server thread/INFO] [net.minecraft.server.players.PlayerList/]: zajk[/127.0.0.1:61618] logged in with entity id 4318 at (288.51511024720713, 110.0, 124.05038625153665)
[034月2025 21:35:53.385] [Server thread/INFO] [net.minecraft.server.MinecraftServer/]: zajk joined the game
[034月2025 21:35:53.488] [Server thread/INFO] [Jade/]: Syncing config to zajk (fa6f1944-2475-39d4-a2a2-1a4540d7f452)
[034月2025 21:35:53.782] [Quark Contributor Loading Thread/ERROR] [quark/]: Failed to load patreon information
java.net.UnknownHostException: raw.githubusercontent.com
	at sun.nio.ch.NioSocketImpl.connect(NioSocketImpl.java:567) ~[?:?]
	at java.net.SocksSocketImpl.connect(SocksSocketImpl.java:327) ~[?:?]
	at java.net.Socket.connect(Socket.java:751) ~[?:?]
	at sun.security.ssl.SSLSocketImpl.connect(SSLSocketImpl.java:304) ~[?:?]
	at sun.net.NetworkClient.doConnect(NetworkClient.java:178) ~[?:?]
	at sun.net.www.http.HttpClient.openServer(HttpClient.java:531) ~[?:?]
	at sun.net.www.http.HttpClient.openServer(HttpClient.java:636) ~[?:?]
	at sun.net.www.protocol.https.HttpsClient.<init>(HttpsClient.java:264) ~[?:?]
	at sun.net.www.protocol.https.HttpsClient.New(HttpsClient.java:377) ~[?:?]
	at sun.net.www.protocol.https.AbstractDelegateHttpsURLConnection.getNewHttpClient(AbstractDelegateHttpsURLConnection.java:193) ~[?:?]
	at sun.net.www.protocol.http.HttpURLConnection.plainConnect0(HttpURLConnection.java:1252) ~[?:?]
	at sun.net.www.protocol.http.HttpURLConnection.plainConnect(HttpURLConnection.java:1138) ~[?:?]
	at sun.net.www.protocol.https.AbstractDelegateHttpsURLConnection.connect(AbstractDelegateHttpsURLConnection.java:179) ~[?:?]
	at sun.net.www.protocol.http.HttpURLConnection.getInputStream0(HttpURLConnection.java:1690) ~[?:?]
	at sun.net.www.protocol.http.HttpURLConnection.getInputStream(HttpURLConnection.java:1614) ~[?:?]
	at sun.net.www.protocol.https.HttpsURLConnectionImpl.getInputStream(HttpsURLConnectionImpl.java:223) ~[?:?]
	at org.violetmoon.quark.base.handler.ContributorRewardHandler$ThreadContributorListLoader.run(ContributorRewardHandler.java:111) ~[%5B夸克%5D%20Quark-4.0-460.jar%23162!/:?]
[034月2025 21:35:54.183] [Server thread/INFO] [com.alrex.parcool.ParCool/]: Limitation of fa6f1944-2475-39d4-a2a2-1a4540d7f452 was loaded
[034月2025 21:36:27.343] [Server thread/INFO] [net.minecraft.server.MinecraftServer/]: wo8suei has made the advancement [Never Gonna Run Around and Desert You]
[034月2025 21:37:35.950] [Server thread/INFO] [net.minecraft.server.MinecraftServer/]: zajk was killed
[034月2025 21:37:35.957] [Server thread/INFO] [net.minecraft.server.MinecraftServer/]: [zajk: Killed zajk]
[034月2025 21:39:48.516] [Server thread/INFO] [net.minecraft.server.MinecraftServer/]: wo8suei has made the advancement [With Great Power...]
[034月2025 21:39:48.519] [Server thread/INFO] [net.minecraft.server.MinecraftServer/]: wo8suei has reached the goal [Comes a Great Responsibility!]
[034月2025 21:39:56.821] [Server thread/INFO] [net.minecraft.server.MinecraftServer/]: wo8suei has made the advancement [Gearing Up]
[034月2025 21:40:19.442] [Server thread/WARN] [net.minecraft.server.MinecraftServer/]: Can't keep up! Is the server overloaded? Running 3120ms or 62 ticks behind
[034月2025 21:41:21.329] [Server thread/WARN] [net.minecraft.server.MinecraftServer/]: Can't keep up! Is the server overloaded? Running 2023ms or 40 ticks behind
[034月2025 21:42:12.638] [Server thread/INFO] [net.minecraft.server.network.ServerLoginPacketListenerImpl/]: com.mojang.authlib.GameProfile@5cab287d[id=<null>,name=mrpckannan,properties={},legacy=false] (/127.0.0.1:61867) lost connection: Disconnected
[034月2025 21:42:45.075] [Server thread/INFO] [net.minecraft.server.network.ServerLoginPacketListenerImpl/]: com.mojang.authlib.GameProfile@1c893772[id=<null>,name=mrpckannan,properties={},legacy=false] (/127.0.0.1:61868) lost connection: Disconnected
[034月2025 21:43:27.996] [Server thread/INFO] [net.minecraft.server.network.ServerLoginPacketListenerImpl/]: com.mojang.authlib.GameProfile@3ce52bcd[id=<null>,name=mrpckannan,properties={},legacy=false] (/127.0.0.1:61894) lost connection: Disconnected
[034月2025 21:43:46.668] [Server thread/ERROR] [net.minecraft.stats.ServerRecipeBook/]: Tried to load unrecognized recipe: apotheosis:potion_charm_enchanting removed now.
[034月2025 21:43:46.677] [Server thread/ERROR] [net.minecraft.stats.ServerRecipeBook/]: Tried to load unrecognized recipe: apotheosis:potion_charm_enchanting removed now.
[034月2025 21:43:46.695] [Server thread/INFO] [net.minecraft.server.players.PlayerList/]: mrpckannan[/127.0.0.1:61914] logged in with entity id 6203 at (115.5, 96.0, 63.5)
[034月2025 21:43:46.926] [Server thread/INFO] [net.minecraft.server.MinecraftServer/]: mrpckannan joined the game
[034月2025 21:43:47.320] [Server thread/INFO] [Jade/]: Syncing config to mrpckannan (ad5e6c97-b59c-3ef6-9394-32deb8609c6d)
[034月2025 21:43:47.474] [Server thread/WARN] [net.minecraft.server.MinecraftServer/]: Can't keep up! Is the server overloaded? Running 2229ms or 44 ticks behind
[034月2025 21:43:47.555] [Quark Contributor Loading Thread/ERROR] [quark/]: Failed to load patreon information
java.net.UnknownHostException: raw.githubusercontent.com
	at sun.nio.ch.NioSocketImpl.connect(NioSocketImpl.java:567) ~[?:?]
	at java.net.SocksSocketImpl.connect(SocksSocketImpl.java:327) ~[?:?]
	at java.net.Socket.connect(Socket.java:751) ~[?:?]
	at sun.security.ssl.SSLSocketImpl.connect(SSLSocketImpl.java:304) ~[?:?]
	at sun.net.NetworkClient.doConnect(NetworkClient.java:178) ~[?:?]
	at sun.net.www.http.HttpClient.openServer(HttpClient.java:531) ~[?:?]
	at sun.net.www.http.HttpClient.openServer(HttpClient.java:636) ~[?:?]
	at sun.net.www.protocol.https.HttpsClient.<init>(HttpsClient.java:264) ~[?:?]
	at sun.net.www.protocol.https.HttpsClient.New(HttpsClient.java:377) ~[?:?]
	at sun.net.www.protocol.https.AbstractDelegateHttpsURLConnection.getNewHttpClient(AbstractDelegateHttpsURLConnection.java:193) ~[?:?]
	at sun.net.www.protocol.http.HttpURLConnection.plainConnect0(HttpURLConnection.java:1252) ~[?:?]
	at sun.net.www.protocol.http.HttpURLConnection.plainConnect(HttpURLConnection.java:1138) ~[?:?]
	at sun.net.www.protocol.https.AbstractDelegateHttpsURLConnection.connect(AbstractDelegateHttpsURLConnection.java:179) ~[?:?]
	at sun.net.www.protocol.http.HttpURLConnection.getInputStream0(HttpURLConnection.java:1690) ~[?:?]
	at sun.net.www.protocol.http.HttpURLConnection.getInputStream(HttpURLConnection.java:1614) ~[?:?]
	at sun.net.www.protocol.https.HttpsURLConnectionImpl.getInputStream(HttpsURLConnectionImpl.java:223) ~[?:?]
	at org.violetmoon.quark.base.handler.ContributorRewardHandler$ThreadContributorListLoader.run(ContributorRewardHandler.java:111) ~[%5B夸克%5D%20Quark-4.0-460.jar%23162!/:?]
[034月2025 21:43:52.553] [Server thread/INFO] [com.alrex.parcool.ParCool/]: Limitation of ad5e6c97-b59c-3ef6-9394-32deb8609c6d was loaded
[034月2025 21:44:07.621] [Server thread/WARN] [net.minecraft.server.MinecraftServer/]: Can't keep up! Is the server overloaded? Running 5177ms or 103 ticks behind
[034月2025 21:44:26.400] [Server thread/WARN] [net.minecraft.server.MinecraftServer/]: Can't keep up! Is the server overloaded? Running 3805ms or 76 ticks behind
[034月2025 21:44:47.464] [Server thread/INFO] [net.minecraft.server.MinecraftServer/]: wo8suei has completed the challenge [Bofuri]
[034月2025 21:44:50.498] [Server thread/WARN] [net.minecraft.server.MinecraftServer/]: Can't keep up! Is the server overloaded? Running 9103ms or 182 ticks behind
[034月2025 21:45:07.082] [Server thread/INFO] [net.minecraft.server.MinecraftServer/]: wo8suei has made the advancement [Cosplay!]
[034月2025 21:45:07.083] [Server thread/INFO] [net.minecraft.server.MinecraftServer/]: wo8suei has made the advancement [Voice Acting]
[034月2025 21:45:13.750] [Server thread/INFO] [net.minecraft.server.MinecraftServer/]: [mrpckannan: Teleported mrpckannan to wo8suei]
[034月2025 21:46:23.659] [Server thread/INFO] [net.minecraft.server.MinecraftServer/]: wo8suei has made the advancement [Pack It Up]
[034月2025 21:48:58.313] [Server thread/INFO] [net.minecraft.server.MinecraftServer/]: zajk was killed
[034月2025 21:48:58.323] [Server thread/INFO] [net.minecraft.server.MinecraftServer/]: [zajk: Killed zajk]
[034月2025 21:49:17.769] [Server thread/WARN] [net.minecraft.server.network.ServerGamePacketListenerImpl/]: zajk moved too quickly! -0.11269656487417024,-11.552245561055571,-1.9623177498180606
[034月2025 21:49:32.274] [Server thread/INFO] [net.minecraft.server.MinecraftServer/]: wo8suei has made the advancement [Taste the Rainbow]
[034月2025 21:50:02.100] [Server thread/INFO] [net.minecraft.server.MinecraftServer/]: [mrpckannan: Teleported mrpckannan to zajk]
[034月2025 21:50:21.791] [Server thread/INFO] [net.minecraft.server.MinecraftServer/]: mrpckannan has made the advancement [The Jeweler]
[034月2025 21:51:39.376] [Server thread/INFO] [net.minecraft.server.MinecraftServer/]: [Not Secure] <mrpckannan> boring
[034月2025 21:51:49.028] [Server thread/INFO] [net.minecraft.server.MinecraftServer/]: [Not Secure] <mrpckannan> what are you doing
[034月2025 21:51:55.245] [Server thread/INFO] [net.minecraft.server.MinecraftServer/]: [mrpckannan: Teleported mrpckannan to wo8suei]
[034月2025 21:51:58.132] [Server thread/INFO] [net.minecraft.server.MinecraftServer/]: [Not Secure] <zajk> 强化自己
[034月2025 21:52:14.694] [Server thread/INFO] [net.minecraft.world.entity.LivingEntity/]: Named entity Skeleton['Honeyed Archer'/7797, l='ServerLevel[world]', x=278.43, y=97.11, z=157.97] died: Honeyed Archer was killed by model.touhou_little_maid.hoshiguma_yugi.name using magic
[034月2025 21:53:12.676] [Server thread/INFO] [net.minecraft.server.MinecraftServer/]: mrpckannan has made the advancement [A Seedy Place]
[034月2025 21:53:43.887] [Server thread/INFO] [net.minecraft.server.MinecraftServer/]: zajk has made the advancement [Tojiko is Mad!]
[034月2025 21:53:43.890] [Server thread/INFO] [net.minecraft.server.MinecraftServer/]: zajk has reached the goal [100% Healthy]
[034月2025 21:55:09.128] [Server thread/INFO] [net.minecraft.server.MinecraftServer/]: wo8suei has made the advancement [Job-Change]
[034月2025 21:55:15.782] [Server thread/INFO] [net.minecraft.server.MinecraftServer/]: wo8suei has made the advancement [Keep Track of Time]
[034月2025 21:55:52.416] [Server thread/INFO] [net.minecraft.server.MinecraftServer/]: wo8suei has reached the goal [Little Hunter]
[034月2025 21:57:44.624] [Server thread/INFO] [net.minecraft.server.MinecraftServer/]: wo8suei has made the advancement [Amateur Archaeologist]
[034月2025 21:57:56.725] [Server thread/INFO] [net.minecraft.server.MinecraftServer/]: mrpckannan has made the advancement [Bring Home the Beacon]
[034月2025 21:59:25.389] [Server thread/INFO] [net.minecraft.server.MinecraftServer/]: [mrpckannan: Set own game mode to Survival Mode]
[034月2025 21:59:58.773] [Server thread/INFO] [net.minecraft.server.MinecraftServer/]: [mrpckannan: Set own game mode to Creative Mode]
[034月2025 22:00:24.133] [Server thread/WARN] [net.minecraft.server.network.ServerGamePacketListenerImpl/]: wo8suei moved too quickly! 7.949335070657106,-3.5991856788915584,-5.53582334766153
[034月2025 22:00:30.835] [Server thread/WARN] [net.minecraft.server.network.ServerGamePacketListenerImpl/]: wo8suei moved too quickly! -16.421270590527783,0.0,4.257506474372235
[034月2025 22:00:33.476] [Server thread/INFO] [net.minecraft.server.MinecraftServer/]: zajk has made the advancement [Limit Breaker]
[034月2025 22:00:33.736] [Server thread/WARN] [net.minecraft.server.network.ServerGamePacketListenerImpl/]: wo8suei moved too quickly! -16.838052926635214,-0.15680000305175668,4.367287393929274
[034月2025 22:00:35.589] [Server thread/WARN] [net.minecraft.server.network.ServerGamePacketListenerImpl/]: wo8suei moved too quickly! 7.952036996200206,-0.07840000152587834,13.342036712035608
[034月2025 22:00:55.636] [Server thread/WARN] [net.minecraft.server.network.ServerGamePacketListenerImpl/]: wo8suei moved too quickly! -9.896257407679572,-0.07840000152587834,1.539731012065074
[034月2025 22:01:10.777] [Server thread/INFO] [net.minecraft.server.MinecraftServer/]: [Not Secure] <mrpckannan> 高级无线终端
[034月2025 22:01:27.283] [Server thread/ERROR] [Apotheosis : Adventure/]: Failed to execute LootRule minecraft:netherite_boots/apotheosis:mythic/ABILITY/0.3!
[034月2025 22:01:27.285] [Server thread/ERROR] [Apotheosis : Adventure/]: Failed to execute LootRule minecraft:netherite_boots/apotheosis:mythic/ABILITY/0.3!
[034月2025 22:01:50.931] [Server thread/INFO] [net.minecraft.server.MinecraftServer/]: [Not Secure] <mrpckannan> 给你看个无线终端
[034月2025 22:01:58.726] [Server thread/INFO] [net.minecraft.server.MinecraftServer/]: [Not Secure] <wo8suei> 666
[034月2025 22:02:26.275] [Server thread/INFO] [net.minecraft.server.MinecraftServer/]: wo8suei has made the advancement [Annoying Little Faes]
[034月2025 22:02:30.984] [Server thread/INFO] [net.minecraft.server.MinecraftServer/]: [Not Secure] <mrpckannan> 同维度任何地方可以打开
[034月2025 22:02:38.842] [Server thread/INFO] [net.minecraft.server.MinecraftServer/]: [Not Secure] <wo8suei> 给你看双鞋子
[034月2025 22:03:14.622] [Server thread/INFO] [net.minecraft.server.MinecraftServer/]: [Not Secure] <wo8suei> 你拿这鞋子对着墙走
[034月2025 22:03:47.127] [Server thread/INFO] [net.minecraft.server.MinecraftServer/]: [Not Secure] <mrpckannan> 6
[034月2025 22:03:58.575] [Server thread/INFO] [net.minecraft.server.MinecraftServer/]: [Not Secure] <mrpckannan> 翻山越岭
[034月2025 22:04:12.021] [Server thread/INFO] [net.minecraft.server.MinecraftServer/]: [Not Secure] <wo8suei> 一次踩7.5格子
[034月2025 22:04:39.179] [Server thread/INFO] [net.minecraft.server.MinecraftServer/]: [Not Secure] <mrpckannan> 给你叠满了
[034月2025 22:07:11.685] [Server thread/INFO] [nettal.secureexplosion.SecureExplosion/]: [SecureExplosion]:Exploder:[EntityKineticBullet['entity.tacz.bullet'/13187, l='ServerLevel[world]', x=6.10, y=121.21, z=-74.07]] CanonicalName:[com.tacz.guns.entity.EntityKineticBullet] DirectSourceEntity:[EntityKineticBullet['entity.tacz.bullet'/13187, l='ServerLevel[world]', x=6.10, y=121.21, z=-74.07]]
[034月2025 22:07:51.829] [Server thread/INFO] [net.minecraft.server.MinecraftServer/]: [zajk: Teleported zajk to wo8suei]
[034月2025 22:07:51.864] [Server thread/INFO] [net.minecraft.server.MinecraftServer/]: zajk has made the advancement [You da Bomby]
[034月2025 22:08:16.530] [Server thread/INFO] [net.minecraft.server.MinecraftServer/]: [Not Secure] <wo8suei> 200???
[034月2025 22:08:23.585] [Server thread/INFO] [net.minecraft.server.MinecraftServer/]: [Not Secure] <zajk> 对
[034月2025 22:08:25.730] [Server thread/INFO] [net.minecraft.server.MinecraftServer/]: [Not Secure] <wo8suei> gei wo kanakn
[034月2025 22:08:28.026] [Server thread/INFO] [net.minecraft.server.MinecraftServer/]: [Not Secure] <wo8suei> kankan
[034月2025 22:08:29.743] [Server thread/INFO] [net.minecraft.server.MinecraftServer/]: [Not Secure] <wo8suei> fuzhi
[034月2025 22:08:51.109] [Server thread/WARN] [net.minecraft.server.network.ServerGamePacketListenerImpl/]: mrpckannan moved too quickly! 32.00447936046716,-53.729932015348666,-32.19191498262585
[034月2025 22:08:51.114] [Server thread/WARN] [net.minecraft.server.network.ServerGamePacketListenerImpl/]: mrpckannan moved too quickly! 32.00447936046716,-53.729932015348666,-32.19191498262585
[034月2025 22:08:51.133] [Server thread/WARN] [net.minecraft.server.network.ServerGamePacketListenerImpl/]: mrpckannan moved too quickly! 32.00447936046716,-53.729932015348666,-32.19191498262585
[034月2025 22:08:59.229] [Server thread/INFO] [net.minecraft.server.MinecraftServer/]: mrpckannan was killed
[034月2025 22:08:59.232] [Server thread/INFO] [net.minecraft.server.MinecraftServer/]: [mrpckannan: Killed mrpckannan]
[034月2025 22:09:10.843] [Server thread/INFO] [net.minecraft.server.MinecraftServer/]: [zajk: Teleported zajk to wo8suei]
[034月2025 22:09:35.876] [Server thread/INFO] [net.minecraft.server.MinecraftServer/]: [Not Secure] <zajk> 从此你就基本打不死
[034月2025 22:09:39.172] [Server thread/INFO] [net.minecraft.world.entity.LivingEntity/]: Named entity Skeleton['Honeyed Archer'/14018, l='ServerLevel[world]', x=395.85, y=143.85, z=-102.46] died: Honeyed Archer suffocated in a wall
[034月2025 22:10:02.477] [Server thread/WARN] [net.minecraft.server.network.ServerGamePacketListenerImpl/]: mrpckannan moved too quickly! -407.0,-77.0,63.0
[034月2025 22:10:02.489] [Server thread/WARN] [net.minecraft.server.network.ServerGamePacketListenerImpl/]: mrpckannan moved too quickly! -407.0,-77.0,63.0
[034月2025 22:10:54.713] [Server thread/INFO] [net.minecraft.world.entity.LivingEntity/]: Named entity Skeleton['Overseer Roy'/14472, l='ServerLevel[world]', x=95.85, y=103.00, z=-2.44] died: Overseer Roy was shot by wo8suei
[034月2025 22:10:54.814] [Server thread/INFO] [net.minecraft.world.entity.LivingEntity/]: Named entity Zombie['Pigwolf the Doctor'/14470, l='ServerLevel[world]', x=95.94, y=103.00, z=-1.55] died: Pigwolf the Doctor was killed by wo8suei using magic
[034月2025 22:10:55.012] [Server thread/INFO] [net.minecraft.world.entity.LivingEntity/]: Named entity Zombie['Lillian the Extra-Fishy'/14469, l='ServerLevel[world]', x=95.63, y=103.00, z=-0.12] died: Lillian the Extra-Fishy was killed by wo8suei using magic
[034月2025 22:10:55.115] [Server thread/INFO] [net.minecraft.world.entity.LivingEntity/]: Named entity Skeleton['Orville the Nifty'/14473, l='ServerLevel[world]', x=95.61, y=103.00, z=2.34] died: Orville the Nifty was shot by wo8suei
[034月2025 22:10:56.116] [Server thread/INFO] [net.minecraft.world.entity.LivingEntity/]: Named entity Skeleton['Mashell the Nifty'/14468, l='ServerLevel[world]', x=101.01, y=103.00, z=2.82] died: Mashell the Nifty was killed by wo8suei using magic
[034月2025 22:10:57.914] [Server thread/INFO] [net.minecraft.world.entity.LivingEntity/]: Named entity Witch['Cowjonwolfzap the Cheese Sprayer'/14467, l='ServerLevel[world]', x=96.81, y=103.00, z=3.55] died: Cowjonwolfzap the Cheese Sprayer was killed by wo8suei using magic
[034月2025 22:11:36.814] [Server thread/INFO] [net.minecraft.server.MinecraftServer/]: [zajk: Set own game mode to Survival Mode]
[034月2025 22:12:13.042] [Server thread/INFO] [net.minecraft.server.MinecraftServer/]: [Not Secure] <wo8suei> 给你看双鞋子
[034月2025 22:12:35.337] [Server thread/WARN] [net.minecraft.server.network.ServerGamePacketListenerImpl/]: mrpckannan moved too quickly! -494.0,-53.0,22.0
[034月2025 22:12:47.295] [Server thread/INFO] [net.minecraft.server.MinecraftServer/]: [Not Secure] <zajk> 666
[034月2025 22:12:52.531] [Server thread/WARN] [net.minecraft.server.network.ServerGamePacketListenerImpl/]: mrpckannan moved too quickly! -473.0,-39.0,26.0
[034月2025 22:12:55.866] [Server thread/INFO] [net.minecraft.world.entity.LivingEntity/]: Named entity Stray['Chancellor Tyrael the Pathetic'/14465, l='ServerLevel[world]', x=74.20, y=102.00, z=24.55] died: Chancellor Tyrael the Pathetic was slain by zajk using [Infernal 地狱的地狱的e（派对）（派对） of Partying]
[034月2025 22:13:57.651] [Server thread/WARN] [net.minecraft.server.network.ServerGamePacketListenerImpl/]: zajk moved wrongly!
[034月2025 22:14:11.716] [Server thread/INFO] [net.minecraft.server.MinecraftServer/]: [zajk: Set own game mode to Creative Mode]
[034月2025 22:14:41.852] [Server thread/INFO] [net.minecraft.server.MinecraftServer/]: [wo8suei: Applied effect Inexhaustible to wo8suei]
[034月2025 22:14:47.424] [Server thread/INFO] [net.minecraft.server.MinecraftServer/]: [wo8suei: Set own game mode to Survival Mode]
[034月2025 22:16:00.826] [Server thread/INFO] [net.minecraft.server.MinecraftServer/]: [wo8suei: Set own game mode to Creative Mode]
[034月2025 22:16:11.440] [Server thread/INFO] [net.minecraft.server.MinecraftServer/]: [wo8suei: Set own game mode to Survival Mode]
[034月2025 22:16:48.677] [Server thread/INFO] [net.minecraft.server.MinecraftServer/]: [zajk: Set own game mode to Survival Mode]
[034月2025 22:17:13.863] [Server thread/INFO] [net.minecraft.server.MinecraftServer/]: [zajk: Teleported zajk to wo8suei]
[034月2025 22:17:21.026] [Server thread/INFO] [net.minecraft.server.MinecraftServer/]: [Not Secure] <wo8suei> look at me
[034月2025 22:17:24.443] [Server thread/INFO] [net.minecraft.server.MinecraftServer/]: [zajk: Set own game mode to Creative Mode]
[034月2025 22:17:38.462] [Server thread/INFO] [net.minecraft.server.MinecraftServer/]: wo8suei was slain by zajk using [Vampiric 地狱的地狱的e（派对）（派对） of Evasion]
[034月2025 22:17:48.264] [Server thread/INFO] [net.minecraft.server.MinecraftServer/]: [wo8suei: Set own game mode to Creative Mode]
[034月2025 22:17:55.412] [Server thread/INFO] [net.minecraft.server.MinecraftServer/]: [wo8suei: Set own game mode to Survival Mode]
[034月2025 22:18:28.171] [Server thread/INFO] [net.minecraft.server.MinecraftServer/]: [wo8suei: Applied effect Inexhaustible to wo8suei]
[034月2025 22:18:41.018] [Server thread/INFO] [net.minecraft.server.MinecraftServer/]: [mrpckannan: Successfully filled 343 block(s)]
[034月2025 22:18:41.187] [Server thread/INFO] [nettal.secureexplosion.SecureExplosion/]: [SecureExplosion]:Exploder:[EndCrystal['End Crystal'/17164, l='ServerLevel[world]', x=-2.50, y=61.00, z=1.50, removed=KILLED]] CanonicalName:[net.minecraft.world.entity.boss.enderdragon.EndCrystal] DirectSourceEntity:[EndCrystal['End Crystal'/17164, l='ServerLevel[world]', x=-2.50, y=61.00, z=1.50, removed=KILLED]]
[034月2025 22:18:58.094] [Server thread/INFO] [net.minecraft.server.MinecraftServer/]: [zajk: Set own game mode to Survival Mode]
[034月2025 22:18:58.946] [Server thread/INFO] [nettal.secureexplosion.SecureExplosion/]: [SecureExplosion]:Can not get Exploder,Exploder is null
[034月2025 22:19:00.939] [Server thread/INFO] [nettal.secureexplosion.SecureExplosion/]: [SecureExplosion]:Can not get Exploder,Exploder is null
[034月2025 22:19:02.926] [Server thread/INFO] [nettal.secureexplosion.SecureExplosion/]: [SecureExplosion]:Can not get Exploder,Exploder is null
[034月2025 22:19:04.924] [Server thread/INFO] [nettal.secureexplosion.SecureExplosion/]: [SecureExplosion]:Can not get Exploder,Exploder is null
[034月2025 22:19:06.926] [Server thread/INFO] [nettal.secureexplosion.SecureExplosion/]: [SecureExplosion]:Can not get Exploder,Exploder is null
[034月2025 22:19:08.926] [Server thread/INFO] [nettal.secureexplosion.SecureExplosion/]: [SecureExplosion]:Can not get Exploder,Exploder is null
[034月2025 22:19:10.923] [Server thread/INFO] [nettal.secureexplosion.SecureExplosion/]: [SecureExplosion]:Can not get Exploder,Exploder is null
[034月2025 22:19:12.923] [Server thread/INFO] [nettal.secureexplosion.SecureExplosion/]: [SecureExplosion]:Can not get Exploder,Exploder is null
[034月2025 22:19:14.932] [Server thread/INFO] [nettal.secureexplosion.SecureExplosion/]: [SecureExplosion]:Can not get Exploder,Exploder is null
[034月2025 22:19:16.927] [Server thread/INFO] [nettal.secureexplosion.SecureExplosion/]: [SecureExplosion]:Can not get Exploder,Exploder is null
[034月2025 22:19:22.020] [Server thread/INFO] [nettal.secureexplosion.SecureExplosion/]: [SecureExplosion]:Exploder:[EndCrystal['End Crystal'/17196, l='ServerLevel[world]', x=0.50, y=61.00, z=-2.50]] CanonicalName:[net.minecraft.world.entity.boss.enderdragon.EndCrystal] DirectSourceEntity:[EndCrystal['End Crystal'/17196, l='ServerLevel[world]', x=0.50, y=61.00, z=-2.50]]
[034月2025 22:19:22.030] [Server thread/INFO] [nettal.secureexplosion.SecureExplosion/]: [SecureExplosion]:Exploder:[EndCrystal['End Crystal'/17248, l='ServerLevel[world]', x=3.50, y=61.00, z=0.50, removed=KILLED]] CanonicalName:[net.minecraft.world.entity.boss.enderdragon.EndCrystal] DirectSourceEntity:[EndCrystal['End Crystal'/17248, l='ServerLevel[world]', x=3.50, y=61.00, z=0.50, removed=KILLED]]
[034月2025 22:19:22.037] [Server thread/INFO] [nettal.secureexplosion.SecureExplosion/]: [SecureExplosion]:Exploder:[EndCrystal['End Crystal'/17262, l='ServerLevel[world]', x=0.50, y=61.00, z=3.50, removed=KILLED]] CanonicalName:[net.minecraft.world.entity.boss.enderdragon.EndCrystal] DirectSourceEntity:[EndCrystal['End Crystal'/17262, l='ServerLevel[world]', x=0.50, y=61.00, z=3.50, removed=KILLED]]
[034月2025 22:19:22.043] [Server thread/INFO] [nettal.secureexplosion.SecureExplosion/]: [SecureExplosion]:Exploder:[EndCrystal['End Crystal'/17187, l='ServerLevel[world]', x=-2.50, y=61.00, z=0.50, removed=KILLED]] CanonicalName:[net.minecraft.world.entity.boss.enderdragon.EndCrystal] DirectSourceEntity:[EndCrystal['End Crystal'/17187, l='ServerLevel[world]', x=-2.50, y=61.00, z=0.50, removed=KILLED]]
[034月2025 22:19:59.880] [Server thread/INFO] [net.minecraft.server.MinecraftServer/]: zajk has made the advancement [How'd You Get This?]
[034月2025 22:20:37.228] [Server thread/INFO] [net.minecraft.server.MinecraftServer/]: [mrpckannan: Set own game mode to Spectator Mode]
[034月2025 22:20:47.520] [Server thread/INFO] [net.minecraft.server.MinecraftServer/]: [mrpckannan: Set own game mode to Creative Mode]
[034月2025 22:20:51.377] [Server thread/INFO] [net.minecraft.server.MinecraftServer/]: [mrpckannan: Set own game mode to Spectator Mode]
[034月2025 22:20:53.062] [Server thread/ERROR] [Apotheosis : Adventure/]: Failed to execute LootRule minecraft:diamond_boots/apotheosis:mythic/ABILITY/0.3!
[034月2025 22:21:01.030] [Server thread/INFO] [net.minecraft.server.MinecraftServer/]: [mrpckannan: Set own game mode to Creative Mode]
[034月2025 22:21:21.294] [Server thread/INFO] [net.minecraft.server.MinecraftServer/]: [wo8suei: Set own game mode to Creative Mode]
[034月2025 22:21:26.469] [Server thread/INFO] [net.minecraft.server.MinecraftServer/]: [wo8suei: Set own game mode to Survival Mode]
[034月2025 22:22:28.528] [Server thread/INFO] [nettal.secureexplosion.SecureExplosion/]: [SecureExplosion]:Exploder:[EndCrystal['End Crystal'/17348, l='ServerLevel[world]', x=-33.50, y=86.00, z=-24.50, removed=KILLED]] CanonicalName:[net.minecraft.world.entity.boss.enderdragon.EndCrystal] DirectSourceEntity:[EndCrystal['End Crystal'/17348, l='ServerLevel[world]', x=-33.50, y=86.00, z=-24.50, removed=KILLED]]
[034月2025 22:22:30.826] [Server thread/INFO] [nettal.secureexplosion.SecureExplosion/]: [SecureExplosion]:Exploder:[EndCrystal['End Crystal'/17376, l='ServerLevel[world]', x=-12.50, y=77.00, z=-39.50, removed=KILLED]] CanonicalName:[net.minecraft.world.entity.boss.enderdragon.EndCrystal] DirectSourceEntity:[EndCrystal['End Crystal'/17376, l='ServerLevel[world]', x=-12.50, y=77.00, z=-39.50, removed=KILLED]]
[034月2025 22:22:32.972] [Server thread/INFO] [nettal.secureexplosion.SecureExplosion/]: [SecureExplosion]:Exploder:[EndCrystal['End Crystal'/17385, l='ServerLevel[world]', x=12.50, y=83.00, z=-39.50, removed=KILLED]] CanonicalName:[net.minecraft.world.entity.boss.enderdragon.EndCrystal] DirectSourceEntity:[EndCrystal['End Crystal'/17385, l='ServerLevel[world]', x=12.50, y=83.00, z=-39.50, removed=KILLED]]
[034月2025 22:23:11.787] [Server thread/INFO] [net.minecraft.server.MinecraftServer/]: [mrpckannan: Teleported mrpckannan to wo8suei]
[034月2025 22:23:11.788] [Server thread/WARN] [net.minecraft.server.network.ServerGamePacketListenerImpl/]: mrpckannan moved too quickly! -8.696333838896166,-6.793434512064167,-12.454335098073564
[034月2025 22:23:20.773] [Server thread/INFO] [nettal.secureexplosion.SecureExplosion/]: [SecureExplosion]:Exploder:[EndCrystal['End Crystal'/17286, l='ServerLevel[world]', x=42.50, y=80.00, z=0.50, removed=KILLED]] CanonicalName:[net.minecraft.world.entity.boss.enderdragon.EndCrystal] DirectSourceEntity:[EndCrystal['End Crystal'/17286, l='ServerLevel[world]', x=42.50, y=80.00, z=0.50, removed=KILLED]]
[034月2025 22:23:29.489] [Server thread/INFO] [net.minecraft.server.MinecraftServer/]: [Not Secure] <mrpckannan> 给你看无线终端
[034月2025 22:23:32.019] [Server thread/INFO] [nettal.secureexplosion.SecureExplosion/]: [SecureExplosion]:Exploder:[EndCrystal['End Crystal'/17299, l='ServerLevel[world]', x=12.50, y=89.00, z=39.50, removed=KILLED]] CanonicalName:[net.minecraft.world.entity.boss.enderdragon.EndCrystal] DirectSourceEntity:[EndCrystal['End Crystal'/17299, l='ServerLevel[world]', x=12.50, y=89.00, z=39.50, removed=KILLED]]
[034月2025 22:23:51.680] [Server thread/INFO] [net.minecraft.server.MinecraftServer/]: [Not Secure] <mrpckannan> 超大存储
[034月2025 22:23:54.067] [Server thread/INFO] [net.minecraft.server.MinecraftServer/]: zajk has made the advancement [Free the End]
[034月2025 22:24:32.336] [Server thread/INFO] [net.minecraft.server.MinecraftServer/]: [zajk: Teleported zajk to wo8suei]
[034月2025 22:25:03.174] [Server thread/INFO] [net.minecraft.server.MinecraftServer/]: [zajk: Set own game mode to Creative Mode]
[034月2025 22:25:20.016] [Server thread/INFO] [net.minecraft.server.MinecraftServer/]: [wo8suei: Set own game mode to Creative Mode]
[034月2025 22:25:31.273] [Server thread/INFO] [net.minecraft.server.MinecraftServer/]: [wo8suei: Set own game mode to Survival Mode]
[034月2025 22:26:22.070] [Server thread/INFO] [nettal.secureexplosion.SecureExplosion/]: [SecureExplosion]:Exploder:[EntityKineticBullet['entity.tacz.bullet'/20608, l='ServerLevel[world]', x=68.39, y=116.01, z=-61.26]] CanonicalName:[com.tacz.guns.entity.EntityKineticBullet] DirectSourceEntity:[EntityKineticBullet['entity.tacz.bullet'/20608, l='ServerLevel[world]', x=68.39, y=116.01, z=-61.26]]
[034月2025 22:26:27.217] [Server thread/INFO] [nettal.secureexplosion.SecureExplosion/]: [SecureExplosion]:Exploder:[EntityKineticBullet['entity.tacz.bullet'/20656, l='ServerLevel[world]', x=84.77, y=105.20, z=11.95]] CanonicalName:[com.tacz.guns.entity.EntityKineticBullet] DirectSourceEntity:[EntityKineticBullet['entity.tacz.bullet'/20656, l='ServerLevel[world]', x=84.77, y=105.20, z=11.95]]
[034月2025 22:26:37.065] [Server thread/INFO] [nettal.secureexplosion.SecureExplosion/]: [SecureExplosion]:Exploder:[EntityKineticBullet['entity.tacz.bullet'/20670, l='ServerLevel[world]', x=129.54, y=100.40, z=112.07]] CanonicalName:[com.tacz.guns.entity.EntityKineticBullet] DirectSourceEntity:[EntityKineticBullet['entity.tacz.bullet'/20670, l='ServerLevel[world]', x=129.54, y=100.40, z=112.07]]
[034月2025 22:26:43.665] [Server thread/INFO] [nettal.secureexplosion.SecureExplosion/]: [SecureExplosion]:Exploder:[EntityKineticBullet['entity.tacz.bullet'/20752, l='ServerLevel[world]', x=81.49, y=103.97, z=3.32]] CanonicalName:[com.tacz.guns.entity.EntityKineticBullet] DirectSourceEntity:[EntityKineticBullet['entity.tacz.bullet'/20752, l='ServerLevel[world]', x=81.49, y=103.97, z=3.32]]
[034月2025 22:28:58.824] [Server thread/INFO] [net.minecraft.server.MinecraftServer/]: [mrpckannan: Teleported mrpckannan to zajk]
[034月2025 22:29:48.076] [Server thread/INFO] [net.minecraft.server.MinecraftServer/]: [Not Secure] <zajk> ?
[034月2025 22:29:52.889] [Server thread/INFO] [net.minecraft.server.MinecraftServer/]: [Not Secure] <mrpckannan> 把无线终端挂在腰带上
[034月2025 22:30:09.673] [Server thread/INFO] [net.minecraft.server.MinecraftServer/]: [Not Secure] <mrpckannan> 可以随时随地访问家里的仓库
[034月2025 22:30:23.476] [Server thread/INFO] [net.minecraft.server.MinecraftServer/]: [Not Secure] <zajk> o
[034月2025 22:30:43.620] [Server thread/INFO] [net.minecraft.server.MinecraftServer/]: [Not Secure] <wo8suei> 有访问范围
[034月2025 22:31:04.071] [Server thread/INFO] [net.minecraft.server.MinecraftServer/]: [Not Secure] <mrpckannan> 现在没有了
[034月2025 22:31:17.268] [Server thread/INFO] [net.minecraft.server.MinecraftServer/]: [Not Secure] <mrpckannan> 你可以去末地试试
[034月2025 22:31:34.008] [Server thread/INFO] [net.minecraft.server.MinecraftServer/]: [mrpckannan: Teleported mrpckannan to wo8suei]
[034月2025 22:31:56.788] [Server thread/INFO] [net.minecraft.server.MinecraftServer/]: [Not Secure] <wo8suei> no
[034月2025 22:32:01.880] [Server thread/INFO] [net.minecraft.server.MinecraftServer/]: [Not Secure] <wo8suei> cant
[034月2025 22:32:16.631] [Server thread/INFO] [net.minecraft.server.MinecraftServer/]: [Not Secure] <mrpckannan> 把旧的无线终端扔掉
[034月2025 22:32:41.944] [Server thread/INFO] [net.minecraft.server.MinecraftServer/]: [Not Secure] <wo8suei> wow
[034月2025 22:33:01.276] [Server thread/INFO] [net.minecraft.server.MinecraftServer/]: zajk has made the advancement [Amateur Archaeologist]
[034月2025 22:34:17.751] [Server thread/WARN] [net.minecraft.server.network.ServerGamePacketListenerImpl/]: wo8suei moved too quickly! 8.281302361098597,-0.7526678644199478,-16.551586316612656
[034月2025 22:34:36.796] [Server thread/INFO] [nettal.secureexplosion.SecureExplosion/]: [SecureExplosion]:Exploder:[EntityKineticBullet['entity.tacz.bullet'/28656, l='ServerLevel[world]', x=1783.61, y=65.11, z=-831.57]] CanonicalName:[com.tacz.guns.entity.EntityKineticBullet] DirectSourceEntity:[EntityKineticBullet['entity.tacz.bullet'/28656, l='ServerLevel[world]', x=1783.61, y=65.11, z=-831.57]]
[034月2025 22:34:58.374] [Server thread/INFO] [nettal.secureexplosion.SecureExplosion/]: [SecureExplosion]:Exploder:[EntityKineticBullet['entity.tacz.bullet'/29170, l='ServerLevel[world]', x=1850.67, y=72.27, z=-985.36]] CanonicalName:[com.tacz.guns.entity.EntityKineticBullet] DirectSourceEntity:[EntityKineticBullet['entity.tacz.bullet'/29170, l='ServerLevel[world]', x=1850.67, y=72.27, z=-985.36]]
[034月2025 22:36:04.179] [Server thread/INFO] [net.minecraft.server.MinecraftServer/]: [wo8suei: Teleported wo8suei to zajk]
[034月2025 22:36:10.094] [Server thread/INFO] [net.minecraft.server.MinecraftServer/]: [mrpckannan: Teleported mrpckannan to zajk]
[034月2025 22:36:10.097] [Server thread/WARN] [net.minecraft.server.network.ServerGamePacketListenerImpl/]: mrpckannan moved too quickly! 6.478180041972223,-4.0,25.24090755690792
[034月2025 22:36:42.828] [Server thread/WARN] [net.minecraft.server.network.ServerGamePacketListenerImpl/]: wo8suei moved too quickly! 5.7170879404978905,5.090797801851949,16.892343897305892
[034月2025 22:37:52.526] [Server thread/INFO] [net.minecraft.server.MinecraftServer/]: [Not Secure] <wo8suei> xia le
[034月2025 22:37:53.716] [Server thread/INFO] [net.minecraft.server.network.ServerGamePacketListenerImpl/]: wo8suei lost connection: Disconnected
[034月2025 22:37:53.717] [Server thread/INFO] [net.minecraft.server.MinecraftServer/]: wo8suei left the game
[034月2025 22:37:53.718] [Server thread/INFO] [com.alrex.parcool.ParCool/]: Limitation of d7e9d751-3c59-38e5-a52f-93b4ded50606 was unloaded
[034月2025 22:38:30.087] [Server thread/INFO] [net.minecraft.server.MinecraftServer/]: [Not Secure] <zajk> 我也要润了
[034月2025 22:38:36.969] [Server thread/INFO] [net.minecraft.server.MinecraftServer/]: [Not Secure] <mrpckannan> byebye
[034月2025 22:38:40.452] [Server thread/INFO] [net.minecraft.server.network.ServerGamePacketListenerImpl/]: mrpckannan lost connection: Disconnected
[034月2025 22:38:40.456] [Server thread/INFO] [net.minecraft.server.MinecraftServer/]: mrpckannan left the game
[034月2025 22:38:40.458] [Server thread/INFO] [com.alrex.parcool.ParCool/]: Limitation of ad5e6c97-b59c-3ef6-9394-32deb8609c6d was unloaded
[034月2025 22:38:43.636] [Server thread/INFO] [net.minecraft.server.network.ServerGamePacketListenerImpl/]: zajk lost connection: Disconnected
[034月2025 22:38:43.637] [Server thread/INFO] [net.minecraft.server.MinecraftServer/]: zajk left the game
[034月2025 22:38:43.638] [Server thread/INFO] [com.alrex.parcool.ParCool/]: Limitation of fa6f1944-2475-39d4-a2a2-1a4540d7f452 was unloaded
[034月2025 22:38:56.902] [Server thread/INFO] [net.minecraft.server.MinecraftServer/]: Stopping the server
[034月2025 22:38:56.947] [Server thread/INFO] [net.minecraft.server.MinecraftServer/]: Stopping server
[034月2025 22:38:56.949] [Server thread/INFO] [net.minecraft.server.MinecraftServer/]: Saving players
[034月2025 22:38:56.950] [Server thread/INFO] [net.minecraft.server.MinecraftServer/]: Saving worlds
[034月2025 22:38:57.083] [Server thread/INFO] [net.minecraft.server.MinecraftServer/]: Saving chunks for level 'ServerLevel[world]'/minecraft:overworld
[034月2025 22:38:57.338] [Server thread/INFO] [net.minecraft.server.MinecraftServer/]: Saving chunks for level 'ServerLevel[world]'/minecraft:the_nether
[034月2025 22:38:57.343] [Server thread/INFO] [net.minecraft.server.MinecraftServer/]: Saving chunks for level 'ServerLevel[world]'/minecraft:the_end
[034月2025 22:38:57.442] [Server thread/INFO] [net.minecraft.server.MinecraftServer/]: ThreadedAnvilChunkStorage (world): All chunks are saved
[034月2025 22:38:57.443] [Server thread/INFO] [net.minecraft.server.MinecraftServer/]: ThreadedAnvilChunkStorage (DIM-1): All chunks are saved
[034月2025 22:38:57.444] [Server thread/INFO] [net.minecraft.server.MinecraftServer/]: ThreadedAnvilChunkStorage (DIM1): All chunks are saved
[034月2025 22:38:57.445] [Server thread/INFO] [net.minecraft.server.MinecraftServer/]: ThreadedAnvilChunkStorage: All dimensions are saved
[034月2025 22:38:57.975] [Server thread/INFO] [journeymap/]: Loading JourneyMap Forge Configs
